Filename,Arousal,Valence,Dominance
03-01-01-01-01-01-01.wav,0.3171,0.3988,0.4062
03-01-01-01-01-01-02.wav,0.4083,0.4673,0.4778
03-01-01-01-01-01-03.wav,0.4091,0.4424,0.4921
03-01-01-01-01-01-04.wav,0.3778,0.4385,0.4351
03-01-01-01-01-01-05.wav,0.2823,0.4112,0.4070
03-01-01-01-01-01-06.wav,0.3956,0.4133,0.4588
03-01-01-01-01-01-07.wav,0.2897,0.3295,0.3877
03-01-01-01-01-01-08.wav,0.3205,0.4235,0.4224
03-01-01-01-01-01-09.wav,0.2346,0.3792,0.3516
03-01-01-01-01-01-10.wav,0.3445,0.3897,0.4421
03-01-01-01-01-01-11.wav,0.2364,0.3563,0.3755
03-01-01-01-01-01-12.wav,0.3072,0.4043,0.3982
03-01-01-01-01-01-13.wav,0.3982,0.4743,0.4635
03-01-01-01-01-01-14.wav,0.3884,0.4536,0.4730
03-01-01-01-01-01-15.wav,0.2972,0.3956,0.4017
03-01-01-01-01-01-16.wav,0.3591,0.3950,0.4585
03-01-01-01-01-01-17.wav,0.1985,0.3577,0.3277
03-01-01-01-01-01-18.wav,0.2825,0.3568,0.3661
03-01-01-01-01-01-19.wav,0.2242,0.3395,0.3329
03-01-01-01-01-01-20.wav,0.3986,0.4545,0.4604
03-01-01-01-01-01-21.wav,0.2775,0.4404,0.4096
03-01-01-01-01-01-22.wav,0.2916,0.3835,0.3919
03-01-01-01-01-01-23.wav,0.3246,0.4373,0.4244
03-01-01-01-01-01-24.wav,0.2870,0.3456,0.3598
03-01-01-01-01-02-01.wav,0.2901,0.3631,0.3904
03-01-01-01-01-02-02.wav,0.4168,0.5066,0.4800
03-01-01-01-01-02-03.wav,0.3697,0.4454,0.4492
03-01-01-01-01-02-04.wav,0.3808,0.4522,0.4423
03-01-01-01-01-02-05.wav,0.2882,0.3901,0.4257
03-01-01-01-01-02-06.wav,0.3822,0.4327,0.4552
03-01-01-01-01-02-07.wav,0.2741,0.3324,0.3803
03-01-01-01-01-02-08.wav,0.3205,0.4471,0.4325
03-01-01-01-01-02-09.wav,0.2124,0.3684,0.3384
03-01-01-01-01-02-10.wav,0.2780,0.3167,0.3911
03-01-01-01-01-02-11.wav,0.2628,0.3602,0.3927
03-01-01-01-01-02-12.wav,0.2919,0.3936,0.3761
03-01-01-01-01-02-13.wav,0.3587,0.4343,0.4392
03-01-01-01-01-02-14.wav,0.3482,0.3982,0.4279
03-01-01-01-01-02-15.wav,0.2819,0.3940,0.3830
03-01-01-01-01-02-16.wav,0.3696,0.3684,0.4673
03-01-01-01-01-02-17.wav,0.2377,0.3501,0.3584
03-01-01-01-01-02-18.wav,0.3145,0.3627,0.3890
03-01-01-01-01-02-19.wav,0.2092,0.3507,0.3177
03-01-01-01-01-02-20.wav,0.4765,0.5003,0.5323
03-01-01-01-01-02-21.wav,0.2615,0.4445,0.4057
03-01-01-01-01-02-22.wav,0.3446,0.4281,0.4337
03-01-01-01-01-02-23.wav,0.3467,0.4368,0.4258
03-01-01-01-01-02-24.wav,0.3291,0.3507,0.3959
03-01-01-01-02-01-01.wav,0.3057,0.4073,0.3953
03-01-01-01-02-01-02.wav,0.4079,0.4467,0.4906
03-01-01-01-02-01-03.wav,0.3838,0.4184,0.4713
03-01-01-01-02-01-04.wav,0.4330,0.4541,0.4848
03-01-01-01-02-01-05.wav,0.3132,0.3832,0.4393
03-01-01-01-02-01-06.wav,0.3797,0.4415,0.4533
03-01-01-01-02-01-07.wav,0.3062,0.3534,0.4062
03-01-01-01-02-01-08.wav,0.3318,0.4587,0.4276
03-01-01-01-02-01-09.wav,0.2295,0.3831,0.3568
03-01-01-01-02-01-10.wav,0.2978,0.3548,0.3871
03-01-01-01-02-01-11.wav,0.2810,0.4061,0.4017
03-01-01-01-02-01-12.wav,0.3523,0.4538,0.4455
03-01-01-01-02-01-13.wav,0.3820,0.4540,0.4453
03-01-01-01-02-01-14.wav,0.3934,0.4197,0.4622
03-01-01-01-02-01-15.wav,0.3346,0.4390,0.4328
03-01-01-01-02-01-16.wav,0.4162,0.4351,0.4984
03-01-01-01-02-01-17.wav,0.2340,0.3741,0.3580
03-01-01-01-02-01-18.wav,0.3204,0.3638,0.4102
03-01-01-01-02-01-19.wav,0.2174,0.3577,0.3233
03-01-01-01-02-01-20.wav,0.4103,0.3989,0.4793
03-01-01-01-02-01-21.wav,0.2891,0.4433,0.4192
03-01-01-01-02-01-22.wav,0.3226,0.4270,0.4248
03-01-01-01-02-01-23.wav,0.3744,0.4591,0.4495
03-01-01-01-02-01-24.wav,0.3385,0.4049,0.3945
03-01-01-01-02-02-01.wav,0.2807,0.3652,0.3704
03-01-01-01-02-02-02.wav,0.4076,0.4728,0.4894
03-01-01-01-02-02-03.wav,0.3078,0.3528,0.4093
03-01-01-01-02-02-04.wav,0.4125,0.4514,0.4684
03-01-01-01-02-02-05.wav,0.2712,0.3839,0.4049
03-01-01-01-02-02-06.wav,0.3870,0.4515,0.4577
03-01-01-01-02-02-07.wav,0.2344,0.3043,0.3601
03-01-01-01-02-02-08.wav,0.3470,0.4605,0.4547
03-01-01-01-02-02-09.wav,0.2061,0.3600,0.3347
03-01-01-01-02-02-10.wav,0.2742,0.3606,0.3906
03-01-01-01-02-02-11.wav,0.2595,0.3918,0.3871
03-01-01-01-02-02-12.wav,0.3200,0.4028,0.4130
03-01-01-01-02-02-13.wav,0.4290,0.4760,0.4822
03-01-01-01-02-02-14.wav,0.4213,0.4318,0.4923
03-01-01-01-02-02-15.wav,0.3182,0.4168,0.4180
03-01-01-01-02-02-16.wav,0.4062,0.4439,0.4764
03-01-01-01-02-02-17.wav,0.2281,0.3658,0.3598
03-01-01-01-02-02-18.wav,0.3394,0.3760,0.4062
03-01-01-01-02-02-19.wav,0.2436,0.3613,0.3392
03-01-01-01-02-02-20.wav,0.4035,0.4174,0.4775
03-01-01-01-02-02-21.wav,0.2780,0.4484,0.4109
03-01-01-01-02-02-22.wav,0.2570,0.3708,0.3609
03-01-01-01-02-02-23.wav,0.3745,0.4788,0.4459
03-01-01-01-02-02-24.wav,0.2900,0.3686,0.3563
03-01-02-01-01-01-01.wav,0.2601,0.3169,0.3777
03-01-02-01-01-01-02.wav,0.3313,0.4618,0.4057
03-01-02-01-01-01-03.wav,0.2748,0.3368,0.3851
03-01-02-01-01-01-04.wav,0.2919,0.3391,0.3623
03-01-02-01-01-01-05.wav,0.2119,0.3193,0.3615
03-01-02-01-01-01-06.wav,0.1980,0.2431,0.3020
03-01-02-01-01-01-07.wav,0.2858,0.3835,0.3820
03-01-02-01-01-01-08.wav,0.2392,0.3624,0.3613
03-01-02-01-01-01-09.wav,0.1721,0.3288,0.2985
03-01-02-01-01-01-10.wav,0.2868,0.3049,0.3972
03-01-02-01-01-01-11.wav,0.1940,0.3304,0.3395
03-01-02-01-01-01-12.wav,0.2974,0.3683,0.3892
03-01-02-01-01-01-13.wav,0.2521,0.3584,0.3516
03-01-02-01-01-01-14.wav,0.3499,0.4647,0.4238
03-01-02-01-01-01-15.wav,0.2016,0.3271,0.3245
03-01-02-01-01-01-16.wav,0.3629,0.3865,0.4516
03-01-02-01-01-01-17.wav,0.2227,0.3692,0.3390
03-01-02-01-01-01-18.wav,0.3104,0.3869,0.3878
03-01-02-01-01-01-19.wav,0.1811,0.3476,0.2955
03-01-02-01-01-01-20.wav,0.2995,0.3399,0.3648
03-01-02-01-01-01-21.wav,0.1756,0.3662,0.3336
03-01-02-01-01-01-22.wav,0.2640,0.3847,0.3729
03-01-02-01-01-01-23.wav,0.2885,0.4651,0.4039
03-01-02-01-01-01-24.wav,0.2543,0.3740,0.3290
03-01-02-01-01-02-01.wav,ERROR,ERROR,ERROR
03-01-02-01-01-02-02.wav,0.3144,0.4288,0.3929
03-01-02-01-01-02-03.wav,0.2623,0.3145,0.3791
03-01-02-01-01-02-04.wav,0.3197,0.3630,0.3740
03-01-02-01-01-02-05.wav,0.1699,0.3114,0.3276
03-01-02-01-01-02-06.wav,0.2040,0.2662,0.3050
03-01-02-01-01-02-07.wav,0.2685,0.3216,0.3955
03-01-02-01-01-02-08.wav,0.2559,0.3709,0.3638
03-01-02-01-01-02-09.wav,0.1544,0.3142,0.2802
03-01-02-01-01-02-10.wav,0.3118,0.3374,0.4318
03-01-02-01-01-02-11.wav,0.1891,0.3302,0.3520
03-01-02-01-01-02-12.wav,0.2349,0.3576,0.3427
03-01-02-01-01-02-13.wav,0.2931,0.3890,0.3798
03-01-02-01-01-02-14.wav,0.3194,0.3939,0.3942
03-01-02-01-01-02-15.wav,0.2104,0.3380,0.3252
03-01-02-01-01-02-16.wav,0.3303,0.3424,0.4252
03-01-02-01-01-02-17.wav,0.2459,0.3735,0.3699
03-01-02-01-01-02-18.wav,0.2757,0.3954,0.3555
03-01-02-01-01-02-19.wav,0.1768,0.3184,0.2933
03-01-02-01-01-02-20.wav,0.2894,0.3859,0.3419
03-01-02-01-01-02-21.wav,0.2071,0.3901,0.3500
03-01-02-01-01-02-22.wav,0.2947,0.4317,0.3935
03-01-02-01-01-02-23.wav,0.2715,0.4590,0.3896
03-01-02-01-01-02-24.wav,0.2844,0.3823,0.3526
03-01-02-01-02-01-01.wav,0.2275,0.3581,0.3494
03-01-02-01-02-01-02.wav,0.3135,0.4018,0.3941
03-01-02-01-02-01-03.wav,0.2310,0.2801,0.3383
03-01-02-01-02-01-04.wav,0.3132,0.2952,0.3762
03-01-02-01-02-01-05.wav,0.1966,0.3247,0.3421
03-01-02-01-02-01-06.wav,0.2150,0.2740,0.3187
03-01-02-01-02-01-07.wav,0.2912,0.4019,0.3848
03-01-02-01-02-01-08.wav,0.2599,0.3821,0.3715
03-01-02-01-02-01-09.wav,0.1484,0.2636,0.2645
03-01-02-01-02-01-10.wav,0.2431,0.2923,0.3508
03-01-02-01-02-01-11.wav,0.2221,0.3749,0.3703
03-01-02-01-02-01-12.wav,0.3057,0.3899,0.4061
03-01-02-01-02-01-13.wav,0.2928,0.4064,0.3757
03-01-02-01-02-01-14.wav,0.3208,0.3921,0.3993
03-01-02-01-02-01-15.wav,0.1885,0.2981,0.3115
03-01-02-01-02-01-16.wav,0.3405,0.3733,0.4314
03-01-02-01-02-01-17.wav,0.2077,0.3632,0.3549
03-01-02-01-02-01-18.wav,0.3337,0.3899,0.4207
03-01-02-01-02-01-19.wav,0.1749,0.3428,0.2888
03-01-02-01-02-01-20.wav,0.2864,0.3755,0.3473
03-01-02-01-02-01-21.wav,0.2077,0.4017,0.3658
03-01-02-01-02-01-22.wav,0.2910,0.4025,0.3860
03-01-02-01-02-01-23.wav,0.3192,0.4863,0.4097
03-01-02-01-02-01-24.wav,0.1800,0.2703,0.2689
03-01-02-01-02-02-01.wav,0.2360,0.3522,0.3538
03-01-02-01-02-02-02.wav,0.3254,0.4224,0.4068
03-01-02-01-02-02-03.wav,0.3129,0.3208,0.3831
03-01-02-01-02-02-04.wav,0.2828,0.3020,0.3408
03-01-02-01-02-02-05.wav,ERROR,ERROR,ERROR
03-01-02-01-02-02-06.wav,0.2333,0.3091,0.3497
03-01-02-01-02-02-07.wav,0.3143,0.3809,0.3996
03-01-02-01-02-02-08.wav,0.2425,0.3813,0.3565
03-01-02-01-02-02-09.wav,0.1248,0.2871,0.2707
03-01-02-01-02-02-10.wav,0.2601,0.2990,0.3548
03-01-02-01-02-02-11.wav,0.1543,0.2962,0.3041
03-01-02-01-02-02-12.wav,0.2878,0.3851,0.3794
03-01-02-01-02-02-13.wav,0.2972,0.4201,0.3789
03-01-02-01-02-02-14.wav,0.3180,0.3760,0.3968
03-01-02-01-02-02-15.wav,0.2478,0.3404,0.3760
03-01-02-01-02-02-16.wav,0.3593,0.3844,0.4469
03-01-02-01-02-02-17.wav,0.2150,0.3708,0.3549
03-01-02-01-02-02-18.wav,0.3736,0.4221,0.4551
03-01-02-01-02-02-19.wav,0.1653,0.3096,0.2775
03-01-02-01-02-02-20.wav,0.2846,0.3425,0.3600
03-01-02-01-02-02-21.wav,0.1958,0.4009,0.3460
03-01-02-01-02-02-22.wav,0.2460,0.3686,0.3569
03-01-02-01-02-02-23.wav,0.3064,0.4867,0.4074
03-01-02-01-02-02-24.wav,0.2308,0.3043,0.3090
03-01-02-02-01-01-01.wav,0.1780,0.2937,0.3072
03-01-02-02-01-01-02.wav,0.2931,0.4276,0.3830
03-01-02-02-01-01-03.wav,0.2120,0.2186,0.3368
03-01-02-02-01-01-04.wav,0.2352,0.2630,0.3013
03-01-02-02-01-01-05.wav,0.2223,0.2933,0.3628
03-01-02-02-01-01-06.wav,0.1939,0.2759,0.3096
03-01-02-02-01-01-07.wav,0.2155,0.2711,0.3379
03-01-02-02-01-01-08.wav,0.2064,0.3163,0.3338
03-01-02-02-01-01-09.wav,0.1228,0.2982,0.2536
03-01-02-02-01-01-10.wav,0.2618,0.2857,0.3575
03-01-02-02-01-01-11.wav,0.1475,0.2698,0.2861
03-01-02-02-01-01-12.wav,0.2880,0.3467,0.3816
03-01-02-02-01-01-13.wav,0.2574,0.3833,0.3544
03-01-02-02-01-01-14.wav,0.2699,0.3436,0.3731
03-01-02-02-01-01-15.wav,0.2122,0.3225,0.3292
03-01-02-02-01-01-16.wav,0.3877,0.4069,0.4693
03-01-02-02-01-01-17.wav,0.1655,0.3090,0.3169
03-01-02-02-01-01-18.wav,0.2633,0.3965,0.3477
03-01-02-02-01-01-19.wav,0.1816,0.2857,0.2717
03-01-02-02-01-01-20.wav,0.2933,0.3687,0.3578
03-01-02-02-01-01-21.wav,0.1747,0.3796,0.3299
03-01-02-02-01-01-22.wav,0.2911,0.3239,0.3966
03-01-02-02-01-01-23.wav,0.2270,0.3697,0.3654
03-01-02-02-01-01-24.wav,0.2787,0.3047,0.3792
03-01-02-02-01-02-01.wav,0.1929,0.3120,0.3084
03-01-02-02-01-02-02.wav,0.2960,0.3946,0.3873
03-01-02-02-01-02-03.wav,0.2555,0.2826,0.3496
03-01-02-02-01-02-04.wav,0.1959,0.2473,0.2850
03-01-02-02-01-02-05.wav,0.1515,0.3159,0.3030
03-01-02-02-01-02-06.wav,0.1943,0.2684,0.3182
03-01-02-02-01-02-07.wav,0.2429,0.3127,0.3661
03-01-02-02-01-02-08.wav,0.2412,0.3202,0.3648
03-01-02-02-01-02-09.wav,0.0977,0.2631,0.2241
03-01-02-02-01-02-10.wav,0.2276,0.2901,0.3188
03-01-02-02-01-02-11.wav,0.1436,0.2658,0.2780
03-01-02-02-01-02-12.wav,0.2463,0.3573,0.3561
03-01-02-02-01-02-13.wav,0.3139,0.4308,0.3970
03-01-02-02-01-02-14.wav,0.2598,0.3471,0.3340
03-01-02-02-01-02-15.wav,0.2189,0.3449,0.3498
03-01-02-02-01-02-16.wav,0.3718,0.3038,0.4574
03-01-02-02-01-02-17.wav,0.1752,0.3218,0.3130
03-01-02-02-01-02-18.wav,0.2527,0.4003,0.3445
03-01-02-02-01-02-19.wav,0.1592,0.2659,0.2800
03-01-02-02-01-02-20.wav,0.2008,0.2979,0.2977
03-01-02-02-01-02-21.wav,0.1603,0.3280,0.3083
03-01-02-02-01-02-22.wav,0.2868,0.3393,0.3929
03-01-02-02-01-02-23.wav,0.2064,0.3646,0.3374
03-01-02-02-01-02-24.wav,0.2696,0.3729,0.3514
03-01-02-02-02-01-01.wav,0.2012,0.3084,0.3089
03-01-02-02-02-01-02.wav,0.2710,0.3761,0.3638
03-01-02-02-02-01-03.wav,0.2769,0.2471,0.3692
03-01-02-02-02-01-04.wav,0.2744,0.2846,0.3405
03-01-02-02-02-01-05.wav,0.1447,0.2700,0.2930
03-01-02-02-02-01-06.wav,0.2222,0.3170,0.3415
03-01-02-02-02-01-07.wav,0.2386,0.3145,0.3787
03-01-02-02-02-01-08.wav,0.2193,0.3342,0.3391
03-01-02-02-02-01-09.wav,0.1548,0.3032,0.3051
03-01-02-02-02-01-10.wav,0.2240,0.2976,0.3451
03-01-02-02-02-01-11.wav,0.1779,0.3076,0.3261
03-01-02-02-02-01-12.wav,0.2907,0.3780,0.3742
03-01-02-02-02-01-13.wav,0.3208,0.4328,0.3977
03-01-02-02-02-01-14.wav,0.2862,0.3897,0.3877
03-01-02-02-02-01-15.wav,0.2265,0.3135,0.3359
03-01-02-02-02-01-16.wav,0.3114,0.3577,0.4075
03-01-02-02-02-01-17.wav,0.1795,0.3299,0.3286
03-01-02-02-02-01-18.wav,0.3507,0.4249,0.4323
03-01-02-02-02-01-19.wav,0.1329,0.2647,0.2427
03-01-02-02-02-01-20.wav,0.2207,0.2771,0.2993
03-01-02-02-02-01-21.wav,0.1834,0.3759,0.3421
03-01-02-02-02-01-22.wav,0.2365,0.3335,0.3479
03-01-02-02-02-01-23.wav,0.2462,0.4222,0.3562
03-01-02-02-02-01-24.wav,0.2257,0.3392,0.3212
03-01-02-02-02-02-01.wav,0.1776,0.3133,0.2915
03-01-02-02-02-02-02.wav,0.2853,0.3779,0.3832
03-01-02-02-02-02-03.wav,0.2549,0.2568,0.3572
03-01-02-02-02-02-04.wav,0.2769,0.2259,0.3529
03-01-02-02-02-02-05.wav,0.1283,0.2781,0.2830
03-01-02-02-02-02-06.wav,0.1895,0.3016,0.3156
03-01-02-02-02-02-07.wav,0.2061,0.3099,0.3366
03-01-02-02-02-02-08.wav,0.2060,0.3515,0.3235
03-01-02-02-02-02-09.wav,0.1835,0.3354,0.3158
03-01-02-02-02-02-10.wav,0.2331,0.3199,0.3458
03-01-02-02-02-02-11.wav,0.1486,0.2792,0.2786
03-01-02-02-02-02-12.wav,0.2987,0.3704,0.3810
03-01-02-02-02-02-13.wav,0.3401,0.4217,0.4221
03-01-02-02-02-02-14.wav,0.3014,0.3434,0.3963
03-01-02-02-02-02-15.wav,0.2252,0.2948,0.3525
03-01-02-02-02-02-16.wav,0.3387,0.3784,0.4276
03-01-02-02-02-02-17.wav,0.1596,0.3158,0.3022
03-01-02-02-02-02-18.wav,0.3514,0.4418,0.4330
03-01-02-02-02-02-19.wav,0.1385,0.2885,0.2349
03-01-02-02-02-02-20.wav,0.2407,0.3450,0.3108
03-01-02-02-02-02-21.wav,0.1865,0.3606,0.3339
03-01-02-02-02-02-22.wav,0.2378,0.3077,0.3654
03-01-02-02-02-02-23.wav,0.2195,0.3931,0.3504
03-01-02-02-02-02-24.wav,0.2170,0.3285,0.3079
03-01-03-01-01-01-01.wav,0.3672,0.3691,0.4375
03-01-03-01-01-01-02.wav,0.4162,0.4513,0.4907
03-01-03-01-01-01-03.wav,0.5870,0.5345,0.5719
03-01-03-01-01-01-04.wav,0.4244,0.4349,0.4742
03-01-03-01-01-01-05.wav,0.3479,0.3077,0.4542
03-01-03-01-01-01-06.wav,0.4142,0.3569,0.4547
03-01-03-01-01-01-07.wav,0.3577,0.3274,0.4546
03-01-03-01-01-01-08.wav,0.3983,0.4392,0.4782
03-01-03-01-01-01-09.wav,0.3258,0.5861,0.3842
03-01-03-01-01-01-10.wav,0.5175,0.5349,0.5420
03-01-03-01-01-01-11.wav,0.3849,0.4019,0.4639
03-01-03-01-01-01-12.wav,0.4081,0.4514,0.4755
03-01-03-01-01-01-13.wav,0.4393,0.4574,0.4919
03-01-03-01-01-01-14.wav,0.7187,0.5300,0.7069
03-01-03-01-01-01-15.wav,0.3364,0.4192,0.4099
03-01-03-01-01-01-16.wav,0.5096,0.3994,0.5677
03-01-03-01-01-01-17.wav,0.2568,0.3684,0.3642
03-01-03-01-01-01-18.wav,0.4942,0.4813,0.5217
03-01-03-01-01-01-19.wav,0.3605,0.3691,0.3975
03-01-03-01-01-01-20.wav,0.5894,0.4731,0.6052
03-01-03-01-01-01-21.wav,0.3101,0.4628,0.4265
03-01-03-01-01-01-22.wav,0.4000,0.4433,0.4649
03-01-03-01-01-01-23.wav,0.5055,0.4408,0.5285
03-01-03-01-01-01-24.wav,0.3537,0.3628,0.4330
03-01-03-01-01-02-01.wav,0.3772,0.3788,0.4381
03-01-03-01-01-02-02.wav,0.4209,0.4688,0.4864
03-01-03-01-01-02-03.wav,0.5093,0.3131,0.5057
03-01-03-01-01-02-04.wav,0.5009,0.4168,0.5167
03-01-03-01-01-02-05.wav,0.3493,0.4041,0.4346
03-01-03-01-01-02-06.wav,0.5311,0.4139,0.5477
03-01-03-01-01-02-07.wav,0.4213,0.3274,0.4787
03-01-03-01-01-02-08.wav,0.3458,0.4332,0.4293
03-01-03-01-01-02-09.wav,0.3583,0.3457,0.4258
03-01-03-01-01-02-10.wav,0.4425,0.4336,0.4894
03-01-03-01-01-02-11.wav,0.3224,0.3932,0.4313
03-01-03-01-01-02-12.wav,0.4391,0.4291,0.5086
03-01-03-01-01-02-13.wav,0.5074,0.4645,0.5524
03-01-03-01-01-02-14.wav,0.7696,0.4024,0.7668
03-01-03-01-01-02-15.wav,0.3458,0.4056,0.4188
03-01-03-01-01-02-16.wav,0.5400,0.4427,0.5848
03-01-03-01-01-02-17.wav,0.3818,0.4292,0.4492
03-01-03-01-01-02-18.wav,0.4550,0.4613,0.4753
03-01-03-01-01-02-19.wav,0.4596,0.4808,0.4677
03-01-03-01-01-02-20.wav,0.5185,0.3929,0.5478
03-01-03-01-01-02-21.wav,0.3466,0.4921,0.4570
03-01-03-01-01-02-22.wav,0.4647,0.4902,0.5158
03-01-03-01-01-02-23.wav,0.5768,0.5406,0.5922
03-01-03-01-01-02-24.wav,0.3330,0.3319,0.4088
03-01-03-01-02-01-01.wav,0.3869,0.4418,0.4515
03-01-03-01-02-01-02.wav,0.4105,0.4897,0.4698
03-01-03-01-02-01-03.wav,0.5046,0.4412,0.5491
03-01-03-01-02-01-04.wav,0.4894,0.4057,0.5250
03-01-03-01-02-01-05.wav,0.3390,0.3194,0.4475
03-01-03-01-02-01-06.wav,0.4557,0.3991,0.4918
03-01-03-01-02-01-07.wav,0.4493,0.4080,0.5117
03-01-03-01-02-01-08.wav,0.3544,0.4446,0.4433
03-01-03-01-02-01-09.wav,0.2898,0.3403,0.3844
03-01-03-01-02-01-10.wav,0.4133,0.4213,0.4320
03-01-03-01-02-01-11.wav,0.3245,0.4344,0.4266
03-01-03-01-02-01-12.wav,0.4051,0.4676,0.4789
03-01-03-01-02-01-13.wav,0.4776,0.4974,0.5316
03-01-03-01-02-01-14.wav,0.6633,0.3653,0.6464
03-01-03-01-02-01-15.wav,0.2999,0.3926,0.3760
03-01-03-01-02-01-16.wav,0.4913,0.4298,0.5504
03-01-03-01-02-01-17.wav,0.3565,0.4004,0.4538
03-01-03-01-02-01-18.wav,0.4422,0.4719,0.4855
03-01-03-01-02-01-19.wav,0.3452,0.4229,0.3629
03-01-03-01-02-01-20.wav,ERROR,ERROR,ERROR
03-01-03-01-02-01-21.wav,0.3242,0.4686,0.4353
03-01-03-01-02-01-22.wav,0.4326,0.4596,0.5006
03-01-03-01-02-01-23.wav,0.5288,0.4025,0.5473
03-01-03-01-02-01-24.wav,0.3796,0.3772,0.4253
03-01-03-01-02-02-01.wav,0.3485,0.3829,0.4372
03-01-03-01-02-02-02.wav,0.4011,0.4903,0.4649
03-01-03-01-02-02-03.wav,0.4599,0.3663,0.5061
03-01-03-01-02-02-04.wav,0.5254,0.4493,0.5658
03-01-03-01-02-02-05.wav,0.4215,0.3614,0.5381
03-01-03-01-02-02-06.wav,0.4591,0.4246,0.5033
03-01-03-01-02-02-07.wav,0.4493,0.4080,0.5117
03-01-03-01-02-02-08.wav,0.3863,0.4752,0.4697
03-01-03-01-02-02-09.wav,0.3114,0.3661,0.3682
03-01-03-01-02-02-10.wav,0.4744,0.4332,0.5168
03-01-03-01-02-02-11.wav,0.3727,0.4668,0.4589
03-01-03-01-02-02-12.wav,0.4181,0.4435,0.4889
03-01-03-01-02-02-13.wav,0.5052,0.4453,0.5424
03-01-03-01-02-02-14.wav,0.7399,0.3305,0.7298
03-01-03-01-02-02-15.wav,0.2595,0.3508,0.3498
03-01-03-01-02-02-16.wav,0.4929,0.4145,0.5531
03-01-03-01-02-02-17.wav,0.3340,0.4263,0.4386
03-01-03-01-02-02-18.wav,0.4920,0.5123,0.5139
03-01-03-01-02-02-19.wav,0.3713,0.4026,0.4150
03-01-03-01-02-02-20.wav,0.5492,0.5048,0.5692
03-01-03-01-02-02-21.wav,0.3387,0.4588,0.4533
03-01-03-01-02-02-22.wav,0.4148,0.4779,0.4848
03-01-03-01-02-02-23.wav,0.5133,0.4291,0.5533
03-01-03-01-02-02-24.wav,0.3485,0.3779,0.4176
03-01-03-02-01-01-01.wav,0.4143,0.3526,0.4786
03-01-03-02-01-01-02.wav,0.6240,0.5396,0.6276
03-01-03-02-01-01-03.wav,0.6249,0.2912,0.6267
03-01-03-02-01-01-04.wav,0.6205,0.4231,0.5956
03-01-03-02-01-01-05.wav,0.4190,0.2838,0.4651
03-01-03-02-01-01-06.wav,0.8173,0.4821,0.7927
03-01-03-02-01-01-07.wav,0.5637,0.3387,0.6018
03-01-03-02-01-01-08.wav,0.5279,0.5026,0.5503
03-01-03-02-01-01-09.wav,0.7025,0.5234,0.6835
03-01-03-02-01-01-10.wav,0.6447,0.4965,0.6191
03-01-03-02-01-01-11.wav,0.5343,0.2887,0.6018
03-01-03-02-01-01-12.wav,0.7231,0.5000,0.7331
03-01-03-02-01-01-13.wav,0.5659,0.5653,0.5768
03-01-03-02-01-01-14.wav,0.7824,0.4517,0.7593
03-01-03-02-01-01-15.wav,0.4875,0.3960,0.5135
03-01-03-02-01-01-16.wav,0.6429,0.4041,0.6731
03-01-03-02-01-01-17.wav,0.5978,0.3407,0.5810
03-01-03-02-01-01-18.wav,0.7332,0.4028,0.6992
03-01-03-02-01-01-19.wav,0.4805,0.3591,0.5478
03-01-03-02-01-01-20.wav,0.6863,0.5201,0.6751
03-01-03-02-01-01-21.wav,0.5764,0.5542,0.6096
03-01-03-02-01-01-22.wav,0.6974,0.4383,0.7155
03-01-03-02-01-01-23.wav,0.7012,0.5120,0.6814
03-01-03-02-01-01-24.wav,0.5334,0.4437,0.5585
03-01-03-02-01-02-01.wav,0.4013,0.3818,0.4373
03-01-03-02-01-02-02.wav,0.6639,0.6255,0.6635
03-01-03-02-01-02-03.wav,0.6294,0.2861,0.6119
03-01-03-02-01-02-04.wav,0.6195,0.4206,0.6047
03-01-03-02-01-02-05.wav,0.6887,0.3679,0.6908
03-01-03-02-01-02-06.wav,0.8081,0.3246,0.7721
03-01-03-02-01-02-07.wav,0.6445,0.3264,0.6674
03-01-03-02-01-02-08.wav,0.4880,0.4933,0.5297
03-01-03-02-01-02-09.wav,0.7368,0.7629,0.6807
03-01-03-02-01-02-10.wav,0.6554,0.4365,0.5976
03-01-03-02-01-02-11.wav,0.5593,0.3884,0.6179
03-01-03-02-01-02-12.wav,0.7195,0.4144,0.7314
03-01-03-02-01-02-13.wav,0.6634,0.5955,0.6570
03-01-03-02-01-02-14.wav,0.7752,0.4751,0.7521
03-01-03-02-01-02-15.wav,0.4486,0.4907,0.4843
03-01-03-02-01-02-16.wav,0.6350,0.4548,0.6537
03-01-03-02-01-02-17.wav,0.6172,0.3658,0.6300
03-01-03-02-01-02-18.wav,0.7552,0.5041,0.6831
03-01-03-02-01-02-19.wav,0.6554,0.5387,0.6176
03-01-03-02-01-02-20.wav,0.7783,0.7608,0.7429
03-01-03-02-01-02-21.wav,0.6163,0.5929,0.6310
03-01-03-02-01-02-22.wav,0.6837,0.3680,0.6979
03-01-03-02-01-02-23.wav,0.6916,0.4939,0.6827
03-01-03-02-01-02-24.wav,0.5181,0.4225,0.5540
03-01-03-02-02-01-01.wav,0.4748,0.3858,0.5311
03-01-03-02-02-01-02.wav,0.4956,0.4996,0.5399
03-01-03-02-02-01-03.wav,0.8152,0.6964,0.7475
03-01-03-02-02-01-04.wav,0.7170,0.3769,0.7176
03-01-03-02-02-01-05.wav,0.5748,0.3431,0.6138
03-01-03-02-02-01-06.wav,0.8198,0.3908,0.8047
03-01-03-02-02-01-07.wav,0.5775,0.3340,0.6114
03-01-03-02-02-01-08.wav,0.5746,0.5183,0.5904
03-01-03-02-02-01-09.wav,0.7069,0.3761,0.6893
03-01-03-02-02-01-10.wav,0.7383,0.4491,0.7054
03-01-03-02-02-01-11.wav,0.4548,0.3289,0.5556
03-01-03-02-02-01-12.wav,0.5700,0.5089,0.6020
03-01-03-02-02-01-13.wav,0.6960,0.4104,0.6959
03-01-03-02-02-01-14.wav,0.8405,0.4930,0.8156
03-01-03-02-02-01-15.wav,0.4483,0.4875,0.4734
03-01-03-02-02-01-16.wav,0.6723,0.3703,0.6936
03-01-03-02-02-01-17.wav,0.6013,0.3964,0.6161
03-01-03-02-02-01-18.wav,0.7205,0.4769,0.6738
03-01-03-02-02-01-19.wav,0.6131,0.3294,0.6169
03-01-03-02-02-01-20.wav,0.7840,0.5439,0.7827
03-01-03-02-02-01-21.wav,0.4735,0.4610,0.5390
03-01-03-02-02-01-22.wav,0.7480,0.3491,0.7650
03-01-03-02-02-01-23.wav,0.6529,0.5292,0.6531
03-01-03-02-02-01-24.wav,0.4964,0.3587,0.5225
03-01-03-02-02-02-01.wav,0.5342,0.4151,0.5724
03-01-03-02-02-02-02.wav,0.6161,0.5695,0.6255
03-01-03-02-02-02-03.wav,0.6444,0.3058,0.6395
03-01-03-02-02-02-04.wav,0.7637,0.3959,0.7401
03-01-03-02-02-02-05.wav,0.5742,0.2889,0.5828
03-01-03-02-02-02-06.wav,0.7768,0.3402,0.7536
03-01-03-02-02-02-07.wav,0.6493,0.3158,0.6634
03-01-03-02-02-02-08.wav,0.5175,0.4999,0.5418
03-01-03-02-02-02-09.wav,0.6601,0.6806,0.6338
03-01-03-02-02-02-10.wav,0.7139,0.5162,0.6564
03-01-03-02-02-02-11.wav,0.4403,0.3852,0.5268
03-01-03-02-02-02-12.wav,0.7370,0.5686,0.7316
03-01-03-02-02-02-13.wav,0.6592,0.4014,0.6760
03-01-03-02-02-02-14.wav,0.8386,0.3318,0.8175
03-01-03-02-02-02-15.wav,0.4719,0.5330,0.4948
03-01-03-02-02-02-16.wav,0.5937,0.4468,0.6347
03-01-03-02-02-02-17.wav,0.5946,0.4243,0.6174
03-01-03-02-02-02-18.wav,0.7544,0.5214,0.7284
03-01-03-02-02-02-19.wav,0.4547,0.3359,0.5329
03-01-03-02-02-02-20.wav,0.8331,0.4986,0.8174
03-01-03-02-02-02-21.wav,0.5531,0.5502,0.5862
03-01-03-02-02-02-22.wav,0.6727,0.4115,0.7122
03-01-03-02-02-02-23.wav,0.6416,0.4956,0.6498
03-01-03-02-02-02-24.wav,0.6507,0.3950,0.6561
03-01-04-01-01-01-01.wav,0.2532,0.3610,0.3394
03-01-04-01-01-01-02.wav,0.2898,0.2969,0.3642
03-01-04-01-01-01-03.wav,0.2341,0.2949,0.3210
03-01-04-01-01-01-04.wav,0.3098,0.3225,0.3739
03-01-04-01-01-01-05.wav,0.1673,0.3010,0.3163
03-01-04-01-01-01-06.wav,0.2228,0.2757,0.3171
03-01-04-01-01-01-07.wav,0.2781,0.3741,0.3656
03-01-04-01-01-01-08.wav,0.1998,0.3080,0.2914
03-01-04-01-01-01-09.wav,0.1721,0.3330,0.2897
03-01-04-01-01-01-10.wav,0.2183,0.2972,0.3066
03-01-04-01-01-01-11.wav,0.2491,0.3098,0.3793
03-01-04-01-01-01-12.wav,0.3166,0.3266,0.3873
03-01-04-01-01-01-13.wav,0.3197,0.3688,0.4141
03-01-04-01-01-01-14.wav,0.3678,0.3510,0.4414
03-01-04-01-01-01-15.wav,0.3307,0.3911,0.3868
03-01-04-01-01-01-16.wav,0.4083,0.3362,0.4539
03-01-04-01-01-01-17.wav,0.2661,0.3486,0.3630
03-01-04-01-01-01-18.wav,0.3806,0.3992,0.4379
03-01-04-01-01-01-19.wav,0.2209,0.3201,0.3383
03-01-04-01-01-01-20.wav,0.1642,0.2176,0.2323
03-01-04-01-01-01-21.wav,0.1995,0.3032,0.3179
03-01-04-01-01-01-22.wav,0.2527,0.3080,0.3578
03-01-04-01-01-01-23.wav,0.2595,0.3900,0.3483
03-01-04-01-01-01-24.wav,0.2046,0.2946,0.3025
03-01-04-01-01-02-01.wav,0.2204,0.2854,0.3411
03-01-04-01-01-02-02.wav,0.2857,0.2853,0.3560
03-01-04-01-01-02-03.wav,0.2597,0.2875,0.3334
03-01-04-01-01-02-04.wav,0.4192,0.4280,0.4641
03-01-04-01-01-02-05.wav,0.1840,0.3167,0.2950
03-01-04-01-01-02-06.wav,0.2383,0.2913,0.3272
03-01-04-01-01-02-07.wav,0.2299,0.3187,0.3310
03-01-04-01-01-02-08.wav,0.2225,0.3387,0.3373
03-01-04-01-01-02-09.wav,0.1227,0.2861,0.2383
03-01-04-01-01-02-10.wav,0.1734,0.2320,0.2776
03-01-04-01-01-02-11.wav,0.2249,0.3286,0.3551
03-01-04-01-01-02-12.wav,0.3125,0.3637,0.3833
03-01-04-01-01-02-13.wav,0.2941,0.3635,0.3980
03-01-04-01-01-02-14.wav,0.4339,0.3646,0.4966
03-01-04-01-01-02-15.wav,0.2487,0.3583,0.3425
03-01-04-01-01-02-16.wav,0.4266,0.3825,0.4814
03-01-04-01-01-02-17.wav,0.3104,0.3329,0.3945
03-01-04-01-01-02-18.wav,0.3836,0.3678,0.4307
03-01-04-01-01-02-19.wav,0.1859,0.2526,0.2756
03-01-04-01-01-02-20.wav,0.2182,0.2867,0.2895
03-01-04-01-01-02-21.wav,0.1588,0.2787,0.2763
03-01-04-01-01-02-22.wav,0.2894,0.3450,0.3721
03-01-04-01-01-02-23.wav,0.2284,0.3569,0.3132
03-01-04-01-01-02-24.wav,0.1985,0.2416,0.2901
03-01-04-01-02-01-01.wav,0.2719,0.3730,0.3633
03-01-04-01-02-01-02.wav,0.2784,0.3475,0.3598
03-01-04-01-02-01-03.wav,0.2005,0.2385,0.2802
03-01-04-01-02-01-04.wav,0.5081,0.4076,0.5549
03-01-04-01-02-01-05.wav,0.2855,0.3601,0.4000
03-01-04-01-02-01-06.wav,0.3010,0.3109,0.3724
03-01-04-01-02-01-07.wav,0.2891,0.3769,0.3684
03-01-04-01-02-01-08.wav,0.2145,0.3305,0.3135
03-01-04-01-02-01-09.wav,0.1577,0.2996,0.2798
03-01-04-01-02-01-10.wav,0.1866,0.2988,0.2837
03-01-04-01-02-01-11.wav,0.2196,0.2718,0.3594
03-01-04-01-02-01-12.wav,0.2864,0.3094,0.3477
03-01-04-01-02-01-13.wav,0.3040,0.3748,0.4087
03-01-04-01-02-01-14.wav,0.3333,0.3167,0.4131
03-01-04-01-02-01-15.wav,0.2742,0.3679,0.3556
03-01-04-01-02-01-16.wav,0.4019,0.3972,0.4664
03-01-04-01-02-01-17.wav,0.2417,0.3448,0.3761
03-01-04-01-02-01-18.wav,0.2974,0.3368,0.3745
03-01-04-01-02-01-19.wav,0.1764,0.2741,0.2729
03-01-04-01-02-01-20.wav,0.2523,0.3041,0.3158
03-01-04-01-02-01-21.wav,0.2062,0.3500,0.3428
03-01-04-01-02-01-22.wav,0.2690,0.3411,0.3698
03-01-04-01-02-01-23.wav,0.2627,0.3742,0.3403
03-01-04-01-02-01-24.wav,0.2461,0.3227,0.3255
03-01-04-01-02-02-01.wav,0.2626,0.3887,0.3624
03-01-04-01-02-02-02.wav,0.2296,0.2909,0.3150
03-01-04-01-02-02-03.wav,0.2060,0.2260,0.2817
03-01-04-01-02-02-04.wav,0.5592,0.4057,0.5841
03-01-04-01-02-02-05.wav,0.2112,0.2943,0.3367
03-01-04-01-02-02-06.wav,0.3140,0.3116,0.3856
03-01-04-01-02-02-07.wav,0.3924,0.3995,0.4527
03-01-04-01-02-02-08.wav,0.1833,0.3152,0.2997
03-01-04-01-02-02-09.wav,0.1314,0.2755,0.2728
03-01-04-01-02-02-10.wav,0.1847,0.2617,0.2840
03-01-04-01-02-02-11.wav,0.2101,0.3192,0.3461
03-01-04-01-02-02-12.wav,0.2631,0.2793,0.3312
03-01-04-01-02-02-13.wav,0.2970,0.3984,0.4002
03-01-04-01-02-02-14.wav,0.3862,0.3586,0.4625
03-01-04-01-02-02-15.wav,0.2561,0.3397,0.3349
03-01-04-01-02-02-16.wav,0.3886,0.3781,0.4527
03-01-04-01-02-02-17.wav,0.3168,0.4011,0.4121
03-01-04-01-02-02-18.wav,0.3492,0.3743,0.4238
03-01-04-01-02-02-19.wav,0.1726,0.3257,0.2911
03-01-04-01-02-02-20.wav,0.1803,0.2789,0.2674
03-01-04-01-02-02-21.wav,0.2309,0.3704,0.3497
03-01-04-01-02-02-22.wav,0.2592,0.3202,0.3521
03-01-04-01-02-02-23.wav,0.3063,0.3868,0.3628
03-01-04-01-02-02-24.wav,0.2045,0.2423,0.2956
03-01-04-02-01-01-01.wav,0.2515,0.3561,0.3302
03-01-04-02-01-01-02.wav,0.3252,0.3240,0.3594
03-01-04-02-01-01-03.wav,0.5969,0.6014,0.5341
03-01-04-02-01-01-04.wav,0.6506,0.4072,0.5996
03-01-04-02-01-01-05.wav,0.2442,0.3645,0.3189
03-01-04-02-01-01-06.wav,0.7287,0.5356,0.6675
03-01-04-02-01-01-07.wav,0.2892,0.3664,0.3377
03-01-04-02-01-01-08.wav,0.2482,0.3466,0.3185
03-01-04-02-01-01-09.wav,0.4072,0.6049,0.4010
03-01-04-02-01-01-10.wav,0.3522,0.3941,0.4104
03-01-04-02-01-01-11.wav,0.3779,0.3187,0.4278
03-01-04-02-01-01-12.wav,0.5570,0.4308,0.5590
03-01-04-02-01-01-13.wav,0.4168,0.3935,0.4687
03-01-04-02-01-01-14.wav,0.4718,0.3440,0.4895
03-01-04-02-01-01-15.wav,0.3360,0.4185,0.3982
03-01-04-02-01-01-16.wav,0.4865,0.4706,0.5045
03-01-04-02-01-01-17.wav,0.3703,0.3194,0.3970
03-01-04-02-01-01-18.wav,0.6888,0.4079,0.5986
03-01-04-02-01-01-19.wav,0.4507,0.4038,0.3750
03-01-04-02-01-01-20.wav,0.3316,0.3475,0.3467
03-01-04-02-01-01-21.wav,0.4268,0.4389,0.4444
03-01-04-02-01-01-22.wav,0.3407,0.3082,0.4084
03-01-04-02-01-01-23.wav,0.2885,0.3388,0.3009
03-01-04-02-01-01-24.wav,0.4514,0.2893,0.4677
03-01-04-02-01-02-01.wav,0.3240,0.3566,0.3774
03-01-04-02-01-02-02.wav,0.2729,0.2480,0.3326
03-01-04-02-01-02-03.wav,0.6168,0.3971,0.5406
03-01-04-02-01-02-04.wav,0.6582,0.3593,0.5825
03-01-04-02-01-02-05.wav,0.1984,0.3484,0.3025
03-01-04-02-01-02-06.wav,0.4561,0.3332,0.3853
03-01-04-02-01-02-07.wav,0.3175,0.3229,0.3739
03-01-04-02-01-02-08.wav,0.2277,0.2533,0.2798
03-01-04-02-01-02-09.wav,0.3852,0.5153,0.3341
03-01-04-02-01-02-10.wav,0.2620,0.3003,0.3151
03-01-04-02-01-02-11.wav,0.4842,0.3091,0.5087
03-01-04-02-01-02-12.wav,0.6304,0.3761,0.5920
03-01-04-02-01-02-13.wav,0.3590,0.3977,0.4419
03-01-04-02-01-02-14.wav,0.4715,0.3550,0.4908
03-01-04-02-01-02-15.wav,0.3373,0.3792,0.3773
03-01-04-02-01-02-16.wav,0.3892,0.3358,0.3968
03-01-04-02-01-02-17.wav,0.3212,0.3146,0.3677
03-01-04-02-01-02-18.wav,0.6240,0.4905,0.5482
03-01-04-02-01-02-19.wav,0.3650,0.3275,0.3647
03-01-04-02-01-02-20.wav,0.6737,0.5724,0.6091
03-01-04-02-01-02-21.wav,0.4238,0.4113,0.4247
03-01-04-02-01-02-22.wav,0.3264,0.3057,0.3822
03-01-04-02-01-02-23.wav,0.2520,0.2758,0.2653
03-01-04-02-01-02-24.wav,0.4097,0.2841,0.4779
03-01-04-02-02-01-01.wav,0.3514,0.4167,0.4087
03-01-04-02-02-01-02.wav,0.2827,0.3040,0.3483
03-01-04-02-02-01-03.wav,0.5711,0.4023,0.5123
03-01-04-02-02-01-04.wav,0.7861,0.3715,0.7698
03-01-04-02-02-01-05.wav,0.2159,0.3534,0.3099
03-01-04-02-02-01-06.wav,0.6381,0.6166,0.5458
03-01-04-02-02-01-07.wav,0.5121,0.5582,0.5045
03-01-04-02-02-01-08.wav,0.2669,0.3417,0.3389
03-01-04-02-02-01-09.wav,0.3259,0.4364,0.3227
03-01-04-02-02-01-10.wav,0.2001,0.2835,0.2924
03-01-04-02-02-01-11.wav,0.4140,0.3061,0.4399
03-01-04-02-02-01-12.wav,0.4752,0.4044,0.4746
03-01-04-02-02-01-13.wav,0.3934,0.4259,0.4726
03-01-04-02-02-01-14.wav,0.4739,0.3590,0.5111
03-01-04-02-02-01-15.wav,0.3260,0.3664,0.3810
03-01-04-02-02-01-16.wav,0.4068,0.4276,0.4339
03-01-04-02-02-01-17.wav,0.3404,0.3080,0.4055
03-01-04-02-02-01-18.wav,0.5923,0.4752,0.5512
03-01-04-02-02-01-19.wav,0.3002,0.3744,0.3529
03-01-04-02-02-01-20.wav,0.2983,0.3715,0.3165
03-01-04-02-02-01-21.wav,0.3423,0.4272,0.3916
03-01-04-02-02-01-22.wav,0.2712,0.2524,0.3469
03-01-04-02-02-01-23.wav,0.2975,0.3449,0.3122
03-01-04-02-02-01-24.wav,0.3616,0.2441,0.3657
03-01-04-02-02-02-01.wav,0.3756,0.4189,0.4233
03-01-04-02-02-02-02.wav,0.2806,0.2794,0.3353
03-01-04-02-02-02-03.wav,0.6490,0.6249,0.6013
03-01-04-02-02-02-04.wav,0.7695,0.3802,0.7424
03-01-04-02-02-02-05.wav,0.2948,0.4041,0.3667
03-01-04-02-02-02-06.wav,0.4977,0.3876,0.5035
03-01-04-02-02-02-07.wav,0.4096,0.4451,0.4423
03-01-04-02-02-02-08.wav,0.2356,0.3156,0.2909
03-01-04-02-02-02-09.wav,0.4455,0.6272,0.4133
03-01-04-02-02-02-10.wav,0.2451,0.3411,0.3212
03-01-04-02-02-02-11.wav,0.4582,0.3454,0.4845
03-01-04-02-02-02-12.wav,0.6801,0.3674,0.6703
03-01-04-02-02-02-13.wav,0.2838,0.3538,0.4037
03-01-04-02-02-02-14.wav,0.5553,0.3818,0.5663
03-01-04-02-02-02-15.wav,0.3053,0.3447,0.3591
03-01-04-02-02-02-16.wav,0.4673,0.3250,0.4665
03-01-04-02-02-02-17.wav,0.3648,0.3086,0.3994
03-01-04-02-02-02-18.wav,0.6779,0.4858,0.6380
03-01-04-02-02-02-19.wav,0.3618,0.3534,0.3987
03-01-04-02-02-02-20.wav,0.6133,0.4669,0.5325
03-01-04-02-02-02-21.wav,0.3836,0.4653,0.4321
03-01-04-02-02-02-22.wav,0.3520,0.3077,0.4221
03-01-04-02-02-02-23.wav,0.2324,0.2655,0.2766
03-01-04-02-02-02-24.wav,0.2573,0.2761,0.3242
03-01-05-01-01-01-01.wav,0.6239,0.3909,0.6808
03-01-05-01-01-01-02.wav,0.5201,0.3733,0.6097
03-01-05-01-01-01-03.wav,0.3219,0.2842,0.4649
03-01-05-01-01-01-04.wav,0.5711,0.3817,0.6434
03-01-05-01-01-01-05.wav,0.6503,0.4343,0.6908
03-01-05-01-01-01-06.wav,0.5207,0.3039,0.6112
03-01-05-01-01-01-07.wav,0.5902,0.3268,0.6631
03-01-05-01-01-01-08.wav,0.5350,0.4139,0.6285
03-01-05-01-01-01-09.wav,0.2413,0.2794,0.3546
03-01-05-01-01-01-10.wav,0.3375,0.3008,0.4681
03-01-05-01-01-01-11.wav,0.5478,0.3187,0.6262
03-01-05-01-01-01-12.wav,0.4614,0.3138,0.5874
03-01-05-01-01-01-13.wav,0.5641,0.3376,0.6329
03-01-05-01-01-01-14.wav,0.6665,0.3889,0.7224
03-01-05-01-01-01-15.wav,0.4495,0.3840,0.5309
03-01-05-01-01-01-16.wav,0.6981,0.2811,0.7684
03-01-05-01-01-01-17.wav,0.2260,0.3421,0.3497
03-01-05-01-01-01-18.wav,0.5408,0.3685,0.6274
03-01-05-01-01-01-19.wav,0.6488,0.3886,0.6969
03-01-05-01-01-01-20.wav,0.4395,0.4014,0.4873
03-01-05-01-01-01-21.wav,0.5757,0.4139,0.6466
03-01-05-01-01-01-22.wav,0.4493,0.3600,0.5521
03-01-05-01-01-01-23.wav,0.6171,0.4441,0.6179
03-01-05-01-01-01-24.wav,0.5740,0.2987,0.6562
03-01-05-01-01-02-01.wav,0.5908,0.3788,0.6489
03-01-05-01-01-02-02.wav,0.5102,0.3452,0.5709
03-01-05-01-01-02-03.wav,0.4893,0.2546,0.5958
03-01-05-01-01-02-04.wav,0.6177,0.4450,0.6631
03-01-05-01-01-02-05.wav,0.6616,0.3206,0.7225
03-01-05-01-01-02-06.wav,0.6135,0.3145,0.6971
03-01-05-01-01-02-07.wav,0.7427,0.2532,0.7708
03-01-05-01-01-02-08.wav,0.5393,0.4067,0.6367
03-01-05-01-01-02-09.wav,0.3831,0.2769,0.4802
03-01-05-01-01-02-10.wav,0.4802,0.3409,0.5714
03-01-05-01-01-02-11.wav,0.4527,0.3200,0.5392
03-01-05-01-01-02-12.wav,0.4025,0.3361,0.5261
03-01-05-01-01-02-13.wav,0.5874,0.3361,0.6402
03-01-05-01-01-02-14.wav,0.6786,0.3743,0.7249
03-01-05-01-01-02-15.wav,0.5866,0.3791,0.6367
03-01-05-01-01-02-16.wav,0.6600,0.2578,0.7232
03-01-05-01-01-02-17.wav,0.2024,0.3185,0.3253
03-01-05-01-01-02-18.wav,0.4828,0.3202,0.5746
03-01-05-01-01-02-19.wav,0.5326,0.3229,0.6080
03-01-05-01-01-02-20.wav,0.7121,0.3560,0.7117
03-01-05-01-01-02-21.wav,0.5650,0.3785,0.6436
03-01-05-01-01-02-22.wav,0.4344,0.3412,0.5420
03-01-05-01-01-02-23.wav,0.5863,0.4443,0.5937
03-01-05-01-01-02-24.wav,0.5322,0.3081,0.6041
03-01-05-01-02-01-01.wav,0.4656,0.4528,0.5137
03-01-05-01-02-01-02.wav,0.4870,0.3966,0.5785
03-01-05-01-02-01-03.wav,0.4246,0.3267,0.5172
03-01-05-01-02-01-04.wav,0.6446,0.4315,0.6836
03-01-05-01-02-01-05.wav,0.3217,0.3080,0.4839
03-01-05-01-02-01-06.wav,0.5437,0.3102,0.6285
03-01-05-01-02-01-07.wav,0.4724,0.3690,0.5963
03-01-05-01-02-01-08.wav,0.4592,0.3999,0.5682
03-01-05-01-02-01-09.wav,0.4002,0.3672,0.4568
03-01-05-01-02-01-10.wav,0.4072,0.3909,0.4976
03-01-05-01-02-01-11.wav,0.5524,0.3430,0.6261
03-01-05-01-02-01-12.wav,0.4048,0.3950,0.4842
03-01-05-01-02-01-13.wav,0.5431,0.3519,0.6148
03-01-05-01-02-01-14.wav,0.6717,0.3728,0.7205
03-01-05-01-02-01-15.wav,0.5236,0.3981,0.5866
03-01-05-01-02-01-16.wav,0.6792,0.3501,0.7406
03-01-05-01-02-01-17.wav,0.3068,0.3270,0.4201
03-01-05-01-02-01-18.wav,0.6676,0.3978,0.7172
03-01-05-01-02-01-19.wav,0.5131,0.4605,0.5699
03-01-05-01-02-01-20.wav,0.4694,0.3706,0.5345
03-01-05-01-02-01-21.wav,0.5761,0.3763,0.6528
03-01-05-01-02-01-22.wav,0.4247,0.3696,0.5375
03-01-05-01-02-01-23.wav,0.6175,0.4437,0.6299
03-01-05-01-02-01-24.wav,0.4459,0.3305,0.5289
03-01-05-01-02-02-01.wav,0.4748,0.4235,0.5565
03-01-05-01-02-02-02.wav,0.4760,0.3660,0.5572
03-01-05-01-02-02-03.wav,0.4932,0.2900,0.5695
03-01-05-01-02-02-04.wav,0.5705,0.4326,0.6324
03-01-05-01-02-02-05.wav,0.4956,0.3367,0.6497
03-01-05-01-02-02-06.wav,0.5908,0.3452,0.6559
03-01-05-01-02-02-07.wav,0.6082,0.3849,0.6898
03-01-05-01-02-02-08.wav,0.5242,0.3826,0.6221
03-01-05-01-02-02-09.wav,0.4332,0.3839,0.5103
03-01-05-01-02-02-10.wav,0.3933,0.3740,0.5092
03-01-05-01-02-02-11.wav,0.5356,0.3196,0.6411
03-01-05-01-02-02-12.wav,0.4444,0.3567,0.5292
03-01-05-01-02-02-13.wav,0.6394,0.3440,0.6886
03-01-05-01-02-02-14.wav,0.7637,0.3585,0.7968
03-01-05-01-02-02-15.wav,0.6357,0.3603,0.6798
03-01-05-01-02-02-16.wav,0.6701,0.3733,0.7404
03-01-05-01-02-02-17.wav,0.2763,0.3365,0.3862
03-01-05-01-02-02-18.wav,0.5935,0.4000,0.6599
03-01-05-01-02-02-19.wav,0.5886,0.2964,0.6460
03-01-05-01-02-02-20.wav,0.6216,0.3771,0.6511
03-01-05-01-02-02-21.wav,0.5840,0.4222,0.6537
03-01-05-01-02-02-22.wav,0.4460,0.3585,0.5837
03-01-05-01-02-02-23.wav,0.6297,0.4601,0.6364
03-01-05-01-02-02-24.wav,0.4134,0.2993,0.4917
03-01-05-02-01-01-01.wav,0.8446,0.3037,0.8192
03-01-05-02-01-01-02.wav,0.7636,0.3167,0.8061
03-01-05-02-01-01-03.wav,0.8444,0.2177,0.8416
03-01-05-02-01-01-04.wav,0.8062,0.3239,0.8216
03-01-05-02-01-01-05.wav,0.8204,0.2796,0.8187
03-01-05-02-01-01-06.wav,0.8271,0.2701,0.8306
03-01-05-02-01-01-07.wav,0.7820,0.2797,0.7940
03-01-05-02-01-01-08.wav,0.7057,0.2668,0.7553
03-01-05-02-01-01-09.wav,0.8712,0.2347,0.8687
03-01-05-02-01-01-10.wav,0.7019,0.2728,0.7526
03-01-05-02-01-01-11.wav,0.7154,0.2923,0.7403
03-01-05-02-01-01-12.wav,0.7961,0.2853,0.8108
03-01-05-02-01-01-13.wav,0.8481,0.2392,0.8389
03-01-05-02-01-01-14.wav,0.8430,0.2379,0.8439
03-01-05-02-01-01-15.wav,0.7111,0.3562,0.7265
03-01-05-02-01-01-16.wav,0.8271,0.2143,0.8511
03-01-05-02-01-01-17.wav,0.5975,0.4907,0.6303
03-01-05-02-01-01-18.wav,0.8275,0.2704,0.8234
03-01-05-02-01-01-19.wav,0.8472,0.2747,0.8536
03-01-05-02-01-01-20.wav,0.7482,0.3240,0.7853
03-01-05-02-01-01-21.wav,0.6639,0.3457,0.7147
03-01-05-02-01-01-22.wav,0.6780,0.3332,0.7320
03-01-05-02-01-01-23.wav,0.7938,0.3480,0.7840
03-01-05-02-01-01-24.wav,0.6656,0.2577,0.7356
03-01-05-02-01-02-01.wav,0.7765,0.3134,0.7697
03-01-05-02-01-02-02.wav,0.7155,0.3185,0.7686
03-01-05-02-01-02-03.wav,0.8331,0.2233,0.8320
03-01-05-02-01-02-04.wav,0.7496,0.3839,0.7676
03-01-05-02-01-02-05.wav,0.8289,0.2249,0.8251
03-01-05-02-01-02-06.wav,0.8768,0.2424,0.8761
03-01-05-02-01-02-07.wav,0.8042,0.2668,0.8245
03-01-05-02-01-02-08.wav,0.7498,0.3340,0.7679
03-01-05-02-01-02-09.wav,0.8595,0.2355,0.8597
03-01-05-02-01-02-10.wav,0.8120,0.2662,0.8342
03-01-05-02-01-02-11.wav,0.8100,0.2293,0.8230
03-01-05-02-01-02-12.wav,0.8505,0.3219,0.8476
03-01-05-02-01-02-13.wav,0.8187,0.2267,0.8268
03-01-05-02-01-02-14.wav,0.8651,0.2791,0.8673
03-01-05-02-01-02-15.wav,0.7380,0.2875,0.7313
03-01-05-02-01-02-16.wav,0.8020,0.3521,0.8239
03-01-05-02-01-02-17.wav,0.7048,0.3637,0.7243
03-01-05-02-01-02-18.wav,0.8070,0.3298,0.8032
03-01-05-02-01-02-19.wav,0.8941,0.2507,0.8941
03-01-05-02-01-02-20.wav,0.8375,0.3834,0.8395
03-01-05-02-01-02-21.wav,0.7025,0.3842,0.7301
03-01-05-02-01-02-22.wav,0.6900,0.2757,0.7369
03-01-05-02-01-02-23.wav,0.7854,0.3958,0.7551
03-01-05-02-01-02-24.wav,0.7202,0.2756,0.7777
03-01-05-02-02-01-01.wav,0.8209,0.3332,0.8089
03-01-05-02-02-01-02.wav,0.8136,0.3319,0.8538
03-01-05-02-02-01-03.wav,0.8633,0.1801,0.8504
03-01-05-02-02-01-04.wav,0.8314,0.3495,0.8467
03-01-05-02-02-01-05.wav,0.8516,0.2803,0.8567
03-01-05-02-02-01-06.wav,0.8870,0.2826,0.8883
03-01-05-02-02-01-07.wav,0.8447,0.3220,0.8481
03-01-05-02-02-01-08.wav,0.6731,0.4006,0.7190
03-01-05-02-02-01-09.wav,0.8913,0.2579,0.8860
03-01-05-02-02-01-10.wav,0.8101,0.3245,0.8413
03-01-05-02-02-01-11.wav,0.8296,0.2287,0.8465
03-01-05-02-02-01-12.wav,0.7297,0.3157,0.7739
03-01-05-02-02-01-13.wav,0.8380,0.2253,0.8344
03-01-05-02-02-01-14.wav,0.8923,0.2510,0.8890
03-01-05-02-02-01-15.wav,0.5996,0.3450,0.6640
03-01-05-02-02-01-16.wav,0.8149,0.3135,0.8441
03-01-05-02-02-01-17.wav,0.6027,0.4080,0.6484
03-01-05-02-02-01-18.wav,0.8264,0.3519,0.8224
03-01-05-02-02-01-19.wav,0.8905,0.2414,0.8892
03-01-05-02-02-01-20.wav,0.9004,0.3735,0.8946
03-01-05-02-02-01-21.wav,0.6340,0.3706,0.6930
03-01-05-02-02-01-22.wav,0.7323,0.3230,0.7736
03-01-05-02-02-01-23.wav,0.8094,0.4089,0.7858
03-01-05-02-02-01-24.wav,0.6056,0.2803,0.6815
03-01-05-02-02-02-01.wav,0.8687,0.3094,0.8471
03-01-05-02-02-02-02.wav,0.7829,0.3588,0.8269
03-01-05-02-02-02-03.wav,0.8854,0.2316,0.8726
03-01-05-02-02-02-04.wav,0.8042,0.3333,0.8176
03-01-05-02-02-02-05.wav,0.8535,0.2190,0.8642
03-01-05-02-02-02-06.wav,0.8823,0.1958,0.8923
03-01-05-02-02-02-07.wav,0.8250,0.2563,0.8427
03-01-05-02-02-02-08.wav,0.7273,0.4133,0.7680
03-01-05-02-02-02-09.wav,0.8975,0.1875,0.8971
03-01-05-02-02-02-10.wav,0.7410,0.2965,0.7894
03-01-05-02-02-02-11.wav,0.8198,0.2864,0.8223
03-01-05-02-02-02-12.wav,0.8382,0.2675,0.8607
03-01-05-02-02-02-13.wav,0.8914,0.2114,0.8940
03-01-05-02-02-02-14.wav,0.8973,0.2713,0.8984
03-01-05-02-02-02-15.wav,0.8117,0.2197,0.8008
03-01-05-02-02-02-16.wav,0.7800,0.3194,0.8143
03-01-05-02-02-02-17.wav,0.6067,0.3868,0.6695
03-01-05-02-02-02-18.wav,0.8552,0.3767,0.8499
03-01-05-02-02-02-19.wav,0.8710,0.2692,0.8839
03-01-05-02-02-02-20.wav,0.8022,0.4282,0.8039
03-01-05-02-02-02-21.wav,0.7012,0.3815,0.7401
03-01-05-02-02-02-22.wav,0.7408,0.3147,0.7806
03-01-05-02-02-02-23.wav,0.7960,0.3903,0.7743
03-01-05-02-02-02-24.wav,0.5562,0.2738,0.6529
03-01-06-01-01-01-01.wav,0.3441,0.3538,0.3724
03-01-06-01-01-01-02.wav,0.3929,0.3461,0.4213
03-01-06-01-01-01-03.wav,0.4477,0.3270,0.4280
03-01-06-01-01-01-04.wav,0.4822,0.3885,0.4729
03-01-06-01-01-01-05.wav,0.4600,0.3758,0.4512
03-01-06-01-01-01-06.wav,0.4041,0.3117,0.4265
03-01-06-01-01-01-07.wav,0.4112,0.3055,0.4279
03-01-06-01-01-01-08.wav,0.4452,0.4277,0.4784
03-01-06-01-01-01-09.wav,0.2330,0.3919,0.3306
03-01-06-01-01-01-10.wav,0.3762,0.2942,0.3885
03-01-06-01-01-01-11.wav,0.4385,0.3337,0.5242
03-01-06-01-01-01-12.wav,0.6172,0.3958,0.6317
03-01-06-01-01-01-13.wav,0.4787,0.3716,0.5376
03-01-06-01-01-01-14.wav,0.4622,0.2789,0.4714
03-01-06-01-01-01-15.wav,0.2746,0.3228,0.3416
03-01-06-01-01-01-16.wav,0.5092,0.3593,0.4905
03-01-06-01-01-01-17.wav,0.3644,0.3930,0.4286
03-01-06-01-01-01-18.wav,0.5215,0.3431,0.4846
03-01-06-01-01-01-19.wav,0.3447,0.2675,0.3500
03-01-06-01-01-01-20.wav,0.3502,0.2570,0.3320
03-01-06-01-01-01-21.wav,0.3977,0.3865,0.4179
03-01-06-01-01-01-22.wav,0.3995,0.3527,0.4504
03-01-06-01-01-01-23.wav,0.3659,0.3382,0.4169
03-01-06-01-01-01-24.wav,0.4740,0.2860,0.4801
03-01-06-01-01-02-01.wav,0.3417,0.3707,0.3971
03-01-06-01-01-02-02.wav,0.4348,0.3685,0.4631
03-01-06-01-01-02-03.wav,0.4725,0.3875,0.4583
03-01-06-01-01-02-04.wav,0.6223,0.4147,0.6188
03-01-06-01-01-02-05.wav,0.5318,0.3470,0.5266
03-01-06-01-01-02-06.wav,0.4709,0.3275,0.4571
03-01-06-01-01-02-07.wav,0.4495,0.3512,0.4489
03-01-06-01-01-02-08.wav,0.4258,0.3872,0.4868
03-01-06-01-01-02-09.wav,0.2615,0.3295,0.3459
03-01-06-01-01-02-10.wav,0.2525,0.2673,0.3187
03-01-06-01-01-02-11.wav,0.3907,0.3150,0.4875
03-01-06-01-01-02-12.wav,0.5062,0.3567,0.5329
03-01-06-01-01-02-13.wav,0.5444,0.3346,0.6071
03-01-06-01-01-02-14.wav,0.4040,0.3053,0.4571
03-01-06-01-01-02-15.wav,0.3942,0.3160,0.3788
03-01-06-01-01-02-16.wav,0.4863,0.3265,0.5036
03-01-06-01-01-02-17.wav,0.4690,0.3569,0.4735
03-01-06-01-01-02-18.wav,0.4747,0.3567,0.4537
03-01-06-01-01-02-19.wav,0.3854,0.3247,0.3597
03-01-06-01-01-02-20.wav,ERROR,ERROR,ERROR
03-01-06-01-01-02-21.wav,0.4130,0.4184,0.4369
03-01-06-01-01-02-22.wav,0.4175,0.3260,0.4598
03-01-06-01-01-02-23.wav,0.3262,0.3959,0.3765
03-01-06-01-01-02-24.wav,0.5875,0.2631,0.5323
03-01-06-01-02-01-01.wav,0.3047,0.3547,0.3857
03-01-06-01-02-01-02.wav,0.4330,0.3746,0.4557
03-01-06-01-02-01-03.wav,0.4543,0.3336,0.4123
03-01-06-01-02-01-04.wav,0.6209,0.3649,0.6148
03-01-06-01-02-01-05.wav,0.4341,0.4279,0.5071
03-01-06-01-02-01-06.wav,0.4657,0.3037,0.4629
03-01-06-01-02-01-07.wav,0.3857,0.3465,0.4136
03-01-06-01-02-01-08.wav,0.4563,0.4091,0.5003
03-01-06-01-02-01-09.wav,0.1903,0.3409,0.3139
03-01-06-01-02-01-10.wav,0.2942,0.3005,0.3530
03-01-06-01-02-01-11.wav,0.3987,0.3773,0.4792
03-01-06-01-02-01-12.wav,0.4635,0.3999,0.4947
03-01-06-01-02-01-13.wav,0.5936,0.3572,0.6349
03-01-06-01-02-01-14.wav,0.3904,0.3043,0.4206
03-01-06-01-02-01-15.wav,0.3646,0.2775,0.3895
03-01-06-01-02-01-16.wav,0.4781,0.3740,0.5060
03-01-06-01-02-01-17.wav,0.4041,0.3525,0.4494
03-01-06-01-02-01-18.wav,0.4603,0.3413,0.4723
03-01-06-01-02-01-19.wav,0.3844,0.3032,0.3565
03-01-06-01-02-01-20.wav,0.3275,0.2820,0.3197
03-01-06-01-02-01-21.wav,0.3611,0.4278,0.4169
03-01-06-01-02-01-22.wav,0.4126,0.3911,0.4673
03-01-06-01-02-01-23.wav,0.3364,0.4240,0.3795
03-01-06-01-02-01-24.wav,0.4639,0.3144,0.4594
03-01-06-01-02-02-01.wav,0.2174,0.2938,0.2988
03-01-06-01-02-02-02.wav,0.4445,0.3200,0.4414
03-01-06-01-02-02-03.wav,0.4676,0.3309,0.4313
03-01-06-01-02-02-04.wav,0.5902,0.3492,0.5912
03-01-06-01-02-02-05.wav,0.5818,0.3705,0.6071
03-01-06-01-02-02-06.wav,0.5244,0.3188,0.5300
03-01-06-01-02-02-07.wav,0.4290,0.3964,0.4603
03-01-06-01-02-02-08.wav,0.5038,0.3438,0.5387
03-01-06-01-02-02-09.wav,0.2284,0.3756,0.3387
03-01-06-01-02-02-10.wav,0.2538,0.2743,0.3334
03-01-06-01-02-02-11.wav,0.3563,0.3275,0.4434
03-01-06-01-02-02-12.wav,0.6446,0.4168,0.6644
03-01-06-01-02-02-13.wav,0.6211,0.3640,0.6603
03-01-06-01-02-02-14.wav,0.4113,0.2968,0.4138
03-01-06-01-02-02-15.wav,0.4398,0.3235,0.4481
03-01-06-01-02-02-16.wav,0.5919,0.3413,0.5960
03-01-06-01-02-02-17.wav,0.7311,0.3865,0.7050
03-01-06-01-02-02-18.wav,0.5105,0.3706,0.5069
03-01-06-01-02-02-19.wav,0.3481,0.3760,0.3817
03-01-06-01-02-02-20.wav,0.2608,0.3137,0.3084
03-01-06-01-02-02-21.wav,0.3545,0.3753,0.4257
03-01-06-01-02-02-22.wav,0.4703,0.4043,0.5185
03-01-06-01-02-02-23.wav,0.3966,0.4473,0.4357
03-01-06-01-02-02-24.wav,0.5722,0.2755,0.5826
03-01-06-02-01-01-01.wav,0.5325,0.2403,0.4217
03-01-06-02-01-01-02.wav,0.4721,0.3453,0.4427
03-01-06-02-01-01-03.wav,0.7868,0.6404,0.6847
03-01-06-02-01-01-04.wav,0.7484,0.2744,0.6783
03-01-06-02-01-01-05.wav,0.7456,0.3225,0.6650
03-01-06-02-01-01-06.wav,0.6768,0.3273,0.6327
03-01-06-02-01-01-07.wav,0.7186,0.2902,0.6919
03-01-06-02-01-01-08.wav,0.6462,0.3030,0.6117
03-01-06-02-01-01-09.wav,0.6283,0.6920,0.5284
03-01-06-02-01-01-10.wav,0.6136,0.3569,0.5576
03-01-06-02-01-01-11.wav,0.6536,0.3141,0.6284
03-01-06-02-01-01-12.wav,0.7286,0.3141,0.6902
03-01-06-02-01-01-13.wav,0.5822,0.3223,0.6246
03-01-06-02-01-01-14.wav,0.7613,0.3795,0.7209
03-01-06-02-01-01-15.wav,0.5448,0.3072,0.5431
03-01-06-02-01-01-16.wav,0.7375,0.4274,0.6990
03-01-06-02-01-01-17.wav,0.7157,0.3501,0.6825
03-01-06-02-01-01-18.wav,0.7312,0.3915,0.6675
03-01-06-02-01-01-19.wav,0.7674,0.4502,0.6972
03-01-06-02-01-01-20.wav,0.7420,0.5221,0.6787
03-01-06-02-01-01-21.wav,0.5290,0.4605,0.5328
03-01-06-02-01-01-22.wav,0.6448,0.2989,0.6148
03-01-06-02-01-01-23.wav,0.4465,0.3687,0.4605
03-01-06-02-01-01-24.wav,0.8049,0.4005,0.7747
03-01-06-02-01-02-01.wav,0.5650,0.3332,0.4818
03-01-06-02-01-02-02.wav,0.6257,0.3799,0.5874
03-01-06-02-01-02-03.wav,0.7934,0.4449,0.6895
03-01-06-02-01-02-04.wav,0.7838,0.3121,0.7434
03-01-06-02-01-02-05.wav,0.7779,0.4106,0.7239
03-01-06-02-01-02-06.wav,0.7212,0.3006,0.6730
03-01-06-02-01-02-07.wav,0.6051,0.3158,0.5535
03-01-06-02-01-02-08.wav,0.6728,0.3802,0.6240
03-01-06-02-01-02-09.wav,0.3755,0.3292,0.4005
03-01-06-02-01-02-10.wav,0.5923,0.3311,0.5688
03-01-06-02-01-02-11.wav,0.6290,0.3302,0.5957
03-01-06-02-01-02-12.wav,0.7982,0.3001,0.7519
03-01-06-02-01-02-13.wav,0.8062,0.3039,0.7740
03-01-06-02-01-02-14.wav,0.8010,0.3633,0.7573
03-01-06-02-01-02-15.wav,0.5691,0.3840,0.5419
03-01-06-02-01-02-16.wav,0.7793,0.3540,0.7215
03-01-06-02-01-02-17.wav,0.7653,0.3513,0.7209
03-01-06-02-01-02-18.wav,0.6756,0.4666,0.6189
03-01-06-02-01-02-19.wav,0.8190,0.2594,0.7821
03-01-06-02-01-02-20.wav,0.7913,0.5470,0.7388
03-01-06-02-01-02-21.wav,0.5868,0.5076,0.5647
03-01-06-02-01-02-22.wav,0.6701,0.3495,0.6524
03-01-06-02-01-02-23.wav,0.4757,0.3942,0.4920
03-01-06-02-01-02-24.wav,0.7019,0.2773,0.6481
03-01-06-02-02-01-01.wav,0.6618,0.3547,0.6188
03-01-06-02-02-01-02.wav,0.6442,0.4156,0.5972
03-01-06-02-02-01-03.wav,0.8164,0.5655,0.6950
03-01-06-02-02-01-04.wav,0.8332,0.3542,0.8152
03-01-06-02-02-01-05.wav,0.7089,0.3257,0.6558
03-01-06-02-02-01-06.wav,0.7850,0.2796,0.7423
03-01-06-02-02-01-07.wav,0.8388,0.3322,0.8082
03-01-06-02-02-01-08.wav,0.6814,0.3738,0.6422
03-01-06-02-02-01-09.wav,0.6044,0.3568,0.5461
03-01-06-02-02-01-10.wav,0.5805,0.3241,0.5491
03-01-06-02-02-01-11.wav,0.7455,0.3634,0.6911
03-01-06-02-02-01-12.wav,0.8175,0.3396,0.7843
03-01-06-02-02-01-13.wav,0.7884,0.2562,0.7860
03-01-06-02-02-01-14.wav,0.7320,0.4226,0.6796
03-01-06-02-02-01-15.wav,0.4640,0.3557,0.4726
03-01-06-02-02-01-16.wav,0.7926,0.3771,0.7419
03-01-06-02-02-01-17.wav,0.7619,0.4006,0.7476
03-01-06-02-02-01-18.wav,0.7207,0.5496,0.6681
03-01-06-02-02-01-19.wav,0.8319,0.3445,0.7719
03-01-06-02-02-01-20.wav,0.7765,0.4821,0.7420
03-01-06-02-02-01-21.wav,0.5929,0.5042,0.5746
03-01-06-02-02-01-22.wav,0.6467,0.3695,0.6460
03-01-06-02-02-01-23.wav,0.5311,0.3913,0.5420
03-01-06-02-02-01-24.wav,0.7343,0.3377,0.6668
03-01-06-02-02-02-01.wav,0.6717,0.3441,0.5615
03-01-06-02-02-02-02.wav,0.5194,0.3920,0.4855
03-01-06-02-02-02-03.wav,0.7963,0.5089,0.6870
03-01-06-02-02-02-04.wav,0.8116,0.3333,0.7837
03-01-06-02-02-02-05.wav,0.7110,0.3682,0.6384
03-01-06-02-02-02-06.wav,0.7100,0.3767,0.6709
03-01-06-02-02-02-07.wav,0.8063,0.3771,0.7764
03-01-06-02-02-02-08.wav,0.6964,0.3153,0.6661
03-01-06-02-02-02-09.wav,0.7051,0.7220,0.6321
03-01-06-02-02-02-10.wav,0.3745,0.3264,0.3936
03-01-06-02-02-02-11.wav,0.6820,0.3421,0.6453
03-01-06-02-02-02-12.wav,0.7686,0.3400,0.7366
03-01-06-02-02-02-13.wav,0.5414,0.4066,0.6027
03-01-06-02-02-02-14.wav,0.7221,0.3574,0.6684
03-01-06-02-02-02-15.wav,0.5445,0.3838,0.5347
03-01-06-02-02-02-16.wav,0.7882,0.3280,0.7406
03-01-06-02-02-02-17.wav,0.7311,0.4508,0.6928
03-01-06-02-02-02-18.wav,0.7177,0.4862,0.6639
03-01-06-02-02-02-19.wav,0.8154,0.3276,0.7641
03-01-06-02-02-02-20.wav,0.7654,0.3836,0.7094
03-01-06-02-02-02-21.wav,0.5445,0.4141,0.5283
03-01-06-02-02-02-22.wav,0.6914,0.3562,0.6655
03-01-06-02-02-02-23.wav,0.4501,0.3718,0.4525
03-01-06-02-02-02-24.wav,0.8028,0.3295,0.7856
03-01-07-01-01-01-01.wav,0.2628,0.2399,0.3403
03-01-07-01-01-01-02.wav,0.3782,0.3148,0.4560
03-01-07-01-01-01-03.wav,0.4230,0.2604,0.4225
03-01-07-01-01-01-04.wav,0.4840,0.2836,0.5661
03-01-07-01-01-01-05.wav,0.2850,0.2991,0.4238
03-01-07-01-01-01-06.wav,0.3359,0.1903,0.4036
03-01-07-01-01-01-07.wav,0.4034,0.3166,0.4918
03-01-07-01-01-01-08.wav,0.2941,0.3274,0.4163
03-01-07-01-01-01-09.wav,0.2553,0.3246,0.3098
03-01-07-01-01-01-10.wav,0.2235,0.2543,0.3275
03-01-07-01-01-01-11.wav,0.3760,0.2637,0.4946
03-01-07-01-01-01-12.wav,0.3154,0.3009,0.4132
03-01-07-01-01-01-13.wav,0.3816,0.4440,0.4533
03-01-07-01-01-01-14.wav,0.5302,0.3203,0.5159
03-01-07-01-01-01-15.wav,0.3062,0.3376,0.3444
03-01-07-01-01-01-16.wav,0.5016,0.3146,0.5603
03-01-07-01-01-01-17.wav,0.3372,0.3294,0.4403
03-01-07-01-01-01-18.wav,0.4111,0.2937,0.4271
03-01-07-01-01-01-19.wav,0.4130,0.2306,0.4397
03-01-07-01-01-01-20.wav,0.5362,0.3573,0.5691
03-01-07-01-01-01-21.wav,0.4263,0.3634,0.5293
03-01-07-01-01-01-22.wav,0.4185,0.3993,0.4908
03-01-07-01-01-01-23.wav,0.3376,0.2754,0.4205
03-01-07-01-01-01-24.wav,0.3491,0.2909,0.4546
03-01-07-01-01-02-01.wav,0.3278,0.2612,0.3999
03-01-07-01-01-02-02.wav,0.3224,0.2831,0.4182
03-01-07-01-01-02-03.wav,0.4234,0.2190,0.5160
03-01-07-01-01-02-04.wav,0.5141,0.3547,0.5608
03-01-07-01-01-02-05.wav,0.3514,0.2779,0.4742
03-01-07-01-01-02-06.wav,0.3069,0.1735,0.3750
03-01-07-01-01-02-07.wav,0.3252,0.3024,0.4300
03-01-07-01-01-02-08.wav,0.3132,0.3172,0.4209
03-01-07-01-01-02-09.wav,0.2138,0.2786,0.2860
03-01-07-01-01-02-10.wav,0.2649,0.2893,0.3739
03-01-07-01-01-02-11.wav,0.4551,0.2768,0.5621
03-01-07-01-01-02-12.wav,0.3323,0.3693,0.4362
03-01-07-01-01-02-13.wav,0.4411,0.4622,0.4977
03-01-07-01-01-02-14.wav,0.4480,0.2720,0.4747
03-01-07-01-01-02-15.wav,0.2430,0.3362,0.3423
03-01-07-01-01-02-16.wav,0.5912,0.2657,0.6625
03-01-07-01-01-02-17.wav,0.3781,0.3739,0.4590
03-01-07-01-01-02-18.wav,0.4549,0.3330,0.4957
03-01-07-01-01-02-19.wav,0.3457,0.2427,0.4160
03-01-07-01-01-02-20.wav,0.4530,0.2761,0.4779
03-01-07-01-01-02-21.wav,0.4024,0.3696,0.5134
03-01-07-01-01-02-22.wav,0.4092,0.3303,0.5054
03-01-07-01-01-02-23.wav,0.3241,0.3023,0.3743
03-01-07-01-01-02-24.wav,0.3821,0.2662,0.4713
03-01-07-01-02-01-01.wav,0.2526,0.2544,0.3146
03-01-07-01-02-01-02.wav,0.3809,0.3153,0.4808
03-01-07-01-02-01-03.wav,0.3853,0.2479,0.4288
03-01-07-01-02-01-04.wav,0.6196,0.2729,0.6530
03-01-07-01-02-01-05.wav,0.3161,0.2552,0.4596
03-01-07-01-02-01-06.wav,0.3839,0.2639,0.3970
03-01-07-01-02-01-07.wav,0.3826,0.3781,0.4745
03-01-07-01-02-01-08.wav,0.3192,0.3434,0.4227
03-01-07-01-02-01-09.wav,0.2249,0.3584,0.3166
03-01-07-01-02-01-10.wav,0.2627,0.2329,0.4034
03-01-07-01-02-01-11.wav,0.3578,0.3101,0.4630
03-01-07-01-02-01-12.wav,0.3430,0.3965,0.4388
03-01-07-01-02-01-13.wav,0.3667,0.3678,0.4729
03-01-07-01-02-01-14.wav,0.4955,0.2772,0.5331
03-01-07-01-02-01-15.wav,0.3050,0.3654,0.3681
03-01-07-01-02-01-16.wav,0.4761,0.3979,0.5584
03-01-07-01-02-01-17.wav,0.2900,0.3403,0.4077
03-01-07-01-02-01-18.wav,0.5483,0.3465,0.5698
03-01-07-01-02-01-19.wav,0.4679,0.3528,0.4674
03-01-07-01-02-01-20.wav,0.4161,0.3378,0.4668
03-01-07-01-02-01-21.wav,0.4643,0.4176,0.5572
03-01-07-01-02-01-22.wav,0.3944,0.4069,0.4726
03-01-07-01-02-01-23.wav,0.3323,0.2998,0.3873
03-01-07-01-02-01-24.wav,0.3471,0.2674,0.4105
03-01-07-01-02-02-01.wav,0.2539,0.2922,0.3335
03-01-07-01-02-02-02.wav,0.3683,0.3228,0.4518
03-01-07-01-02-02-03.wav,0.4121,0.2419,0.4334
03-01-07-01-02-02-04.wav,0.6596,0.3155,0.6643
03-01-07-01-02-02-05.wav,0.3686,0.2637,0.4876
03-01-07-01-02-02-06.wav,0.3286,0.2237,0.3730
03-01-07-01-02-02-07.wav,0.4427,0.3730,0.5275
03-01-07-01-02-02-08.wav,0.3722,0.3563,0.4871
03-01-07-01-02-02-09.wav,0.2354,0.3045,0.3183
03-01-07-01-02-02-10.wav,0.3099,0.2428,0.4143
03-01-07-01-02-02-11.wav,0.3811,0.2905,0.5375
03-01-07-01-02-02-12.wav,0.4184,0.4258,0.4932
03-01-07-01-02-02-13.wav,0.4729,0.3494,0.5712
03-01-07-01-02-02-14.wav,0.5637,0.2940,0.5832
03-01-07-01-02-02-15.wav,0.3873,0.3634,0.4617
03-01-07-01-02-02-16.wav,0.5013,0.2990,0.5862
03-01-07-01-02-02-17.wav,0.2947,0.3468,0.4266
03-01-07-01-02-02-18.wav,0.4353,0.3162,0.4612
03-01-07-01-02-02-19.wav,0.5275,0.2869,0.5196
03-01-07-01-02-02-20.wav,0.3526,0.2698,0.3815
03-01-07-01-02-02-21.wav,0.4410,0.4095,0.5165
03-01-07-01-02-02-22.wav,0.3855,0.3611,0.4620
03-01-07-01-02-02-23.wav,0.3343,0.3027,0.3932
03-01-07-01-02-02-24.wav,0.3245,0.2489,0.3888
03-01-07-02-01-01-01.wav,0.5801,0.2882,0.6100
03-01-07-02-01-01-02.wav,0.4953,0.3623,0.5584
03-01-07-02-01-01-03.wav,0.3088,0.2070,0.3391
03-01-07-02-01-01-04.wav,0.5771,0.3316,0.6197
03-01-07-02-01-01-05.wav,0.4596,0.2387,0.5853
03-01-07-02-01-01-06.wav,0.6022,0.2462,0.5357
03-01-07-02-01-01-07.wav,0.6587,0.2898,0.7121
03-01-07-02-01-01-08.wav,0.3450,0.2384,0.4354
03-01-07-02-01-01-09.wav,0.2963,0.2562,0.3654
03-01-07-02-01-01-10.wav,0.5178,0.2791,0.5701
03-01-07-02-01-01-11.wav,0.4526,0.2824,0.5478
03-01-07-02-01-01-12.wav,0.5116,0.3137,0.5793
03-01-07-02-01-01-13.wav,0.5309,0.3456,0.6028
03-01-07-02-01-01-14.wav,0.4720,0.3284,0.4792
03-01-07-02-01-01-15.wav,0.4086,0.4036,0.4787
03-01-07-02-01-01-16.wav,0.4576,0.2143,0.5749
03-01-07-02-01-01-17.wav,0.5531,0.2895,0.6165
03-01-07-02-01-01-18.wav,0.6357,0.2708,0.5781
03-01-07-02-01-01-19.wav,0.6189,0.2363,0.6026
03-01-07-02-01-01-20.wav,0.6341,0.3423,0.6378
03-01-07-02-01-01-21.wav,0.3197,0.3190,0.4608
03-01-07-02-01-01-22.wav,0.4588,0.3028,0.5334
03-01-07-02-01-01-23.wav,0.4243,0.2711,0.5071
03-01-07-02-01-01-24.wav,0.2866,0.2212,0.3955
03-01-07-02-01-02-01.wav,0.5169,0.3330,0.5213
03-01-07-02-01-02-02.wav,0.4774,0.3256,0.5673
03-01-07-02-01-02-03.wav,0.3161,0.1979,0.3623
03-01-07-02-01-02-04.wav,0.5185,0.3467,0.5692
03-01-07-02-01-02-05.wav,0.4768,0.2625,0.5790
03-01-07-02-01-02-06.wav,0.5147,0.2794,0.5133
03-01-07-02-01-02-07.wav,0.6180,0.3296,0.6893
03-01-07-02-01-02-08.wav,0.3336,0.2893,0.4355
03-01-07-02-01-02-09.wav,0.2121,0.2506,0.2418
03-01-07-02-01-02-10.wav,0.5101,0.2760,0.5748
03-01-07-02-01-02-11.wav,0.3142,0.2469,0.4086
03-01-07-02-01-02-12.wav,0.5366,0.3441,0.5928
03-01-07-02-01-02-13.wav,0.5514,0.3529,0.6081
03-01-07-02-01-02-14.wav,0.4331,0.3248,0.4209
03-01-07-02-01-02-15.wav,0.2815,0.3326,0.3377
03-01-07-02-01-02-16.wav,0.5721,0.2596,0.6529
03-01-07-02-01-02-17.wav,0.5513,0.3292,0.6010
03-01-07-02-01-02-18.wav,0.5949,0.2774,0.5232
03-01-07-02-01-02-19.wav,0.7494,0.2498,0.6895
03-01-07-02-01-02-20.wav,0.5648,0.3907,0.4793
03-01-07-02-01-02-21.wav,0.3240,0.3158,0.4673
03-01-07-02-01-02-22.wav,0.4684,0.3216,0.5557
03-01-07-02-01-02-23.wav,0.4451,0.2779,0.5290
03-01-07-02-01-02-24.wav,0.4860,0.2675,0.4963
03-01-07-02-02-01-01.wav,0.4024,0.2485,0.4381
03-01-07-02-02-01-02.wav,0.4621,0.3482,0.5377
03-01-07-02-02-01-03.wav,0.5078,0.2527,0.5433
03-01-07-02-02-01-04.wav,0.5608,0.3044,0.5840
03-01-07-02-02-01-05.wav,0.4531,0.2296,0.5448
03-01-07-02-02-01-06.wav,0.6372,0.2492,0.6918
03-01-07-02-02-01-07.wav,0.5163,0.3361,0.6272
03-01-07-02-02-01-08.wav,0.3791,0.3287,0.5063
03-01-07-02-02-01-09.wav,0.2510,0.2420,0.2940
03-01-07-02-02-01-10.wav,0.3626,0.2692,0.4196
03-01-07-02-02-01-11.wav,0.3577,0.2511,0.4709
03-01-07-02-02-01-12.wav,0.6377,0.3578,0.7085
03-01-07-02-02-01-13.wav,0.4070,0.3622,0.5080
03-01-07-02-02-01-14.wav,0.5065,0.3495,0.5605
03-01-07-02-02-01-15.wav,0.3344,0.3613,0.3651
03-01-07-02-02-01-16.wav,0.5299,0.3320,0.6209
03-01-07-02-02-01-17.wav,0.5206,0.2944,0.6033
03-01-07-02-02-01-18.wav,0.6464,0.3051,0.6625
03-01-07-02-02-01-19.wav,0.8231,0.1992,0.8385
03-01-07-02-02-01-20.wav,0.6817,0.2808,0.6693
03-01-07-02-02-01-21.wav,0.4031,0.3407,0.5414
03-01-07-02-02-01-22.wav,0.4600,0.3179,0.5212
03-01-07-02-02-01-23.wav,0.5166,0.2813,0.5578
03-01-07-02-02-01-24.wav,0.4863,0.3108,0.5182
03-01-07-02-02-02-01.wav,0.5397,0.3138,0.5479
03-01-07-02-02-02-02.wav,0.4423,0.3542,0.5071
03-01-07-02-02-02-03.wav,0.5833,0.2558,0.5393
03-01-07-02-02-02-04.wav,0.7279,0.3228,0.7415
03-01-07-02-02-02-05.wav,0.4868,0.2124,0.6208
03-01-07-02-02-02-06.wav,0.6084,0.2258,0.6016
03-01-07-02-02-02-07.wav,0.5131,0.2751,0.6391
03-01-07-02-02-02-08.wav,0.4441,0.3565,0.5473
03-01-07-02-02-02-09.wav,0.3100,0.3402,0.3676
03-01-07-02-02-02-10.wav,0.4955,0.2722,0.5416
03-01-07-02-02-02-11.wav,0.4462,0.3212,0.5746
03-01-07-02-02-02-12.wav,0.4866,0.3214,0.5475
03-01-07-02-02-02-13.wav,0.4415,0.3185,0.5541
03-01-07-02-02-02-14.wav,0.5577,0.3414,0.5515
03-01-07-02-02-02-15.wav,0.4755,0.3375,0.5314
03-01-07-02-02-02-16.wav,0.5497,0.2980,0.6488
03-01-07-02-02-02-17.wav,0.4451,0.2619,0.5429
03-01-07-02-02-02-18.wav,0.7637,0.2906,0.7715
03-01-07-02-02-02-19.wav,0.7809,0.2574,0.7630
03-01-07-02-02-02-20.wav,0.7482,0.3039,0.7468
03-01-07-02-02-02-21.wav,0.3605,0.3483,0.5053
03-01-07-02-02-02-22.wav,0.5236,0.3427,0.6106
03-01-07-02-02-02-23.wav,0.4263,0.3446,0.4925
03-01-07-02-02-02-24.wav,0.4089,0.2746,0.4092
03-01-08-01-01-01-01.wav,0.3900,0.4046,0.4526
03-01-08-01-01-01-02.wav,0.5403,0.4823,0.5611
03-01-08-01-01-01-03.wav,0.5539,0.4050,0.5670
03-01-08-01-01-01-04.wav,0.5518,0.4633,0.5680
03-01-08-01-01-01-05.wav,0.5987,0.3278,0.6402
03-01-08-01-01-01-06.wav,0.5097,0.3823,0.5392
03-01-08-01-01-01-07.wav,0.5308,0.3533,0.5948
03-01-08-01-01-01-08.wav,0.4049,0.3187,0.4391
03-01-08-01-01-01-09.wav,0.2511,0.3424,0.3628
03-01-08-01-01-01-10.wav,0.4786,0.4630,0.5140
03-01-08-01-01-01-11.wav,0.4931,0.3986,0.5153
03-01-08-01-01-01-12.wav,0.4805,0.4518,0.5270
03-01-08-01-01-01-13.wav,0.6402,0.4131,0.6688
03-01-08-01-01-01-14.wav,0.4736,0.3983,0.5167
03-01-08-01-01-01-15.wav,0.3211,0.3517,0.3890
03-01-08-01-01-01-16.wav,0.5411,0.4420,0.5796
03-01-08-01-01-01-17.wav,0.5119,0.5241,0.5359
03-01-08-01-01-01-18.wav,0.4134,0.4211,0.4287
03-01-08-01-01-01-19.wav,0.2835,0.2966,0.3610
03-01-08-01-01-01-20.wav,0.5920,0.3616,0.5851
03-01-08-01-01-01-21.wav,0.5505,0.5301,0.5805
03-01-08-01-01-01-22.wav,0.6203,0.4428,0.6476
03-01-08-01-01-01-23.wav,0.6713,0.5091,0.6728
03-01-08-01-01-01-24.wav,0.4849,0.3999,0.4902
03-01-08-01-01-02-01.wav,0.3299,0.3920,0.3882
03-01-08-01-01-02-02.wav,0.5418,0.5036,0.5607
03-01-08-01-01-02-03.wav,0.6419,0.4753,0.6037
03-01-08-01-01-02-04.wav,0.6294,0.4640,0.6325
03-01-08-01-01-02-05.wav,0.6162,0.3540,0.6574
03-01-08-01-01-02-06.wav,0.5195,0.4510,0.5552
03-01-08-01-01-02-07.wav,0.5607,0.3510,0.6234
03-01-08-01-01-02-08.wav,0.4318,0.3679,0.4889
03-01-08-01-01-02-09.wav,0.2695,0.3496,0.3709
03-01-08-01-01-02-10.wav,0.3674,0.3181,0.4682
03-01-08-01-01-02-11.wav,0.5611,0.3995,0.5749
03-01-08-01-01-02-12.wav,0.5042,0.4689,0.5447
03-01-08-01-01-02-13.wav,0.5623,0.5210,0.5822
03-01-08-01-01-02-14.wav,0.5075,0.4085,0.5451
03-01-08-01-01-02-15.wav,0.4215,0.3930,0.4651
03-01-08-01-01-02-16.wav,0.6374,0.4049,0.6726
03-01-08-01-01-02-17.wav,0.4853,0.4114,0.5417
03-01-08-01-01-02-18.wav,0.4175,0.4180,0.4599
03-01-08-01-01-02-19.wav,0.4215,0.4777,0.4520
03-01-08-01-01-02-20.wav,0.6528,0.4496,0.6176
03-01-08-01-01-02-21.wav,0.5536,0.4979,0.5725
03-01-08-01-01-02-22.wav,0.6297,0.3980,0.6579
03-01-08-01-01-02-23.wav,0.6153,0.5431,0.6261
03-01-08-01-01-02-24.wav,0.6657,0.4351,0.6438
03-01-08-01-02-01-01.wav,0.2828,0.3572,0.3731
03-01-08-01-02-01-02.wav,0.5426,0.5031,0.5780
03-01-08-01-02-01-03.wav,0.4622,0.3967,0.4831
03-01-08-01-02-01-04.wav,0.7083,0.4384,0.7431
03-01-08-01-02-01-05.wav,0.6204,0.4213,0.6520
03-01-08-01-02-01-06.wav,0.5709,0.4522,0.5865
03-01-08-01-02-01-07.wav,0.5148,0.4149,0.5914
03-01-08-01-02-01-08.wav,0.4892,0.4214,0.5208
03-01-08-01-02-01-09.wav,0.2768,0.3672,0.3836
03-01-08-01-02-01-10.wav,0.5075,0.3597,0.5603
03-01-08-01-02-01-11.wav,0.5606,0.3502,0.6204
03-01-08-01-02-01-12.wav,0.4942,0.4824,0.5427
03-01-08-01-02-01-13.wav,0.5426,0.4966,0.5884
03-01-08-01-02-01-14.wav,0.5016,0.4667,0.5273
03-01-08-01-02-01-15.wav,0.2863,0.3597,0.3644
03-01-08-01-02-01-16.wav,0.6595,0.4302,0.6908
03-01-08-01-02-01-17.wav,0.5371,0.4583,0.5709
03-01-08-01-02-01-18.wav,0.4664,0.4373,0.5128
03-01-08-01-02-01-19.wav,0.3452,0.3486,0.3931
03-01-08-01-02-01-20.wav,0.5551,0.4718,0.5549
03-01-08-01-02-01-21.wav,0.5254,0.4535,0.5481
03-01-08-01-02-01-22.wav,0.6048,0.4922,0.6338
03-01-08-01-02-01-23.wav,0.6339,0.5286,0.6314
03-01-08-01-02-01-24.wav,0.4970,0.3970,0.5288
03-01-08-01-02-02-01.wav,ERROR,ERROR,ERROR
03-01-08-01-02-02-02.wav,0.5704,0.4934,0.6024
03-01-08-01-02-02-03.wav,0.6263,0.5305,0.6259
03-01-08-01-02-02-04.wav,0.6461,0.4591,0.6730
03-01-08-01-02-02-05.wav,0.4826,0.3087,0.4932
03-01-08-01-02-02-06.wav,0.5613,0.4821,0.5793
03-01-08-01-02-02-07.wav,0.5005,0.3562,0.5697
03-01-08-01-02-02-08.wav,0.5087,0.4518,0.5559
03-01-08-01-02-02-09.wav,0.3021,0.4014,0.3991
03-01-08-01-02-02-10.wav,0.3591,0.3557,0.4366
03-01-08-01-02-02-11.wav,0.5410,0.4004,0.5510
03-01-08-01-02-02-12.wav,0.5034,0.4260,0.5665
03-01-08-01-02-02-13.wav,0.5319,0.4985,0.5587
03-01-08-01-02-02-14.wav,0.5432,0.4092,0.5598
03-01-08-01-02-02-15.wav,0.3663,0.4365,0.4080
03-01-08-01-02-02-16.wav,0.7032,0.4709,0.7352
03-01-08-01-02-02-17.wav,0.4997,0.4381,0.5613
03-01-08-01-02-02-18.wav,0.4527,0.4489,0.4840
03-01-08-01-02-02-19.wav,0.4659,0.4992,0.5023
03-01-08-01-02-02-20.wav,0.5630,0.5093,0.5765
03-01-08-01-02-02-21.wav,0.5137,0.4738,0.5648
03-01-08-01-02-02-22.wav,0.6575,0.4988,0.6776
03-01-08-01-02-02-23.wav,0.6634,0.5278,0.6578
03-01-08-01-02-02-24.wav,0.5634,0.4892,0.5741
03-01-08-02-01-01-01.wav,0.5319,0.4171,0.5636
03-01-08-02-01-01-02.wav,0.6633,0.3999,0.6783
03-01-08-02-01-01-03.wav,0.6203,0.4203,0.6076
03-01-08-02-01-01-04.wav,0.7043,0.4505,0.6913
03-01-08-02-01-01-05.wav,0.5986,0.2985,0.6380
03-01-08-02-01-01-06.wav,0.5524,0.4523,0.5644
03-01-08-02-01-01-07.wav,0.6032,0.2966,0.6349
03-01-08-02-01-01-08.wav,0.6168,0.3776,0.6198
03-01-08-02-01-01-09.wav,0.4160,0.3556,0.4915
03-01-08-02-01-01-10.wav,0.5532,0.3465,0.6027
03-01-08-02-01-01-11.wav,0.6034,0.3802,0.6247
03-01-08-02-01-01-12.wav,0.6224,0.4726,0.6468
03-01-08-02-01-01-13.wav,0.6109,0.4089,0.6378
03-01-08-02-01-01-14.wav,0.5776,0.3460,0.6275
03-01-08-02-01-01-15.wav,0.5108,0.3856,0.5192
03-01-08-02-01-01-16.wav,0.6497,0.4543,0.6649
03-01-08-02-01-01-17.wav,0.6086,0.4021,0.6474
03-01-08-02-01-01-18.wav,0.5438,0.3748,0.5435
03-01-08-02-01-01-19.wav,0.4979,0.3508,0.5316
03-01-08-02-01-01-20.wav,0.6979,0.5462,0.6603
03-01-08-02-01-01-21.wav,0.6412,0.4097,0.6558
03-01-08-02-01-01-22.wav,0.6378,0.4340,0.6693
03-01-08-02-01-01-23.wav,0.6743,0.5146,0.6562
03-01-08-02-01-01-24.wav,0.6034,0.4025,0.6131
03-01-08-02-01-02-01.wav,0.5456,0.4091,0.5851
03-01-08-02-01-02-02.wav,0.5975,0.4727,0.6206
03-01-08-02-01-02-03.wav,0.7418,0.5180,0.7126
03-01-08-02-01-02-04.wav,0.7177,0.4451,0.7208
03-01-08-02-01-02-05.wav,0.6756,0.2960,0.7081
03-01-08-02-01-02-06.wav,0.7735,0.4213,0.7799
03-01-08-02-01-02-07.wav,0.5262,0.3724,0.5606
03-01-08-02-01-02-08.wav,0.5170,0.3745,0.5415
03-01-08-02-01-02-09.wav,0.3409,0.3705,0.4297
03-01-08-02-01-02-10.wav,0.6269,0.4127,0.6516
03-01-08-02-01-02-11.wav,0.6885,0.3604,0.6936
03-01-08-02-01-02-12.wav,0.6332,0.4560,0.6481
03-01-08-02-01-02-13.wav,0.5841,0.4138,0.6354
03-01-08-02-01-02-14.wav,0.6525,0.3803,0.6594
03-01-08-02-01-02-15.wav,0.4425,0.4310,0.4599
03-01-08-02-01-02-16.wav,0.6904,0.4273,0.7138
03-01-08-02-01-02-17.wav,0.5074,0.4210,0.5532
03-01-08-02-01-02-18.wav,0.5380,0.4221,0.5697
03-01-08-02-01-02-19.wav,0.4776,0.3457,0.4902
03-01-08-02-01-02-20.wav,0.5961,0.4029,0.5770
03-01-08-02-01-02-21.wav,0.6082,0.4922,0.6190
03-01-08-02-01-02-22.wav,0.6751,0.4093,0.7079
03-01-08-02-01-02-23.wav,0.7067,0.4615,0.6909
03-01-08-02-01-02-24.wav,0.6372,0.4459,0.6446
03-01-08-02-02-01-01.wav,0.4507,0.3958,0.4922
03-01-08-02-02-01-02.wav,0.6485,0.4644,0.6667
03-01-08-02-02-01-03.wav,0.7123,0.4740,0.6680
03-01-08-02-02-01-04.wav,0.7683,0.4744,0.7650
03-01-08-02-02-01-05.wav,0.5944,0.2785,0.6454
03-01-08-02-02-01-06.wav,0.7572,0.4260,0.7566
03-01-08-02-02-01-07.wav,0.7159,0.3827,0.7031
03-01-08-02-02-01-08.wav,0.6294,0.3702,0.6683
03-01-08-02-02-01-09.wav,0.3310,0.3720,0.4108
03-01-08-02-02-01-10.wav,0.6880,0.3420,0.7080
03-01-08-02-02-01-11.wav,0.6808,0.4271,0.6932
03-01-08-02-02-01-12.wav,0.6164,0.4844,0.6605
03-01-08-02-02-01-13.wav,0.6376,0.4494,0.6915
03-01-08-02-02-01-14.wav,0.6157,0.3946,0.6343
03-01-08-02-02-01-15.wav,0.4039,0.3857,0.4498
03-01-08-02-02-01-16.wav,0.6938,0.4202,0.7150
03-01-08-02-02-01-17.wav,0.7232,0.4581,0.7063
03-01-08-02-02-01-18.wav,0.5774,0.4127,0.6208
03-01-08-02-02-01-19.wav,0.5745,0.5050,0.5534
03-01-08-02-02-01-20.wav,0.7714,0.6106,0.7458
03-01-08-02-02-01-21.wav,0.6258,0.4190,0.6436
03-01-08-02-02-01-22.wav,0.7504,0.4395,0.7664
03-01-08-02-02-01-23.wav,0.7260,0.5136,0.7056
03-01-08-02-02-01-24.wav,0.6390,0.2851,0.6179
03-01-08-02-02-02-01.wav,0.6147,0.4724,0.6315
03-01-08-02-02-02-02.wav,0.6521,0.4607,0.6843
03-01-08-02-02-02-03.wav,0.5909,0.3953,0.6044
03-01-08-02-02-02-04.wav,0.8004,0.4012,0.7962
03-01-08-02-02-02-05.wav,0.5360,0.2959,0.5776
03-01-08-02-02-02-06.wav,0.7305,0.4517,0.7166
03-01-08-02-02-02-07.wav,0.5892,0.3720,0.6351
03-01-08-02-02-02-08.wav,0.5348,0.3973,0.5467
03-01-08-02-02-02-09.wav,0.3495,0.3888,0.4396
03-01-08-02-02-02-10.wav,0.6119,0.3047,0.6430
03-01-08-02-02-02-11.wav,0.6800,0.4190,0.6761
03-01-08-02-02-02-12.wav,0.6057,0.4615,0.6405
03-01-08-02-02-02-13.wav,0.6772,0.4307,0.7163
03-01-08-02-02-02-14.wav,0.5748,0.4070,0.6059
03-01-08-02-02-02-15.wav,0.3780,0.3732,0.4092
03-01-08-02-02-02-16.wav,0.6799,0.4664,0.7056
03-01-08-02-02-02-17.wav,0.6824,0.3779,0.6887
03-01-08-02-02-02-18.wav,0.5891,0.3435,0.6139
03-01-08-02-02-02-19.wav,0.5968,0.3689,0.6353
03-01-08-02-02-02-20.wav,0.5914,0.3735,0.5602
03-01-08-02-02-02-21.wav,0.6243,0.4531,0.6464
03-01-08-02-02-02-22.wav,0.6991,0.4214,0.7249
03-01-08-02-02-02-23.wav,0.6913,0.5261,0.6682
03-01-08-02-02-02-24.wav,0.6879,0.3601,0.6907
