,Filename,Arousal,Valence,Dominance,Category,Intensity,Speaker,Take,Sentence
672,03-01-05-01-01-01-01.wav,0.6239,0.3909,0.6808,angry,normal,01,01,01
696,03-01-05-01-01-02-01.wav,0.5908,0.3788,0.6489,angry,normal,01,02,01
768,03-01-05-02-01-01-01.wav,0.8446,0.3037,0.8192,angry,strong,01,01,01
792,03-01-05-02-01-02-01.wav,0.7765,0.3134,0.7697,angry,strong,01,02,01
720,03-01-05-01-02-01-01.wav,0.4656,0.4528,0.5137,angry,normal,01,01,02
744,03-01-05-01-02-02-01.wav,0.4748,0.4235,0.5565,angry,normal,01,02,02
816,03-01-05-02-02-01-01.wav,0.8209,0.3332,0.8089,angry,strong,01,01,02
840,03-01-05-02-02-02-01.wav,0.8687,0.3094,0.8471,angry,strong,01,02,02
96,03-01-02-01-01-01-01.wav,0.2601,0.3169,0.3777,calm,normal,01,01,01
192,03-01-02-02-01-01-01.wav,0.1780,0.2937,0.3072,calm,strong,01,01,01
216,03-01-02-02-01-02-01.wav,0.1929,0.3120,0.3084,calm,strong,01,02,01
144,03-01-02-01-02-01-01.wav,0.2275,0.3581,0.3494,calm,normal,01,01,02
168,03-01-02-01-02-02-01.wav,0.2360,0.3522,0.3538,calm,normal,01,02,02
240,03-01-02-02-02-01-01.wav,0.2012,0.3084,0.3089,calm,strong,01,01,02
264,03-01-02-02-02-02-01.wav,0.1776,0.3133,0.2915,calm,strong,01,02,02
1056,03-01-07-01-01-01-01.wav,0.2628,0.2399,0.3403,disgust,normal,01,01,01
1080,03-01-07-01-01-02-01.wav,0.3278,0.2612,0.3999,disgust,normal,01,02,01
1152,03-01-07-02-01-01-01.wav,0.5801,0.2882,0.6100,disgust,strong,01,01,01
1176,03-01-07-02-01-02-01.wav,0.5169,0.3330,0.5213,disgust,strong,01,02,01
1104,03-01-07-01-02-01-01.wav,0.2526,0.2544,0.3146,disgust,normal,01,01,02
1128,03-01-07-01-02-02-01.wav,0.2539,0.2922,0.3335,disgust,normal,01,02,02
1200,03-01-07-02-02-01-01.wav,0.4024,0.2485,0.4381,disgust,strong,01,01,02
1224,03-01-07-02-02-02-01.wav,0.5397,0.3138,0.5479,disgust,strong,01,02,02
864,03-01-06-01-01-01-01.wav,0.3441,0.3538,0.3724,fearful,normal,01,01,01
888,03-01-06-01-01-02-01.wav,0.3417,0.3707,0.3971,fearful,normal,01,02,01
960,03-01-06-02-01-01-01.wav,0.5325,0.2403,0.4217,fearful,strong,01,01,01
984,03-01-06-02-01-02-01.wav,0.5650,0.3332,0.4818,fearful,strong,01,02,01
912,03-01-06-01-02-01-01.wav,0.3047,0.3547,0.3857,fearful,normal,01,01,02
936,03-01-06-01-02-02-01.wav,0.2174,0.2938,0.2988,fearful,normal,01,02,02
1008,03-01-06-02-02-01-01.wav,0.6618,0.3547,0.6188,fearful,strong,01,01,02
1032,03-01-06-02-02-02-01.wav,0.6717,0.3441,0.5615,fearful,strong,01,02,02
288,03-01-03-01-01-01-01.wav,0.3672,0.3691,0.4375,happy,normal,01,01,01
312,03-01-03-01-01-02-01.wav,0.3772,0.3788,0.4381,happy,normal,01,02,01
384,03-01-03-02-01-01-01.wav,0.4143,0.3526,0.4786,happy,strong,01,01,01
408,03-01-03-02-01-02-01.wav,0.4013,0.3818,0.4373,happy,strong,01,02,01
336,03-01-03-01-02-01-01.wav,0.3869,0.4418,0.4515,happy,normal,01,01,02
360,03-01-03-01-02-02-01.wav,0.3485,0.3829,0.4372,happy,normal,01,02,02
432,03-01-03-02-02-01-01.wav,0.4748,0.3858,0.5311,happy,strong,01,01,02
456,03-01-03-02-02-02-01.wav,0.5342,0.4151,0.5724,happy,strong,01,02,02
480,03-01-04-01-01-01-01.wav,0.2532,0.3610,0.3394,sad,normal,01,01,01
504,03-01-04-01-01-02-01.wav,0.2204,0.2854,0.3411,sad,normal,01,02,01
576,03-01-04-02-01-01-01.wav,0.2515,0.3561,0.3302,sad,strong,01,01,01
600,03-01-04-02-01-02-01.wav,0.3240,0.3566,0.3774,sad,strong,01,02,01
528,03-01-04-01-02-01-01.wav,0.2719,0.3730,0.3633,sad,normal,01,01,02
552,03-01-04-01-02-02-01.wav,0.2626,0.3887,0.3624,sad,normal,01,02,02
624,03-01-04-02-02-01-01.wav,0.3514,0.4167,0.4087,sad,strong,01,01,02
648,03-01-04-02-02-02-01.wav,0.3756,0.4189,0.4233,sad,strong,01,02,02
1248,03-01-08-01-01-01-01.wav,0.3900,0.4046,0.4526,surprised,normal,01,01,01
1272,03-01-08-01-01-02-01.wav,0.3299,0.3920,0.3882,surprised,normal,01,02,01
1344,03-01-08-02-01-01-01.wav,0.5319,0.4171,0.5636,surprised,strong,01,01,01
1368,03-01-08-02-01-02-01.wav,0.5456,0.4091,0.5851,surprised,strong,01,02,01
1296,03-01-08-01-02-01-01.wav,0.2828,0.3572,0.3731,surprised,normal,01,01,02
1392,03-01-08-02-02-01-01.wav,0.4507,0.3958,0.4922,surprised,strong,01,01,02
1416,03-01-08-02-02-02-01.wav,0.6147,0.4724,0.6315,surprised,strong,01,02,02
673,03-01-05-01-01-01-02.wav,0.5201,0.3733,0.6097,angry,normal,02,01,01
697,03-01-05-01-01-02-02.wav,0.5102,0.3452,0.5709,angry,normal,02,02,01
769,03-01-05-02-01-01-02.wav,0.7636,0.3167,0.8061,angry,strong,02,01,01
793,03-01-05-02-01-02-02.wav,0.7155,0.3185,0.7686,angry,strong,02,02,01
721,03-01-05-01-02-01-02.wav,0.4870,0.3966,0.5785,angry,normal,02,01,02
745,03-01-05-01-02-02-02.wav,0.4760,0.3660,0.5572,angry,normal,02,02,02
817,03-01-05-02-02-01-02.wav,0.8136,0.3319,0.8538,angry,strong,02,01,02
841,03-01-05-02-02-02-02.wav,0.7829,0.3588,0.8269,angry,strong,02,02,02
97,03-01-02-01-01-01-02.wav,0.3313,0.4618,0.4057,calm,normal,02,01,01
121,03-01-02-01-01-02-02.wav,0.3144,0.4288,0.3929,calm,normal,02,02,01
193,03-01-02-02-01-01-02.wav,0.2931,0.4276,0.3830,calm,strong,02,01,01
217,03-01-02-02-01-02-02.wav,0.2960,0.3946,0.3873,calm,strong,02,02,01
145,03-01-02-01-02-01-02.wav,0.3135,0.4018,0.3941,calm,normal,02,01,02
169,03-01-02-01-02-02-02.wav,0.3254,0.4224,0.4068,calm,normal,02,02,02
241,03-01-02-02-02-01-02.wav,0.2710,0.3761,0.3638,calm,strong,02,01,02
265,03-01-02-02-02-02-02.wav,0.2853,0.3779,0.3832,calm,strong,02,02,02
1057,03-01-07-01-01-01-02.wav,0.3782,0.3148,0.4560,disgust,normal,02,01,01
1081,03-01-07-01-01-02-02.wav,0.3224,0.2831,0.4182,disgust,normal,02,02,01
1153,03-01-07-02-01-01-02.wav,0.4953,0.3623,0.5584,disgust,strong,02,01,01
1177,03-01-07-02-01-02-02.wav,0.4774,0.3256,0.5673,disgust,strong,02,02,01
1105,03-01-07-01-02-01-02.wav,0.3809,0.3153,0.4808,disgust,normal,02,01,02
1129,03-01-07-01-02-02-02.wav,0.3683,0.3228,0.4518,disgust,normal,02,02,02
1201,03-01-07-02-02-01-02.wav,0.4621,0.3482,0.5377,disgust,strong,02,01,02
1225,03-01-07-02-02-02-02.wav,0.4423,0.3542,0.5071,disgust,strong,02,02,02
865,03-01-06-01-01-01-02.wav,0.3929,0.3461,0.4213,fearful,normal,02,01,01
889,03-01-06-01-01-02-02.wav,0.4348,0.3685,0.4631,fearful,normal,02,02,01
961,03-01-06-02-01-01-02.wav,0.4721,0.3453,0.4427,fearful,strong,02,01,01
985,03-01-06-02-01-02-02.wav,0.6257,0.3799,0.5874,fearful,strong,02,02,01
913,03-01-06-01-02-01-02.wav,0.4330,0.3746,0.4557,fearful,normal,02,01,02
937,03-01-06-01-02-02-02.wav,0.4445,0.3200,0.4414,fearful,normal,02,02,02
1009,03-01-06-02-02-01-02.wav,0.6442,0.4156,0.5972,fearful,strong,02,01,02
1033,03-01-06-02-02-02-02.wav,0.5194,0.3920,0.4855,fearful,strong,02,02,02
289,03-01-03-01-01-01-02.wav,0.4162,0.4513,0.4907,happy,normal,02,01,01
313,03-01-03-01-01-02-02.wav,0.4209,0.4688,0.4864,happy,normal,02,02,01
385,03-01-03-02-01-01-02.wav,0.6240,0.5396,0.6276,happy,strong,02,01,01
409,03-01-03-02-01-02-02.wav,0.6639,0.6255,0.6635,happy,strong,02,02,01
337,03-01-03-01-02-01-02.wav,0.4105,0.4897,0.4698,happy,normal,02,01,02
361,03-01-03-01-02-02-02.wav,0.4011,0.4903,0.4649,happy,normal,02,02,02
433,03-01-03-02-02-01-02.wav,0.4956,0.4996,0.5399,happy,strong,02,01,02
457,03-01-03-02-02-02-02.wav,0.6161,0.5695,0.6255,happy,strong,02,02,02
481,03-01-04-01-01-01-02.wav,0.2898,0.2969,0.3642,sad,normal,02,01,01
505,03-01-04-01-01-02-02.wav,0.2857,0.2853,0.3560,sad,normal,02,02,01
577,03-01-04-02-01-01-02.wav,0.3252,0.3240,0.3594,sad,strong,02,01,01
601,03-01-04-02-01-02-02.wav,0.2729,0.2480,0.3326,sad,strong,02,02,01
529,03-01-04-01-02-01-02.wav,0.2784,0.3475,0.3598,sad,normal,02,01,02
553,03-01-04-01-02-02-02.wav,0.2296,0.2909,0.3150,sad,normal,02,02,02
625,03-01-04-02-02-01-02.wav,0.2827,0.3040,0.3483,sad,strong,02,01,02
649,03-01-04-02-02-02-02.wav,0.2806,0.2794,0.3353,sad,strong,02,02,02
1249,03-01-08-01-01-01-02.wav,0.5403,0.4823,0.5611,surprised,normal,02,01,01
1273,03-01-08-01-01-02-02.wav,0.5418,0.5036,0.5607,surprised,normal,02,02,01
1345,03-01-08-02-01-01-02.wav,0.6633,0.3999,0.6783,surprised,strong,02,01,01
1369,03-01-08-02-01-02-02.wav,0.5975,0.4727,0.6206,surprised,strong,02,02,01
1297,03-01-08-01-02-01-02.wav,0.5426,0.5031,0.5780,surprised,normal,02,01,02
1321,03-01-08-01-02-02-02.wav,0.5704,0.4934,0.6024,surprised,normal,02,02,02
1393,03-01-08-02-02-01-02.wav,0.6485,0.4644,0.6667,surprised,strong,02,01,02
1417,03-01-08-02-02-02-02.wav,0.6521,0.4607,0.6843,surprised,strong,02,02,02
674,03-01-05-01-01-01-03.wav,0.3219,0.2842,0.4649,angry,normal,03,01,01
698,03-01-05-01-01-02-03.wav,0.4893,0.2546,0.5958,angry,normal,03,02,01
770,03-01-05-02-01-01-03.wav,0.8444,0.2177,0.8416,angry,strong,03,01,01
794,03-01-05-02-01-02-03.wav,0.8331,0.2233,0.8320,angry,strong,03,02,01
722,03-01-05-01-02-01-03.wav,0.4246,0.3267,0.5172,angry,normal,03,01,02
746,03-01-05-01-02-02-03.wav,0.4932,0.2900,0.5695,angry,normal,03,02,02
818,03-01-05-02-02-01-03.wav,0.8633,0.1801,0.8504,angry,strong,03,01,02
842,03-01-05-02-02-02-03.wav,0.8854,0.2316,0.8726,angry,strong,03,02,02
98,03-01-02-01-01-01-03.wav,0.2748,0.3368,0.3851,calm,normal,03,01,01
122,03-01-02-01-01-02-03.wav,0.2623,0.3145,0.3791,calm,normal,03,02,01
194,03-01-02-02-01-01-03.wav,0.2120,0.2186,0.3368,calm,strong,03,01,01
218,03-01-02-02-01-02-03.wav,0.2555,0.2826,0.3496,calm,strong,03,02,01
146,03-01-02-01-02-01-03.wav,0.2310,0.2801,0.3383,calm,normal,03,01,02
170,03-01-02-01-02-02-03.wav,0.3129,0.3208,0.3831,calm,normal,03,02,02
242,03-01-02-02-02-01-03.wav,0.2769,0.2471,0.3692,calm,strong,03,01,02
266,03-01-02-02-02-02-03.wav,0.2549,0.2568,0.3572,calm,strong,03,02,02
1058,03-01-07-01-01-01-03.wav,0.4230,0.2604,0.4225,disgust,normal,03,01,01
1082,03-01-07-01-01-02-03.wav,0.4234,0.2190,0.5160,disgust,normal,03,02,01
1154,03-01-07-02-01-01-03.wav,0.3088,0.2070,0.3391,disgust,strong,03,01,01
1178,03-01-07-02-01-02-03.wav,0.3161,0.1979,0.3623,disgust,strong,03,02,01
1106,03-01-07-01-02-01-03.wav,0.3853,0.2479,0.4288,disgust,normal,03,01,02
1130,03-01-07-01-02-02-03.wav,0.4121,0.2419,0.4334,disgust,normal,03,02,02
1202,03-01-07-02-02-01-03.wav,0.5078,0.2527,0.5433,disgust,strong,03,01,02
1226,03-01-07-02-02-02-03.wav,0.5833,0.2558,0.5393,disgust,strong,03,02,02
866,03-01-06-01-01-01-03.wav,0.4477,0.3270,0.4280,fearful,normal,03,01,01
890,03-01-06-01-01-02-03.wav,0.4725,0.3875,0.4583,fearful,normal,03,02,01
962,03-01-06-02-01-01-03.wav,0.7868,0.6404,0.6847,fearful,strong,03,01,01
986,03-01-06-02-01-02-03.wav,0.7934,0.4449,0.6895,fearful,strong,03,02,01
914,03-01-06-01-02-01-03.wav,0.4543,0.3336,0.4123,fearful,normal,03,01,02
938,03-01-06-01-02-02-03.wav,0.4676,0.3309,0.4313,fearful,normal,03,02,02
1010,03-01-06-02-02-01-03.wav,0.8164,0.5655,0.6950,fearful,strong,03,01,02
1034,03-01-06-02-02-02-03.wav,0.7963,0.5089,0.6870,fearful,strong,03,02,02
290,03-01-03-01-01-01-03.wav,0.5870,0.5345,0.5719,happy,normal,03,01,01
314,03-01-03-01-01-02-03.wav,0.5093,0.3131,0.5057,happy,normal,03,02,01
386,03-01-03-02-01-01-03.wav,0.6249,0.2912,0.6267,happy,strong,03,01,01
410,03-01-03-02-01-02-03.wav,0.6294,0.2861,0.6119,happy,strong,03,02,01
338,03-01-03-01-02-01-03.wav,0.5046,0.4412,0.5491,happy,normal,03,01,02
362,03-01-03-01-02-02-03.wav,0.4599,0.3663,0.5061,happy,normal,03,02,02
434,03-01-03-02-02-01-03.wav,0.8152,0.6964,0.7475,happy,strong,03,01,02
458,03-01-03-02-02-02-03.wav,0.6444,0.3058,0.6395,happy,strong,03,02,02
482,03-01-04-01-01-01-03.wav,0.2341,0.2949,0.3210,sad,normal,03,01,01
506,03-01-04-01-01-02-03.wav,0.2597,0.2875,0.3334,sad,normal,03,02,01
578,03-01-04-02-01-01-03.wav,0.5969,0.6014,0.5341,sad,strong,03,01,01
602,03-01-04-02-01-02-03.wav,0.6168,0.3971,0.5406,sad,strong,03,02,01
530,03-01-04-01-02-01-03.wav,0.2005,0.2385,0.2802,sad,normal,03,01,02
554,03-01-04-01-02-02-03.wav,0.2060,0.2260,0.2817,sad,normal,03,02,02
626,03-01-04-02-02-01-03.wav,0.5711,0.4023,0.5123,sad,strong,03,01,02
650,03-01-04-02-02-02-03.wav,0.6490,0.6249,0.6013,sad,strong,03,02,02
1250,03-01-08-01-01-01-03.wav,0.5539,0.4050,0.5670,surprised,normal,03,01,01
1274,03-01-08-01-01-02-03.wav,0.6419,0.4753,0.6037,surprised,normal,03,02,01
1346,03-01-08-02-01-01-03.wav,0.6203,0.4203,0.6076,surprised,strong,03,01,01
1370,03-01-08-02-01-02-03.wav,0.7418,0.5180,0.7126,surprised,strong,03,02,01
1298,03-01-08-01-02-01-03.wav,0.4622,0.3967,0.4831,surprised,normal,03,01,02
1322,03-01-08-01-02-02-03.wav,0.6263,0.5305,0.6259,surprised,normal,03,02,02
1394,03-01-08-02-02-01-03.wav,0.7123,0.4740,0.6680,surprised,strong,03,01,02
1418,03-01-08-02-02-02-03.wav,0.5909,0.3953,0.6044,surprised,strong,03,02,02
675,03-01-05-01-01-01-04.wav,0.5711,0.3817,0.6434,angry,normal,04,01,01
699,03-01-05-01-01-02-04.wav,0.6177,0.4450,0.6631,angry,normal,04,02,01
771,03-01-05-02-01-01-04.wav,0.8062,0.3239,0.8216,angry,strong,04,01,01
795,03-01-05-02-01-02-04.wav,0.7496,0.3839,0.7676,angry,strong,04,02,01
723,03-01-05-01-02-01-04.wav,0.6446,0.4315,0.6836,angry,normal,04,01,02
747,03-01-05-01-02-02-04.wav,0.5705,0.4326,0.6324,angry,normal,04,02,02
819,03-01-05-02-02-01-04.wav,0.8314,0.3495,0.8467,angry,strong,04,01,02
843,03-01-05-02-02-02-04.wav,0.8042,0.3333,0.8176,angry,strong,04,02,02
99,03-01-02-01-01-01-04.wav,0.2919,0.3391,0.3623,calm,normal,04,01,01
123,03-01-02-01-01-02-04.wav,0.3197,0.3630,0.3740,calm,normal,04,02,01
195,03-01-02-02-01-01-04.wav,0.2352,0.2630,0.3013,calm,strong,04,01,01
219,03-01-02-02-01-02-04.wav,0.1959,0.2473,0.2850,calm,strong,04,02,01
147,03-01-02-01-02-01-04.wav,0.3132,0.2952,0.3762,calm,normal,04,01,02
171,03-01-02-01-02-02-04.wav,0.2828,0.3020,0.3408,calm,normal,04,02,02
243,03-01-02-02-02-01-04.wav,0.2744,0.2846,0.3405,calm,strong,04,01,02
267,03-01-02-02-02-02-04.wav,0.2769,0.2259,0.3529,calm,strong,04,02,02
1059,03-01-07-01-01-01-04.wav,0.4840,0.2836,0.5661,disgust,normal,04,01,01
1083,03-01-07-01-01-02-04.wav,0.5141,0.3547,0.5608,disgust,normal,04,02,01
1155,03-01-07-02-01-01-04.wav,0.5771,0.3316,0.6197,disgust,strong,04,01,01
1179,03-01-07-02-01-02-04.wav,0.5185,0.3467,0.5692,disgust,strong,04,02,01
1107,03-01-07-01-02-01-04.wav,0.6196,0.2729,0.6530,disgust,normal,04,01,02
1131,03-01-07-01-02-02-04.wav,0.6596,0.3155,0.6643,disgust,normal,04,02,02
1203,03-01-07-02-02-01-04.wav,0.5608,0.3044,0.5840,disgust,strong,04,01,02
1227,03-01-07-02-02-02-04.wav,0.7279,0.3228,0.7415,disgust,strong,04,02,02
867,03-01-06-01-01-01-04.wav,0.4822,0.3885,0.4729,fearful,normal,04,01,01
891,03-01-06-01-01-02-04.wav,0.6223,0.4147,0.6188,fearful,normal,04,02,01
963,03-01-06-02-01-01-04.wav,0.7484,0.2744,0.6783,fearful,strong,04,01,01
987,03-01-06-02-01-02-04.wav,0.7838,0.3121,0.7434,fearful,strong,04,02,01
915,03-01-06-01-02-01-04.wav,0.6209,0.3649,0.6148,fearful,normal,04,01,02
939,03-01-06-01-02-02-04.wav,0.5902,0.3492,0.5912,fearful,normal,04,02,02
1011,03-01-06-02-02-01-04.wav,0.8332,0.3542,0.8152,fearful,strong,04,01,02
1035,03-01-06-02-02-02-04.wav,0.8116,0.3333,0.7837,fearful,strong,04,02,02
291,03-01-03-01-01-01-04.wav,0.4244,0.4349,0.4742,happy,normal,04,01,01
315,03-01-03-01-01-02-04.wav,0.5009,0.4168,0.5167,happy,normal,04,02,01
387,03-01-03-02-01-01-04.wav,0.6205,0.4231,0.5956,happy,strong,04,01,01
411,03-01-03-02-01-02-04.wav,0.6195,0.4206,0.6047,happy,strong,04,02,01
339,03-01-03-01-02-01-04.wav,0.4894,0.4057,0.5250,happy,normal,04,01,02
363,03-01-03-01-02-02-04.wav,0.5254,0.4493,0.5658,happy,normal,04,02,02
435,03-01-03-02-02-01-04.wav,0.7170,0.3769,0.7176,happy,strong,04,01,02
459,03-01-03-02-02-02-04.wav,0.7637,0.3959,0.7401,happy,strong,04,02,02
483,03-01-04-01-01-01-04.wav,0.3098,0.3225,0.3739,sad,normal,04,01,01
507,03-01-04-01-01-02-04.wav,0.4192,0.4280,0.4641,sad,normal,04,02,01
579,03-01-04-02-01-01-04.wav,0.6506,0.4072,0.5996,sad,strong,04,01,01
603,03-01-04-02-01-02-04.wav,0.6582,0.3593,0.5825,sad,strong,04,02,01
531,03-01-04-01-02-01-04.wav,0.5081,0.4076,0.5549,sad,normal,04,01,02
555,03-01-04-01-02-02-04.wav,0.5592,0.4057,0.5841,sad,normal,04,02,02
627,03-01-04-02-02-01-04.wav,0.7861,0.3715,0.7698,sad,strong,04,01,02
651,03-01-04-02-02-02-04.wav,0.7695,0.3802,0.7424,sad,strong,04,02,02
1251,03-01-08-01-01-01-04.wav,0.5518,0.4633,0.5680,surprised,normal,04,01,01
1275,03-01-08-01-01-02-04.wav,0.6294,0.4640,0.6325,surprised,normal,04,02,01
1347,03-01-08-02-01-01-04.wav,0.7043,0.4505,0.6913,surprised,strong,04,01,01
1371,03-01-08-02-01-02-04.wav,0.7177,0.4451,0.7208,surprised,strong,04,02,01
1299,03-01-08-01-02-01-04.wav,0.7083,0.4384,0.7431,surprised,normal,04,01,02
1323,03-01-08-01-02-02-04.wav,0.6461,0.4591,0.6730,surprised,normal,04,02,02
1395,03-01-08-02-02-01-04.wav,0.7683,0.4744,0.7650,surprised,strong,04,01,02
1419,03-01-08-02-02-02-04.wav,0.8004,0.4012,0.7962,surprised,strong,04,02,02
676,03-01-05-01-01-01-05.wav,0.6503,0.4343,0.6908,angry,normal,05,01,01
700,03-01-05-01-01-02-05.wav,0.6616,0.3206,0.7225,angry,normal,05,02,01
772,03-01-05-02-01-01-05.wav,0.8204,0.2796,0.8187,angry,strong,05,01,01
796,03-01-05-02-01-02-05.wav,0.8289,0.2249,0.8251,angry,strong,05,02,01
724,03-01-05-01-02-01-05.wav,0.3217,0.3080,0.4839,angry,normal,05,01,02
748,03-01-05-01-02-02-05.wav,0.4956,0.3367,0.6497,angry,normal,05,02,02
820,03-01-05-02-02-01-05.wav,0.8516,0.2803,0.8567,angry,strong,05,01,02
844,03-01-05-02-02-02-05.wav,0.8535,0.2190,0.8642,angry,strong,05,02,02
100,03-01-02-01-01-01-05.wav,0.2119,0.3193,0.3615,calm,normal,05,01,01
124,03-01-02-01-01-02-05.wav,0.1699,0.3114,0.3276,calm,normal,05,02,01
196,03-01-02-02-01-01-05.wav,0.2223,0.2933,0.3628,calm,strong,05,01,01
220,03-01-02-02-01-02-05.wav,0.1515,0.3159,0.3030,calm,strong,05,02,01
148,03-01-02-01-02-01-05.wav,0.1966,0.3247,0.3421,calm,normal,05,01,02
244,03-01-02-02-02-01-05.wav,0.1447,0.2700,0.2930,calm,strong,05,01,02
268,03-01-02-02-02-02-05.wav,0.1283,0.2781,0.2830,calm,strong,05,02,02
1060,03-01-07-01-01-01-05.wav,0.2850,0.2991,0.4238,disgust,normal,05,01,01
1084,03-01-07-01-01-02-05.wav,0.3514,0.2779,0.4742,disgust,normal,05,02,01
1156,03-01-07-02-01-01-05.wav,0.4596,0.2387,0.5853,disgust,strong,05,01,01
1180,03-01-07-02-01-02-05.wav,0.4768,0.2625,0.5790,disgust,strong,05,02,01
1108,03-01-07-01-02-01-05.wav,0.3161,0.2552,0.4596,disgust,normal,05,01,02
1132,03-01-07-01-02-02-05.wav,0.3686,0.2637,0.4876,disgust,normal,05,02,02
1204,03-01-07-02-02-01-05.wav,0.4531,0.2296,0.5448,disgust,strong,05,01,02
1228,03-01-07-02-02-02-05.wav,0.4868,0.2124,0.6208,disgust,strong,05,02,02
868,03-01-06-01-01-01-05.wav,0.4600,0.3758,0.4512,fearful,normal,05,01,01
892,03-01-06-01-01-02-05.wav,0.5318,0.3470,0.5266,fearful,normal,05,02,01
964,03-01-06-02-01-01-05.wav,0.7456,0.3225,0.6650,fearful,strong,05,01,01
988,03-01-06-02-01-02-05.wav,0.7779,0.4106,0.7239,fearful,strong,05,02,01
916,03-01-06-01-02-01-05.wav,0.4341,0.4279,0.5071,fearful,normal,05,01,02
940,03-01-06-01-02-02-05.wav,0.5818,0.3705,0.6071,fearful,normal,05,02,02
1012,03-01-06-02-02-01-05.wav,0.7089,0.3257,0.6558,fearful,strong,05,01,02
1036,03-01-06-02-02-02-05.wav,0.7110,0.3682,0.6384,fearful,strong,05,02,02
292,03-01-03-01-01-01-05.wav,0.3479,0.3077,0.4542,happy,normal,05,01,01
316,03-01-03-01-01-02-05.wav,0.3493,0.4041,0.4346,happy,normal,05,02,01
388,03-01-03-02-01-01-05.wav,0.4190,0.2838,0.4651,happy,strong,05,01,01
412,03-01-03-02-01-02-05.wav,0.6887,0.3679,0.6908,happy,strong,05,02,01
340,03-01-03-01-02-01-05.wav,0.3390,0.3194,0.4475,happy,normal,05,01,02
364,03-01-03-01-02-02-05.wav,0.4215,0.3614,0.5381,happy,normal,05,02,02
436,03-01-03-02-02-01-05.wav,0.5748,0.3431,0.6138,happy,strong,05,01,02
460,03-01-03-02-02-02-05.wav,0.5742,0.2889,0.5828,happy,strong,05,02,02
484,03-01-04-01-01-01-05.wav,0.1673,0.3010,0.3163,sad,normal,05,01,01
508,03-01-04-01-01-02-05.wav,0.1840,0.3167,0.2950,sad,normal,05,02,01
580,03-01-04-02-01-01-05.wav,0.2442,0.3645,0.3189,sad,strong,05,01,01
604,03-01-04-02-01-02-05.wav,0.1984,0.3484,0.3025,sad,strong,05,02,01
532,03-01-04-01-02-01-05.wav,0.2855,0.3601,0.4000,sad,normal,05,01,02
556,03-01-04-01-02-02-05.wav,0.2112,0.2943,0.3367,sad,normal,05,02,02
628,03-01-04-02-02-01-05.wav,0.2159,0.3534,0.3099,sad,strong,05,01,02
652,03-01-04-02-02-02-05.wav,0.2948,0.4041,0.3667,sad,strong,05,02,02
1252,03-01-08-01-01-01-05.wav,0.5987,0.3278,0.6402,surprised,normal,05,01,01
1276,03-01-08-01-01-02-05.wav,0.6162,0.3540,0.6574,surprised,normal,05,02,01
1348,03-01-08-02-01-01-05.wav,0.5986,0.2985,0.6380,surprised,strong,05,01,01
1372,03-01-08-02-01-02-05.wav,0.6756,0.2960,0.7081,surprised,strong,05,02,01
1300,03-01-08-01-02-01-05.wav,0.6204,0.4213,0.6520,surprised,normal,05,01,02
1324,03-01-08-01-02-02-05.wav,0.4826,0.3087,0.4932,surprised,normal,05,02,02
1396,03-01-08-02-02-01-05.wav,0.5944,0.2785,0.6454,surprised,strong,05,01,02
1420,03-01-08-02-02-02-05.wav,0.5360,0.2959,0.5776,surprised,strong,05,02,02
677,03-01-05-01-01-01-06.wav,0.5207,0.3039,0.6112,angry,normal,06,01,01
701,03-01-05-01-01-02-06.wav,0.6135,0.3145,0.6971,angry,normal,06,02,01
773,03-01-05-02-01-01-06.wav,0.8271,0.2701,0.8306,angry,strong,06,01,01
797,03-01-05-02-01-02-06.wav,0.8768,0.2424,0.8761,angry,strong,06,02,01
725,03-01-05-01-02-01-06.wav,0.5437,0.3102,0.6285,angry,normal,06,01,02
749,03-01-05-01-02-02-06.wav,0.5908,0.3452,0.6559,angry,normal,06,02,02
821,03-01-05-02-02-01-06.wav,0.8870,0.2826,0.8883,angry,strong,06,01,02
845,03-01-05-02-02-02-06.wav,0.8823,0.1958,0.8923,angry,strong,06,02,02
101,03-01-02-01-01-01-06.wav,0.1980,0.2431,0.3020,calm,normal,06,01,01
125,03-01-02-01-01-02-06.wav,0.2040,0.2662,0.3050,calm,normal,06,02,01
197,03-01-02-02-01-01-06.wav,0.1939,0.2759,0.3096,calm,strong,06,01,01
221,03-01-02-02-01-02-06.wav,0.1943,0.2684,0.3182,calm,strong,06,02,01
149,03-01-02-01-02-01-06.wav,0.2150,0.2740,0.3187,calm,normal,06,01,02
173,03-01-02-01-02-02-06.wav,0.2333,0.3091,0.3497,calm,normal,06,02,02
245,03-01-02-02-02-01-06.wav,0.2222,0.3170,0.3415,calm,strong,06,01,02
269,03-01-02-02-02-02-06.wav,0.1895,0.3016,0.3156,calm,strong,06,02,02
1061,03-01-07-01-01-01-06.wav,0.3359,0.1903,0.4036,disgust,normal,06,01,01
1085,03-01-07-01-01-02-06.wav,0.3069,0.1735,0.3750,disgust,normal,06,02,01
1157,03-01-07-02-01-01-06.wav,0.6022,0.2462,0.5357,disgust,strong,06,01,01
1181,03-01-07-02-01-02-06.wav,0.5147,0.2794,0.5133,disgust,strong,06,02,01
1109,03-01-07-01-02-01-06.wav,0.3839,0.2639,0.3970,disgust,normal,06,01,02
1133,03-01-07-01-02-02-06.wav,0.3286,0.2237,0.3730,disgust,normal,06,02,02
1205,03-01-07-02-02-01-06.wav,0.6372,0.2492,0.6918,disgust,strong,06,01,02
1229,03-01-07-02-02-02-06.wav,0.6084,0.2258,0.6016,disgust,strong,06,02,02
869,03-01-06-01-01-01-06.wav,0.4041,0.3117,0.4265,fearful,normal,06,01,01
893,03-01-06-01-01-02-06.wav,0.4709,0.3275,0.4571,fearful,normal,06,02,01
965,03-01-06-02-01-01-06.wav,0.6768,0.3273,0.6327,fearful,strong,06,01,01
989,03-01-06-02-01-02-06.wav,0.7212,0.3006,0.6730,fearful,strong,06,02,01
917,03-01-06-01-02-01-06.wav,0.4657,0.3037,0.4629,fearful,normal,06,01,02
941,03-01-06-01-02-02-06.wav,0.5244,0.3188,0.5300,fearful,normal,06,02,02
1013,03-01-06-02-02-01-06.wav,0.7850,0.2796,0.7423,fearful,strong,06,01,02
1037,03-01-06-02-02-02-06.wav,0.7100,0.3767,0.6709,fearful,strong,06,02,02
293,03-01-03-01-01-01-06.wav,0.4142,0.3569,0.4547,happy,normal,06,01,01
317,03-01-03-01-01-02-06.wav,0.5311,0.4139,0.5477,happy,normal,06,02,01
389,03-01-03-02-01-01-06.wav,0.8173,0.4821,0.7927,happy,strong,06,01,01
413,03-01-03-02-01-02-06.wav,0.8081,0.3246,0.7721,happy,strong,06,02,01
341,03-01-03-01-02-01-06.wav,0.4557,0.3991,0.4918,happy,normal,06,01,02
365,03-01-03-01-02-02-06.wav,0.4591,0.4246,0.5033,happy,normal,06,02,02
437,03-01-03-02-02-01-06.wav,0.8198,0.3908,0.8047,happy,strong,06,01,02
461,03-01-03-02-02-02-06.wav,0.7768,0.3402,0.7536,happy,strong,06,02,02
485,03-01-04-01-01-01-06.wav,0.2228,0.2757,0.3171,sad,normal,06,01,01
509,03-01-04-01-01-02-06.wav,0.2383,0.2913,0.3272,sad,normal,06,02,01
581,03-01-04-02-01-01-06.wav,0.7287,0.5356,0.6675,sad,strong,06,01,01
605,03-01-04-02-01-02-06.wav,0.4561,0.3332,0.3853,sad,strong,06,02,01
533,03-01-04-01-02-01-06.wav,0.3010,0.3109,0.3724,sad,normal,06,01,02
557,03-01-04-01-02-02-06.wav,0.3140,0.3116,0.3856,sad,normal,06,02,02
629,03-01-04-02-02-01-06.wav,0.6381,0.6166,0.5458,sad,strong,06,01,02
653,03-01-04-02-02-02-06.wav,0.4977,0.3876,0.5035,sad,strong,06,02,02
1253,03-01-08-01-01-01-06.wav,0.5097,0.3823,0.5392,surprised,normal,06,01,01
1277,03-01-08-01-01-02-06.wav,0.5195,0.4510,0.5552,surprised,normal,06,02,01
1349,03-01-08-02-01-01-06.wav,0.5524,0.4523,0.5644,surprised,strong,06,01,01
1373,03-01-08-02-01-02-06.wav,0.7735,0.4213,0.7799,surprised,strong,06,02,01
1301,03-01-08-01-02-01-06.wav,0.5709,0.4522,0.5865,surprised,normal,06,01,02
1325,03-01-08-01-02-02-06.wav,0.5613,0.4821,0.5793,surprised,normal,06,02,02
1397,03-01-08-02-02-01-06.wav,0.7572,0.4260,0.7566,surprised,strong,06,01,02
1421,03-01-08-02-02-02-06.wav,0.7305,0.4517,0.7166,surprised,strong,06,02,02
678,03-01-05-01-01-01-07.wav,0.5902,0.3268,0.6631,angry,normal,07,01,01
702,03-01-05-01-01-02-07.wav,0.7427,0.2532,0.7708,angry,normal,07,02,01
774,03-01-05-02-01-01-07.wav,0.7820,0.2797,0.7940,angry,strong,07,01,01
798,03-01-05-02-01-02-07.wav,0.8042,0.2668,0.8245,angry,strong,07,02,01
726,03-01-05-01-02-01-07.wav,0.4724,0.3690,0.5963,angry,normal,07,01,02
750,03-01-05-01-02-02-07.wav,0.6082,0.3849,0.6898,angry,normal,07,02,02
822,03-01-05-02-02-01-07.wav,0.8447,0.3220,0.8481,angry,strong,07,01,02
846,03-01-05-02-02-02-07.wav,0.8250,0.2563,0.8427,angry,strong,07,02,02
102,03-01-02-01-01-01-07.wav,0.2858,0.3835,0.3820,calm,normal,07,01,01
126,03-01-02-01-01-02-07.wav,0.2685,0.3216,0.3955,calm,normal,07,02,01
198,03-01-02-02-01-01-07.wav,0.2155,0.2711,0.3379,calm,strong,07,01,01
222,03-01-02-02-01-02-07.wav,0.2429,0.3127,0.3661,calm,strong,07,02,01
150,03-01-02-01-02-01-07.wav,0.2912,0.4019,0.3848,calm,normal,07,01,02
174,03-01-02-01-02-02-07.wav,0.3143,0.3809,0.3996,calm,normal,07,02,02
246,03-01-02-02-02-01-07.wav,0.2386,0.3145,0.3787,calm,strong,07,01,02
270,03-01-02-02-02-02-07.wav,0.2061,0.3099,0.3366,calm,strong,07,02,02
1062,03-01-07-01-01-01-07.wav,0.4034,0.3166,0.4918,disgust,normal,07,01,01
1086,03-01-07-01-01-02-07.wav,0.3252,0.3024,0.4300,disgust,normal,07,02,01
1158,03-01-07-02-01-01-07.wav,0.6587,0.2898,0.7121,disgust,strong,07,01,01
1182,03-01-07-02-01-02-07.wav,0.6180,0.3296,0.6893,disgust,strong,07,02,01
1110,03-01-07-01-02-01-07.wav,0.3826,0.3781,0.4745,disgust,normal,07,01,02
1134,03-01-07-01-02-02-07.wav,0.4427,0.3730,0.5275,disgust,normal,07,02,02
1206,03-01-07-02-02-01-07.wav,0.5163,0.3361,0.6272,disgust,strong,07,01,02
1230,03-01-07-02-02-02-07.wav,0.5131,0.2751,0.6391,disgust,strong,07,02,02
870,03-01-06-01-01-01-07.wav,0.4112,0.3055,0.4279,fearful,normal,07,01,01
894,03-01-06-01-01-02-07.wav,0.4495,0.3512,0.4489,fearful,normal,07,02,01
966,03-01-06-02-01-01-07.wav,0.7186,0.2902,0.6919,fearful,strong,07,01,01
990,03-01-06-02-01-02-07.wav,0.6051,0.3158,0.5535,fearful,strong,07,02,01
918,03-01-06-01-02-01-07.wav,0.3857,0.3465,0.4136,fearful,normal,07,01,02
942,03-01-06-01-02-02-07.wav,0.4290,0.3964,0.4603,fearful,normal,07,02,02
1014,03-01-06-02-02-01-07.wav,0.8388,0.3322,0.8082,fearful,strong,07,01,02
1038,03-01-06-02-02-02-07.wav,0.8063,0.3771,0.7764,fearful,strong,07,02,02
294,03-01-03-01-01-01-07.wav,0.3577,0.3274,0.4546,happy,normal,07,01,01
318,03-01-03-01-01-02-07.wav,0.4213,0.3274,0.4787,happy,normal,07,02,01
390,03-01-03-02-01-01-07.wav,0.5637,0.3387,0.6018,happy,strong,07,01,01
414,03-01-03-02-01-02-07.wav,0.6445,0.3264,0.6674,happy,strong,07,02,01
342,03-01-03-01-02-01-07.wav,0.4493,0.4080,0.5117,happy,normal,07,01,02
366,03-01-03-01-02-02-07.wav,0.4493,0.4080,0.5117,happy,normal,07,02,02
438,03-01-03-02-02-01-07.wav,0.5775,0.3340,0.6114,happy,strong,07,01,02
462,03-01-03-02-02-02-07.wav,0.6493,0.3158,0.6634,happy,strong,07,02,02
486,03-01-04-01-01-01-07.wav,0.2781,0.3741,0.3656,sad,normal,07,01,01
510,03-01-04-01-01-02-07.wav,0.2299,0.3187,0.3310,sad,normal,07,02,01
582,03-01-04-02-01-01-07.wav,0.2892,0.3664,0.3377,sad,strong,07,01,01
606,03-01-04-02-01-02-07.wav,0.3175,0.3229,0.3739,sad,strong,07,02,01
534,03-01-04-01-02-01-07.wav,0.2891,0.3769,0.3684,sad,normal,07,01,02
558,03-01-04-01-02-02-07.wav,0.3924,0.3995,0.4527,sad,normal,07,02,02
630,03-01-04-02-02-01-07.wav,0.5121,0.5582,0.5045,sad,strong,07,01,02
654,03-01-04-02-02-02-07.wav,0.4096,0.4451,0.4423,sad,strong,07,02,02
1254,03-01-08-01-01-01-07.wav,0.5308,0.3533,0.5948,surprised,normal,07,01,01
1278,03-01-08-01-01-02-07.wav,0.5607,0.3510,0.6234,surprised,normal,07,02,01
1350,03-01-08-02-01-01-07.wav,0.6032,0.2966,0.6349,surprised,strong,07,01,01
1374,03-01-08-02-01-02-07.wav,0.5262,0.3724,0.5606,surprised,strong,07,02,01
1302,03-01-08-01-02-01-07.wav,0.5148,0.4149,0.5914,surprised,normal,07,01,02
1326,03-01-08-01-02-02-07.wav,0.5005,0.3562,0.5697,surprised,normal,07,02,02
1398,03-01-08-02-02-01-07.wav,0.7159,0.3827,0.7031,surprised,strong,07,01,02
1422,03-01-08-02-02-02-07.wav,0.5892,0.3720,0.6351,surprised,strong,07,02,02
679,03-01-05-01-01-01-08.wav,0.5350,0.4139,0.6285,angry,normal,08,01,01
703,03-01-05-01-01-02-08.wav,0.5393,0.4067,0.6367,angry,normal,08,02,01
775,03-01-05-02-01-01-08.wav,0.7057,0.2668,0.7553,angry,strong,08,01,01
799,03-01-05-02-01-02-08.wav,0.7498,0.3340,0.7679,angry,strong,08,02,01
727,03-01-05-01-02-01-08.wav,0.4592,0.3999,0.5682,angry,normal,08,01,02
751,03-01-05-01-02-02-08.wav,0.5242,0.3826,0.6221,angry,normal,08,02,02
823,03-01-05-02-02-01-08.wav,0.6731,0.4006,0.7190,angry,strong,08,01,02
847,03-01-05-02-02-02-08.wav,0.7273,0.4133,0.7680,angry,strong,08,02,02
103,03-01-02-01-01-01-08.wav,0.2392,0.3624,0.3613,calm,normal,08,01,01
127,03-01-02-01-01-02-08.wav,0.2559,0.3709,0.3638,calm,normal,08,02,01
199,03-01-02-02-01-01-08.wav,0.2064,0.3163,0.3338,calm,strong,08,01,01
223,03-01-02-02-01-02-08.wav,0.2412,0.3202,0.3648,calm,strong,08,02,01
151,03-01-02-01-02-01-08.wav,0.2599,0.3821,0.3715,calm,normal,08,01,02
175,03-01-02-01-02-02-08.wav,0.2425,0.3813,0.3565,calm,normal,08,02,02
247,03-01-02-02-02-01-08.wav,0.2193,0.3342,0.3391,calm,strong,08,01,02
271,03-01-02-02-02-02-08.wav,0.2060,0.3515,0.3235,calm,strong,08,02,02
1063,03-01-07-01-01-01-08.wav,0.2941,0.3274,0.4163,disgust,normal,08,01,01
1087,03-01-07-01-01-02-08.wav,0.3132,0.3172,0.4209,disgust,normal,08,02,01
1159,03-01-07-02-01-01-08.wav,0.3450,0.2384,0.4354,disgust,strong,08,01,01
1183,03-01-07-02-01-02-08.wav,0.3336,0.2893,0.4355,disgust,strong,08,02,01
1111,03-01-07-01-02-01-08.wav,0.3192,0.3434,0.4227,disgust,normal,08,01,02
1135,03-01-07-01-02-02-08.wav,0.3722,0.3563,0.4871,disgust,normal,08,02,02
1207,03-01-07-02-02-01-08.wav,0.3791,0.3287,0.5063,disgust,strong,08,01,02
1231,03-01-07-02-02-02-08.wav,0.4441,0.3565,0.5473,disgust,strong,08,02,02
871,03-01-06-01-01-01-08.wav,0.4452,0.4277,0.4784,fearful,normal,08,01,01
895,03-01-06-01-01-02-08.wav,0.4258,0.3872,0.4868,fearful,normal,08,02,01
967,03-01-06-02-01-01-08.wav,0.6462,0.3030,0.6117,fearful,strong,08,01,01
991,03-01-06-02-01-02-08.wav,0.6728,0.3802,0.6240,fearful,strong,08,02,01
919,03-01-06-01-02-01-08.wav,0.4563,0.4091,0.5003,fearful,normal,08,01,02
943,03-01-06-01-02-02-08.wav,0.5038,0.3438,0.5387,fearful,normal,08,02,02
1015,03-01-06-02-02-01-08.wav,0.6814,0.3738,0.6422,fearful,strong,08,01,02
1039,03-01-06-02-02-02-08.wav,0.6964,0.3153,0.6661,fearful,strong,08,02,02
295,03-01-03-01-01-01-08.wav,0.3983,0.4392,0.4782,happy,normal,08,01,01
319,03-01-03-01-01-02-08.wav,0.3458,0.4332,0.4293,happy,normal,08,02,01
391,03-01-03-02-01-01-08.wav,0.5279,0.5026,0.5503,happy,strong,08,01,01
415,03-01-03-02-01-02-08.wav,0.4880,0.4933,0.5297,happy,strong,08,02,01
343,03-01-03-01-02-01-08.wav,0.3544,0.4446,0.4433,happy,normal,08,01,02
367,03-01-03-01-02-02-08.wav,0.3863,0.4752,0.4697,happy,normal,08,02,02
439,03-01-03-02-02-01-08.wav,0.5746,0.5183,0.5904,happy,strong,08,01,02
463,03-01-03-02-02-02-08.wav,0.5175,0.4999,0.5418,happy,strong,08,02,02
487,03-01-04-01-01-01-08.wav,0.1998,0.3080,0.2914,sad,normal,08,01,01
511,03-01-04-01-01-02-08.wav,0.2225,0.3387,0.3373,sad,normal,08,02,01
583,03-01-04-02-01-01-08.wav,0.2482,0.3466,0.3185,sad,strong,08,01,01
607,03-01-04-02-01-02-08.wav,0.2277,0.2533,0.2798,sad,strong,08,02,01
535,03-01-04-01-02-01-08.wav,0.2145,0.3305,0.3135,sad,normal,08,01,02
559,03-01-04-01-02-02-08.wav,0.1833,0.3152,0.2997,sad,normal,08,02,02
631,03-01-04-02-02-01-08.wav,0.2669,0.3417,0.3389,sad,strong,08,01,02
655,03-01-04-02-02-02-08.wav,0.2356,0.3156,0.2909,sad,strong,08,02,02
1255,03-01-08-01-01-01-08.wav,0.4049,0.3187,0.4391,surprised,normal,08,01,01
1279,03-01-08-01-01-02-08.wav,0.4318,0.3679,0.4889,surprised,normal,08,02,01
1351,03-01-08-02-01-01-08.wav,0.6168,0.3776,0.6198,surprised,strong,08,01,01
1375,03-01-08-02-01-02-08.wav,0.5170,0.3745,0.5415,surprised,strong,08,02,01
1303,03-01-08-01-02-01-08.wav,0.4892,0.4214,0.5208,surprised,normal,08,01,02
1327,03-01-08-01-02-02-08.wav,0.5087,0.4518,0.5559,surprised,normal,08,02,02
1399,03-01-08-02-02-01-08.wav,0.6294,0.3702,0.6683,surprised,strong,08,01,02
1423,03-01-08-02-02-02-08.wav,0.5348,0.3973,0.5467,surprised,strong,08,02,02
680,03-01-05-01-01-01-09.wav,0.2413,0.2794,0.3546,angry,normal,09,01,01
704,03-01-05-01-01-02-09.wav,0.3831,0.2769,0.4802,angry,normal,09,02,01
776,03-01-05-02-01-01-09.wav,0.8712,0.2347,0.8687,angry,strong,09,01,01
800,03-01-05-02-01-02-09.wav,0.8595,0.2355,0.8597,angry,strong,09,02,01
728,03-01-05-01-02-01-09.wav,0.4002,0.3672,0.4568,angry,normal,09,01,02
752,03-01-05-01-02-02-09.wav,0.4332,0.3839,0.5103,angry,normal,09,02,02
824,03-01-05-02-02-01-09.wav,0.8913,0.2579,0.8860,angry,strong,09,01,02
848,03-01-05-02-02-02-09.wav,0.8975,0.1875,0.8971,angry,strong,09,02,02
104,03-01-02-01-01-01-09.wav,0.1721,0.3288,0.2985,calm,normal,09,01,01
128,03-01-02-01-01-02-09.wav,0.1544,0.3142,0.2802,calm,normal,09,02,01
200,03-01-02-02-01-01-09.wav,0.1228,0.2982,0.2536,calm,strong,09,01,01
224,03-01-02-02-01-02-09.wav,0.0977,0.2631,0.2241,calm,strong,09,02,01
152,03-01-02-01-02-01-09.wav,0.1484,0.2636,0.2645,calm,normal,09,01,02
176,03-01-02-01-02-02-09.wav,0.1248,0.2871,0.2707,calm,normal,09,02,02
248,03-01-02-02-02-01-09.wav,0.1548,0.3032,0.3051,calm,strong,09,01,02
272,03-01-02-02-02-02-09.wav,0.1835,0.3354,0.3158,calm,strong,09,02,02
1064,03-01-07-01-01-01-09.wav,0.2553,0.3246,0.3098,disgust,normal,09,01,01
1088,03-01-07-01-01-02-09.wav,0.2138,0.2786,0.2860,disgust,normal,09,02,01
1160,03-01-07-02-01-01-09.wav,0.2963,0.2562,0.3654,disgust,strong,09,01,01
1184,03-01-07-02-01-02-09.wav,0.2121,0.2506,0.2418,disgust,strong,09,02,01
1112,03-01-07-01-02-01-09.wav,0.2249,0.3584,0.3166,disgust,normal,09,01,02
1136,03-01-07-01-02-02-09.wav,0.2354,0.3045,0.3183,disgust,normal,09,02,02
1208,03-01-07-02-02-01-09.wav,0.2510,0.2420,0.2940,disgust,strong,09,01,02
1232,03-01-07-02-02-02-09.wav,0.3100,0.3402,0.3676,disgust,strong,09,02,02
872,03-01-06-01-01-01-09.wav,0.2330,0.3919,0.3306,fearful,normal,09,01,01
896,03-01-06-01-01-02-09.wav,0.2615,0.3295,0.3459,fearful,normal,09,02,01
968,03-01-06-02-01-01-09.wav,0.6283,0.6920,0.5284,fearful,strong,09,01,01
992,03-01-06-02-01-02-09.wav,0.3755,0.3292,0.4005,fearful,strong,09,02,01
920,03-01-06-01-02-01-09.wav,0.1903,0.3409,0.3139,fearful,normal,09,01,02
944,03-01-06-01-02-02-09.wav,0.2284,0.3756,0.3387,fearful,normal,09,02,02
1016,03-01-06-02-02-01-09.wav,0.6044,0.3568,0.5461,fearful,strong,09,01,02
1040,03-01-06-02-02-02-09.wav,0.7051,0.7220,0.6321,fearful,strong,09,02,02
296,03-01-03-01-01-01-09.wav,0.3258,0.5861,0.3842,happy,normal,09,01,01
320,03-01-03-01-01-02-09.wav,0.3583,0.3457,0.4258,happy,normal,09,02,01
392,03-01-03-02-01-01-09.wav,0.7025,0.5234,0.6835,happy,strong,09,01,01
416,03-01-03-02-01-02-09.wav,0.7368,0.7629,0.6807,happy,strong,09,02,01
344,03-01-03-01-02-01-09.wav,0.2898,0.3403,0.3844,happy,normal,09,01,02
368,03-01-03-01-02-02-09.wav,0.3114,0.3661,0.3682,happy,normal,09,02,02
440,03-01-03-02-02-01-09.wav,0.7069,0.3761,0.6893,happy,strong,09,01,02
464,03-01-03-02-02-02-09.wav,0.6601,0.6806,0.6338,happy,strong,09,02,02
488,03-01-04-01-01-01-09.wav,0.1721,0.3330,0.2897,sad,normal,09,01,01
512,03-01-04-01-01-02-09.wav,0.1227,0.2861,0.2383,sad,normal,09,02,01
584,03-01-04-02-01-01-09.wav,0.4072,0.6049,0.4010,sad,strong,09,01,01
608,03-01-04-02-01-02-09.wav,0.3852,0.5153,0.3341,sad,strong,09,02,01
536,03-01-04-01-02-01-09.wav,0.1577,0.2996,0.2798,sad,normal,09,01,02
560,03-01-04-01-02-02-09.wav,0.1314,0.2755,0.2728,sad,normal,09,02,02
632,03-01-04-02-02-01-09.wav,0.3259,0.4364,0.3227,sad,strong,09,01,02
656,03-01-04-02-02-02-09.wav,0.4455,0.6272,0.4133,sad,strong,09,02,02
1256,03-01-08-01-01-01-09.wav,0.2511,0.3424,0.3628,surprised,normal,09,01,01
1280,03-01-08-01-01-02-09.wav,0.2695,0.3496,0.3709,surprised,normal,09,02,01
1352,03-01-08-02-01-01-09.wav,0.4160,0.3556,0.4915,surprised,strong,09,01,01
1376,03-01-08-02-01-02-09.wav,0.3409,0.3705,0.4297,surprised,strong,09,02,01
1304,03-01-08-01-02-01-09.wav,0.2768,0.3672,0.3836,surprised,normal,09,01,02
1328,03-01-08-01-02-02-09.wav,0.3021,0.4014,0.3991,surprised,normal,09,02,02
1400,03-01-08-02-02-01-09.wav,0.3310,0.3720,0.4108,surprised,strong,09,01,02
1424,03-01-08-02-02-02-09.wav,0.3495,0.3888,0.4396,surprised,strong,09,02,02
681,03-01-05-01-01-01-10.wav,0.3375,0.3008,0.4681,angry,normal,10,01,01
705,03-01-05-01-01-02-10.wav,0.4802,0.3409,0.5714,angry,normal,10,02,01
777,03-01-05-02-01-01-10.wav,0.7019,0.2728,0.7526,angry,strong,10,01,01
801,03-01-05-02-01-02-10.wav,0.8120,0.2662,0.8342,angry,strong,10,02,01
729,03-01-05-01-02-01-10.wav,0.4072,0.3909,0.4976,angry,normal,10,01,02
753,03-01-05-01-02-02-10.wav,0.3933,0.3740,0.5092,angry,normal,10,02,02
825,03-01-05-02-02-01-10.wav,0.8101,0.3245,0.8413,angry,strong,10,01,02
849,03-01-05-02-02-02-10.wav,0.7410,0.2965,0.7894,angry,strong,10,02,02
105,03-01-02-01-01-01-10.wav,0.2868,0.3049,0.3972,calm,normal,10,01,01
129,03-01-02-01-01-02-10.wav,0.3118,0.3374,0.4318,calm,normal,10,02,01
201,03-01-02-02-01-01-10.wav,0.2618,0.2857,0.3575,calm,strong,10,01,01
225,03-01-02-02-01-02-10.wav,0.2276,0.2901,0.3188,calm,strong,10,02,01
153,03-01-02-01-02-01-10.wav,0.2431,0.2923,0.3508,calm,normal,10,01,02
177,03-01-02-01-02-02-10.wav,0.2601,0.2990,0.3548,calm,normal,10,02,02
249,03-01-02-02-02-01-10.wav,0.2240,0.2976,0.3451,calm,strong,10,01,02
273,03-01-02-02-02-02-10.wav,0.2331,0.3199,0.3458,calm,strong,10,02,02
1065,03-01-07-01-01-01-10.wav,0.2235,0.2543,0.3275,disgust,normal,10,01,01
1089,03-01-07-01-01-02-10.wav,0.2649,0.2893,0.3739,disgust,normal,10,02,01
1161,03-01-07-02-01-01-10.wav,0.5178,0.2791,0.5701,disgust,strong,10,01,01
1185,03-01-07-02-01-02-10.wav,0.5101,0.2760,0.5748,disgust,strong,10,02,01
1113,03-01-07-01-02-01-10.wav,0.2627,0.2329,0.4034,disgust,normal,10,01,02
1137,03-01-07-01-02-02-10.wav,0.3099,0.2428,0.4143,disgust,normal,10,02,02
1209,03-01-07-02-02-01-10.wav,0.3626,0.2692,0.4196,disgust,strong,10,01,02
1233,03-01-07-02-02-02-10.wav,0.4955,0.2722,0.5416,disgust,strong,10,02,02
873,03-01-06-01-01-01-10.wav,0.3762,0.2942,0.3885,fearful,normal,10,01,01
897,03-01-06-01-01-02-10.wav,0.2525,0.2673,0.3187,fearful,normal,10,02,01
969,03-01-06-02-01-01-10.wav,0.6136,0.3569,0.5576,fearful,strong,10,01,01
993,03-01-06-02-01-02-10.wav,0.5923,0.3311,0.5688,fearful,strong,10,02,01
921,03-01-06-01-02-01-10.wav,0.2942,0.3005,0.3530,fearful,normal,10,01,02
945,03-01-06-01-02-02-10.wav,0.2538,0.2743,0.3334,fearful,normal,10,02,02
1017,03-01-06-02-02-01-10.wav,0.5805,0.3241,0.5491,fearful,strong,10,01,02
1041,03-01-06-02-02-02-10.wav,0.3745,0.3264,0.3936,fearful,strong,10,02,02
297,03-01-03-01-01-01-10.wav,0.5175,0.5349,0.5420,happy,normal,10,01,01
321,03-01-03-01-01-02-10.wav,0.4425,0.4336,0.4894,happy,normal,10,02,01
393,03-01-03-02-01-01-10.wav,0.6447,0.4965,0.6191,happy,strong,10,01,01
417,03-01-03-02-01-02-10.wav,0.6554,0.4365,0.5976,happy,strong,10,02,01
345,03-01-03-01-02-01-10.wav,0.4133,0.4213,0.4320,happy,normal,10,01,02
369,03-01-03-01-02-02-10.wav,0.4744,0.4332,0.5168,happy,normal,10,02,02
441,03-01-03-02-02-01-10.wav,0.7383,0.4491,0.7054,happy,strong,10,01,02
465,03-01-03-02-02-02-10.wav,0.7139,0.5162,0.6564,happy,strong,10,02,02
489,03-01-04-01-01-01-10.wav,0.2183,0.2972,0.3066,sad,normal,10,01,01
513,03-01-04-01-01-02-10.wav,0.1734,0.2320,0.2776,sad,normal,10,02,01
585,03-01-04-02-01-01-10.wav,0.3522,0.3941,0.4104,sad,strong,10,01,01
609,03-01-04-02-01-02-10.wav,0.2620,0.3003,0.3151,sad,strong,10,02,01
537,03-01-04-01-02-01-10.wav,0.1866,0.2988,0.2837,sad,normal,10,01,02
561,03-01-04-01-02-02-10.wav,0.1847,0.2617,0.2840,sad,normal,10,02,02
633,03-01-04-02-02-01-10.wav,0.2001,0.2835,0.2924,sad,strong,10,01,02
657,03-01-04-02-02-02-10.wav,0.2451,0.3411,0.3212,sad,strong,10,02,02
1257,03-01-08-01-01-01-10.wav,0.4786,0.4630,0.5140,surprised,normal,10,01,01
1281,03-01-08-01-01-02-10.wav,0.3674,0.3181,0.4682,surprised,normal,10,02,01
1353,03-01-08-02-01-01-10.wav,0.5532,0.3465,0.6027,surprised,strong,10,01,01
1377,03-01-08-02-01-02-10.wav,0.6269,0.4127,0.6516,surprised,strong,10,02,01
1305,03-01-08-01-02-01-10.wav,0.5075,0.3597,0.5603,surprised,normal,10,01,02
1329,03-01-08-01-02-02-10.wav,0.3591,0.3557,0.4366,surprised,normal,10,02,02
1401,03-01-08-02-02-01-10.wav,0.6880,0.3420,0.7080,surprised,strong,10,01,02
1425,03-01-08-02-02-02-10.wav,0.6119,0.3047,0.6430,surprised,strong,10,02,02
682,03-01-05-01-01-01-11.wav,0.5478,0.3187,0.6262,angry,normal,11,01,01
706,03-01-05-01-01-02-11.wav,0.4527,0.3200,0.5392,angry,normal,11,02,01
778,03-01-05-02-01-01-11.wav,0.7154,0.2923,0.7403,angry,strong,11,01,01
802,03-01-05-02-01-02-11.wav,0.8100,0.2293,0.8230,angry,strong,11,02,01
730,03-01-05-01-02-01-11.wav,0.5524,0.3430,0.6261,angry,normal,11,01,02
754,03-01-05-01-02-02-11.wav,0.5356,0.3196,0.6411,angry,normal,11,02,02
826,03-01-05-02-02-01-11.wav,0.8296,0.2287,0.8465,angry,strong,11,01,02
850,03-01-05-02-02-02-11.wav,0.8198,0.2864,0.8223,angry,strong,11,02,02
106,03-01-02-01-01-01-11.wav,0.1940,0.3304,0.3395,calm,normal,11,01,01
130,03-01-02-01-01-02-11.wav,0.1891,0.3302,0.3520,calm,normal,11,02,01
202,03-01-02-02-01-01-11.wav,0.1475,0.2698,0.2861,calm,strong,11,01,01
226,03-01-02-02-01-02-11.wav,0.1436,0.2658,0.2780,calm,strong,11,02,01
154,03-01-02-01-02-01-11.wav,0.2221,0.3749,0.3703,calm,normal,11,01,02
178,03-01-02-01-02-02-11.wav,0.1543,0.2962,0.3041,calm,normal,11,02,02
250,03-01-02-02-02-01-11.wav,0.1779,0.3076,0.3261,calm,strong,11,01,02
274,03-01-02-02-02-02-11.wav,0.1486,0.2792,0.2786,calm,strong,11,02,02
1066,03-01-07-01-01-01-11.wav,0.3760,0.2637,0.4946,disgust,normal,11,01,01
1090,03-01-07-01-01-02-11.wav,0.4551,0.2768,0.5621,disgust,normal,11,02,01
1162,03-01-07-02-01-01-11.wav,0.4526,0.2824,0.5478,disgust,strong,11,01,01
1186,03-01-07-02-01-02-11.wav,0.3142,0.2469,0.4086,disgust,strong,11,02,01
1114,03-01-07-01-02-01-11.wav,0.3578,0.3101,0.4630,disgust,normal,11,01,02
1138,03-01-07-01-02-02-11.wav,0.3811,0.2905,0.5375,disgust,normal,11,02,02
1210,03-01-07-02-02-01-11.wav,0.3577,0.2511,0.4709,disgust,strong,11,01,02
1234,03-01-07-02-02-02-11.wav,0.4462,0.3212,0.5746,disgust,strong,11,02,02
874,03-01-06-01-01-01-11.wav,0.4385,0.3337,0.5242,fearful,normal,11,01,01
898,03-01-06-01-01-02-11.wav,0.3907,0.3150,0.4875,fearful,normal,11,02,01
970,03-01-06-02-01-01-11.wav,0.6536,0.3141,0.6284,fearful,strong,11,01,01
994,03-01-06-02-01-02-11.wav,0.6290,0.3302,0.5957,fearful,strong,11,02,01
922,03-01-06-01-02-01-11.wav,0.3987,0.3773,0.4792,fearful,normal,11,01,02
946,03-01-06-01-02-02-11.wav,0.3563,0.3275,0.4434,fearful,normal,11,02,02
1018,03-01-06-02-02-01-11.wav,0.7455,0.3634,0.6911,fearful,strong,11,01,02
1042,03-01-06-02-02-02-11.wav,0.6820,0.3421,0.6453,fearful,strong,11,02,02
298,03-01-03-01-01-01-11.wav,0.3849,0.4019,0.4639,happy,normal,11,01,01
322,03-01-03-01-01-02-11.wav,0.3224,0.3932,0.4313,happy,normal,11,02,01
394,03-01-03-02-01-01-11.wav,0.5343,0.2887,0.6018,happy,strong,11,01,01
418,03-01-03-02-01-02-11.wav,0.5593,0.3884,0.6179,happy,strong,11,02,01
346,03-01-03-01-02-01-11.wav,0.3245,0.4344,0.4266,happy,normal,11,01,02
370,03-01-03-01-02-02-11.wav,0.3727,0.4668,0.4589,happy,normal,11,02,02
442,03-01-03-02-02-01-11.wav,0.4548,0.3289,0.5556,happy,strong,11,01,02
466,03-01-03-02-02-02-11.wav,0.4403,0.3852,0.5268,happy,strong,11,02,02
490,03-01-04-01-01-01-11.wav,0.2491,0.3098,0.3793,sad,normal,11,01,01
514,03-01-04-01-01-02-11.wav,0.2249,0.3286,0.3551,sad,normal,11,02,01
586,03-01-04-02-01-01-11.wav,0.3779,0.3187,0.4278,sad,strong,11,01,01
610,03-01-04-02-01-02-11.wav,0.4842,0.3091,0.5087,sad,strong,11,02,01
538,03-01-04-01-02-01-11.wav,0.2196,0.2718,0.3594,sad,normal,11,01,02
562,03-01-04-01-02-02-11.wav,0.2101,0.3192,0.3461,sad,normal,11,02,02
634,03-01-04-02-02-01-11.wav,0.4140,0.3061,0.4399,sad,strong,11,01,02
658,03-01-04-02-02-02-11.wav,0.4582,0.3454,0.4845,sad,strong,11,02,02
1258,03-01-08-01-01-01-11.wav,0.4931,0.3986,0.5153,surprised,normal,11,01,01
1282,03-01-08-01-01-02-11.wav,0.5611,0.3995,0.5749,surprised,normal,11,02,01
1354,03-01-08-02-01-01-11.wav,0.6034,0.3802,0.6247,surprised,strong,11,01,01
1378,03-01-08-02-01-02-11.wav,0.6885,0.3604,0.6936,surprised,strong,11,02,01
1306,03-01-08-01-02-01-11.wav,0.5606,0.3502,0.6204,surprised,normal,11,01,02
1330,03-01-08-01-02-02-11.wav,0.5410,0.4004,0.5510,surprised,normal,11,02,02
1402,03-01-08-02-02-01-11.wav,0.6808,0.4271,0.6932,surprised,strong,11,01,02
1426,03-01-08-02-02-02-11.wav,0.6800,0.4190,0.6761,surprised,strong,11,02,02
683,03-01-05-01-01-01-12.wav,0.4614,0.3138,0.5874,angry,normal,12,01,01
707,03-01-05-01-01-02-12.wav,0.4025,0.3361,0.5261,angry,normal,12,02,01
779,03-01-05-02-01-01-12.wav,0.7961,0.2853,0.8108,angry,strong,12,01,01
803,03-01-05-02-01-02-12.wav,0.8505,0.3219,0.8476,angry,strong,12,02,01
731,03-01-05-01-02-01-12.wav,0.4048,0.3950,0.4842,angry,normal,12,01,02
755,03-01-05-01-02-02-12.wav,0.4444,0.3567,0.5292,angry,normal,12,02,02
827,03-01-05-02-02-01-12.wav,0.7297,0.3157,0.7739,angry,strong,12,01,02
851,03-01-05-02-02-02-12.wav,0.8382,0.2675,0.8607,angry,strong,12,02,02
107,03-01-02-01-01-01-12.wav,0.2974,0.3683,0.3892,calm,normal,12,01,01
131,03-01-02-01-01-02-12.wav,0.2349,0.3576,0.3427,calm,normal,12,02,01
203,03-01-02-02-01-01-12.wav,0.2880,0.3467,0.3816,calm,strong,12,01,01
227,03-01-02-02-01-02-12.wav,0.2463,0.3573,0.3561,calm,strong,12,02,01
155,03-01-02-01-02-01-12.wav,0.3057,0.3899,0.4061,calm,normal,12,01,02
179,03-01-02-01-02-02-12.wav,0.2878,0.3851,0.3794,calm,normal,12,02,02
251,03-01-02-02-02-01-12.wav,0.2907,0.3780,0.3742,calm,strong,12,01,02
275,03-01-02-02-02-02-12.wav,0.2987,0.3704,0.3810,calm,strong,12,02,02
1067,03-01-07-01-01-01-12.wav,0.3154,0.3009,0.4132,disgust,normal,12,01,01
1091,03-01-07-01-01-02-12.wav,0.3323,0.3693,0.4362,disgust,normal,12,02,01
1163,03-01-07-02-01-01-12.wav,0.5116,0.3137,0.5793,disgust,strong,12,01,01
1187,03-01-07-02-01-02-12.wav,0.5366,0.3441,0.5928,disgust,strong,12,02,01
1115,03-01-07-01-02-01-12.wav,0.3430,0.3965,0.4388,disgust,normal,12,01,02
1139,03-01-07-01-02-02-12.wav,0.4184,0.4258,0.4932,disgust,normal,12,02,02
1211,03-01-07-02-02-01-12.wav,0.6377,0.3578,0.7085,disgust,strong,12,01,02
1235,03-01-07-02-02-02-12.wav,0.4866,0.3214,0.5475,disgust,strong,12,02,02
875,03-01-06-01-01-01-12.wav,0.6172,0.3958,0.6317,fearful,normal,12,01,01
899,03-01-06-01-01-02-12.wav,0.5062,0.3567,0.5329,fearful,normal,12,02,01
971,03-01-06-02-01-01-12.wav,0.7286,0.3141,0.6902,fearful,strong,12,01,01
995,03-01-06-02-01-02-12.wav,0.7982,0.3001,0.7519,fearful,strong,12,02,01
923,03-01-06-01-02-01-12.wav,0.4635,0.3999,0.4947,fearful,normal,12,01,02
947,03-01-06-01-02-02-12.wav,0.6446,0.4168,0.6644,fearful,normal,12,02,02
1019,03-01-06-02-02-01-12.wav,0.8175,0.3396,0.7843,fearful,strong,12,01,02
1043,03-01-06-02-02-02-12.wav,0.7686,0.3400,0.7366,fearful,strong,12,02,02
299,03-01-03-01-01-01-12.wav,0.4081,0.4514,0.4755,happy,normal,12,01,01
323,03-01-03-01-01-02-12.wav,0.4391,0.4291,0.5086,happy,normal,12,02,01
395,03-01-03-02-01-01-12.wav,0.7231,0.5000,0.7331,happy,strong,12,01,01
419,03-01-03-02-01-02-12.wav,0.7195,0.4144,0.7314,happy,strong,12,02,01
347,03-01-03-01-02-01-12.wav,0.4051,0.4676,0.4789,happy,normal,12,01,02
371,03-01-03-01-02-02-12.wav,0.4181,0.4435,0.4889,happy,normal,12,02,02
443,03-01-03-02-02-01-12.wav,0.5700,0.5089,0.6020,happy,strong,12,01,02
467,03-01-03-02-02-02-12.wav,0.7370,0.5686,0.7316,happy,strong,12,02,02
491,03-01-04-01-01-01-12.wav,0.3166,0.3266,0.3873,sad,normal,12,01,01
515,03-01-04-01-01-02-12.wav,0.3125,0.3637,0.3833,sad,normal,12,02,01
587,03-01-04-02-01-01-12.wav,0.5570,0.4308,0.5590,sad,strong,12,01,01
611,03-01-04-02-01-02-12.wav,0.6304,0.3761,0.5920,sad,strong,12,02,01
539,03-01-04-01-02-01-12.wav,0.2864,0.3094,0.3477,sad,normal,12,01,02
563,03-01-04-01-02-02-12.wav,0.2631,0.2793,0.3312,sad,normal,12,02,02
635,03-01-04-02-02-01-12.wav,0.4752,0.4044,0.4746,sad,strong,12,01,02
659,03-01-04-02-02-02-12.wav,0.6801,0.3674,0.6703,sad,strong,12,02,02
1259,03-01-08-01-01-01-12.wav,0.4805,0.4518,0.5270,surprised,normal,12,01,01
1283,03-01-08-01-01-02-12.wav,0.5042,0.4689,0.5447,surprised,normal,12,02,01
1355,03-01-08-02-01-01-12.wav,0.6224,0.4726,0.6468,surprised,strong,12,01,01
1379,03-01-08-02-01-02-12.wav,0.6332,0.4560,0.6481,surprised,strong,12,02,01
1307,03-01-08-01-02-01-12.wav,0.4942,0.4824,0.5427,surprised,normal,12,01,02
1331,03-01-08-01-02-02-12.wav,0.5034,0.4260,0.5665,surprised,normal,12,02,02
1403,03-01-08-02-02-01-12.wav,0.6164,0.4844,0.6605,surprised,strong,12,01,02
1427,03-01-08-02-02-02-12.wav,0.6057,0.4615,0.6405,surprised,strong,12,02,02
684,03-01-05-01-01-01-13.wav,0.5641,0.3376,0.6329,angry,normal,13,01,01
708,03-01-05-01-01-02-13.wav,0.5874,0.3361,0.6402,angry,normal,13,02,01
780,03-01-05-02-01-01-13.wav,0.8481,0.2392,0.8389,angry,strong,13,01,01
804,03-01-05-02-01-02-13.wav,0.8187,0.2267,0.8268,angry,strong,13,02,01
732,03-01-05-01-02-01-13.wav,0.5431,0.3519,0.6148,angry,normal,13,01,02
756,03-01-05-01-02-02-13.wav,0.6394,0.3440,0.6886,angry,normal,13,02,02
828,03-01-05-02-02-01-13.wav,0.8380,0.2253,0.8344,angry,strong,13,01,02
852,03-01-05-02-02-02-13.wav,0.8914,0.2114,0.8940,angry,strong,13,02,02
108,03-01-02-01-01-01-13.wav,0.2521,0.3584,0.3516,calm,normal,13,01,01
132,03-01-02-01-01-02-13.wav,0.2931,0.3890,0.3798,calm,normal,13,02,01
204,03-01-02-02-01-01-13.wav,0.2574,0.3833,0.3544,calm,strong,13,01,01
228,03-01-02-02-01-02-13.wav,0.3139,0.4308,0.3970,calm,strong,13,02,01
156,03-01-02-01-02-01-13.wav,0.2928,0.4064,0.3757,calm,normal,13,01,02
180,03-01-02-01-02-02-13.wav,0.2972,0.4201,0.3789,calm,normal,13,02,02
252,03-01-02-02-02-01-13.wav,0.3208,0.4328,0.3977,calm,strong,13,01,02
276,03-01-02-02-02-02-13.wav,0.3401,0.4217,0.4221,calm,strong,13,02,02
1068,03-01-07-01-01-01-13.wav,0.3816,0.4440,0.4533,disgust,normal,13,01,01
1092,03-01-07-01-01-02-13.wav,0.4411,0.4622,0.4977,disgust,normal,13,02,01
1164,03-01-07-02-01-01-13.wav,0.5309,0.3456,0.6028,disgust,strong,13,01,01
1188,03-01-07-02-01-02-13.wav,0.5514,0.3529,0.6081,disgust,strong,13,02,01
1116,03-01-07-01-02-01-13.wav,0.3667,0.3678,0.4729,disgust,normal,13,01,02
1140,03-01-07-01-02-02-13.wav,0.4729,0.3494,0.5712,disgust,normal,13,02,02
1212,03-01-07-02-02-01-13.wav,0.4070,0.3622,0.5080,disgust,strong,13,01,02
1236,03-01-07-02-02-02-13.wav,0.4415,0.3185,0.5541,disgust,strong,13,02,02
876,03-01-06-01-01-01-13.wav,0.4787,0.3716,0.5376,fearful,normal,13,01,01
900,03-01-06-01-01-02-13.wav,0.5444,0.3346,0.6071,fearful,normal,13,02,01
972,03-01-06-02-01-01-13.wav,0.5822,0.3223,0.6246,fearful,strong,13,01,01
996,03-01-06-02-01-02-13.wav,0.8062,0.3039,0.7740,fearful,strong,13,02,01
924,03-01-06-01-02-01-13.wav,0.5936,0.3572,0.6349,fearful,normal,13,01,02
948,03-01-06-01-02-02-13.wav,0.6211,0.3640,0.6603,fearful,normal,13,02,02
1020,03-01-06-02-02-01-13.wav,0.7884,0.2562,0.7860,fearful,strong,13,01,02
1044,03-01-06-02-02-02-13.wav,0.5414,0.4066,0.6027,fearful,strong,13,02,02
300,03-01-03-01-01-01-13.wav,0.4393,0.4574,0.4919,happy,normal,13,01,01
324,03-01-03-01-01-02-13.wav,0.5074,0.4645,0.5524,happy,normal,13,02,01
396,03-01-03-02-01-01-13.wav,0.5659,0.5653,0.5768,happy,strong,13,01,01
420,03-01-03-02-01-02-13.wav,0.6634,0.5955,0.6570,happy,strong,13,02,01
348,03-01-03-01-02-01-13.wav,0.4776,0.4974,0.5316,happy,normal,13,01,02
372,03-01-03-01-02-02-13.wav,0.5052,0.4453,0.5424,happy,normal,13,02,02
444,03-01-03-02-02-01-13.wav,0.6960,0.4104,0.6959,happy,strong,13,01,02
468,03-01-03-02-02-02-13.wav,0.6592,0.4014,0.6760,happy,strong,13,02,02
492,03-01-04-01-01-01-13.wav,0.3197,0.3688,0.4141,sad,normal,13,01,01
516,03-01-04-01-01-02-13.wav,0.2941,0.3635,0.3980,sad,normal,13,02,01
588,03-01-04-02-01-01-13.wav,0.4168,0.3935,0.4687,sad,strong,13,01,01
612,03-01-04-02-01-02-13.wav,0.3590,0.3977,0.4419,sad,strong,13,02,01
540,03-01-04-01-02-01-13.wav,0.3040,0.3748,0.4087,sad,normal,13,01,02
564,03-01-04-01-02-02-13.wav,0.2970,0.3984,0.4002,sad,normal,13,02,02
636,03-01-04-02-02-01-13.wav,0.3934,0.4259,0.4726,sad,strong,13,01,02
660,03-01-04-02-02-02-13.wav,0.2838,0.3538,0.4037,sad,strong,13,02,02
1260,03-01-08-01-01-01-13.wav,0.6402,0.4131,0.6688,surprised,normal,13,01,01
1284,03-01-08-01-01-02-13.wav,0.5623,0.5210,0.5822,surprised,normal,13,02,01
1356,03-01-08-02-01-01-13.wav,0.6109,0.4089,0.6378,surprised,strong,13,01,01
1380,03-01-08-02-01-02-13.wav,0.5841,0.4138,0.6354,surprised,strong,13,02,01
1308,03-01-08-01-02-01-13.wav,0.5426,0.4966,0.5884,surprised,normal,13,01,02
1332,03-01-08-01-02-02-13.wav,0.5319,0.4985,0.5587,surprised,normal,13,02,02
1404,03-01-08-02-02-01-13.wav,0.6376,0.4494,0.6915,surprised,strong,13,01,02
1428,03-01-08-02-02-02-13.wav,0.6772,0.4307,0.7163,surprised,strong,13,02,02
685,03-01-05-01-01-01-14.wav,0.6665,0.3889,0.7224,angry,normal,14,01,01
709,03-01-05-01-01-02-14.wav,0.6786,0.3743,0.7249,angry,normal,14,02,01
781,03-01-05-02-01-01-14.wav,0.8430,0.2379,0.8439,angry,strong,14,01,01
805,03-01-05-02-01-02-14.wav,0.8651,0.2791,0.8673,angry,strong,14,02,01
733,03-01-05-01-02-01-14.wav,0.6717,0.3728,0.7205,angry,normal,14,01,02
757,03-01-05-01-02-02-14.wav,0.7637,0.3585,0.7968,angry,normal,14,02,02
829,03-01-05-02-02-01-14.wav,0.8923,0.2510,0.8890,angry,strong,14,01,02
853,03-01-05-02-02-02-14.wav,0.8973,0.2713,0.8984,angry,strong,14,02,02
109,03-01-02-01-01-01-14.wav,0.3499,0.4647,0.4238,calm,normal,14,01,01
133,03-01-02-01-01-02-14.wav,0.3194,0.3939,0.3942,calm,normal,14,02,01
205,03-01-02-02-01-01-14.wav,0.2699,0.3436,0.3731,calm,strong,14,01,01
229,03-01-02-02-01-02-14.wav,0.2598,0.3471,0.3340,calm,strong,14,02,01
157,03-01-02-01-02-01-14.wav,0.3208,0.3921,0.3993,calm,normal,14,01,02
181,03-01-02-01-02-02-14.wav,0.3180,0.3760,0.3968,calm,normal,14,02,02
253,03-01-02-02-02-01-14.wav,0.2862,0.3897,0.3877,calm,strong,14,01,02
277,03-01-02-02-02-02-14.wav,0.3014,0.3434,0.3963,calm,strong,14,02,02
1069,03-01-07-01-01-01-14.wav,0.5302,0.3203,0.5159,disgust,normal,14,01,01
1093,03-01-07-01-01-02-14.wav,0.4480,0.2720,0.4747,disgust,normal,14,02,01
1165,03-01-07-02-01-01-14.wav,0.4720,0.3284,0.4792,disgust,strong,14,01,01
1189,03-01-07-02-01-02-14.wav,0.4331,0.3248,0.4209,disgust,strong,14,02,01
1117,03-01-07-01-02-01-14.wav,0.4955,0.2772,0.5331,disgust,normal,14,01,02
1141,03-01-07-01-02-02-14.wav,0.5637,0.2940,0.5832,disgust,normal,14,02,02
1213,03-01-07-02-02-01-14.wav,0.5065,0.3495,0.5605,disgust,strong,14,01,02
1237,03-01-07-02-02-02-14.wav,0.5577,0.3414,0.5515,disgust,strong,14,02,02
877,03-01-06-01-01-01-14.wav,0.4622,0.2789,0.4714,fearful,normal,14,01,01
901,03-01-06-01-01-02-14.wav,0.4040,0.3053,0.4571,fearful,normal,14,02,01
973,03-01-06-02-01-01-14.wav,0.7613,0.3795,0.7209,fearful,strong,14,01,01
997,03-01-06-02-01-02-14.wav,0.8010,0.3633,0.7573,fearful,strong,14,02,01
925,03-01-06-01-02-01-14.wav,0.3904,0.3043,0.4206,fearful,normal,14,01,02
949,03-01-06-01-02-02-14.wav,0.4113,0.2968,0.4138,fearful,normal,14,02,02
1021,03-01-06-02-02-01-14.wav,0.7320,0.4226,0.6796,fearful,strong,14,01,02
1045,03-01-06-02-02-02-14.wav,0.7221,0.3574,0.6684,fearful,strong,14,02,02
301,03-01-03-01-01-01-14.wav,0.7187,0.5300,0.7069,happy,normal,14,01,01
325,03-01-03-01-01-02-14.wav,0.7696,0.4024,0.7668,happy,normal,14,02,01
397,03-01-03-02-01-01-14.wav,0.7824,0.4517,0.7593,happy,strong,14,01,01
421,03-01-03-02-01-02-14.wav,0.7752,0.4751,0.7521,happy,strong,14,02,01
349,03-01-03-01-02-01-14.wav,0.6633,0.3653,0.6464,happy,normal,14,01,02
373,03-01-03-01-02-02-14.wav,0.7399,0.3305,0.7298,happy,normal,14,02,02
445,03-01-03-02-02-01-14.wav,0.8405,0.4930,0.8156,happy,strong,14,01,02
469,03-01-03-02-02-02-14.wav,0.8386,0.3318,0.8175,happy,strong,14,02,02
493,03-01-04-01-01-01-14.wav,0.3678,0.3510,0.4414,sad,normal,14,01,01
517,03-01-04-01-01-02-14.wav,0.4339,0.3646,0.4966,sad,normal,14,02,01
589,03-01-04-02-01-01-14.wav,0.4718,0.3440,0.4895,sad,strong,14,01,01
613,03-01-04-02-01-02-14.wav,0.4715,0.3550,0.4908,sad,strong,14,02,01
541,03-01-04-01-02-01-14.wav,0.3333,0.3167,0.4131,sad,normal,14,01,02
565,03-01-04-01-02-02-14.wav,0.3862,0.3586,0.4625,sad,normal,14,02,02
637,03-01-04-02-02-01-14.wav,0.4739,0.3590,0.5111,sad,strong,14,01,02
661,03-01-04-02-02-02-14.wav,0.5553,0.3818,0.5663,sad,strong,14,02,02
1261,03-01-08-01-01-01-14.wav,0.4736,0.3983,0.5167,surprised,normal,14,01,01
1285,03-01-08-01-01-02-14.wav,0.5075,0.4085,0.5451,surprised,normal,14,02,01
1357,03-01-08-02-01-01-14.wav,0.5776,0.3460,0.6275,surprised,strong,14,01,01
1381,03-01-08-02-01-02-14.wav,0.6525,0.3803,0.6594,surprised,strong,14,02,01
1309,03-01-08-01-02-01-14.wav,0.5016,0.4667,0.5273,surprised,normal,14,01,02
1333,03-01-08-01-02-02-14.wav,0.5432,0.4092,0.5598,surprised,normal,14,02,02
1405,03-01-08-02-02-01-14.wav,0.6157,0.3946,0.6343,surprised,strong,14,01,02
1429,03-01-08-02-02-02-14.wav,0.5748,0.4070,0.6059,surprised,strong,14,02,02
686,03-01-05-01-01-01-15.wav,0.4495,0.3840,0.5309,angry,normal,15,01,01
710,03-01-05-01-01-02-15.wav,0.5866,0.3791,0.6367,angry,normal,15,02,01
782,03-01-05-02-01-01-15.wav,0.7111,0.3562,0.7265,angry,strong,15,01,01
806,03-01-05-02-01-02-15.wav,0.7380,0.2875,0.7313,angry,strong,15,02,01
734,03-01-05-01-02-01-15.wav,0.5236,0.3981,0.5866,angry,normal,15,01,02
758,03-01-05-01-02-02-15.wav,0.6357,0.3603,0.6798,angry,normal,15,02,02
830,03-01-05-02-02-01-15.wav,0.5996,0.3450,0.6640,angry,strong,15,01,02
854,03-01-05-02-02-02-15.wav,0.8117,0.2197,0.8008,angry,strong,15,02,02
110,03-01-02-01-01-01-15.wav,0.2016,0.3271,0.3245,calm,normal,15,01,01
134,03-01-02-01-01-02-15.wav,0.2104,0.3380,0.3252,calm,normal,15,02,01
206,03-01-02-02-01-01-15.wav,0.2122,0.3225,0.3292,calm,strong,15,01,01
230,03-01-02-02-01-02-15.wav,0.2189,0.3449,0.3498,calm,strong,15,02,01
158,03-01-02-01-02-01-15.wav,0.1885,0.2981,0.3115,calm,normal,15,01,02
182,03-01-02-01-02-02-15.wav,0.2478,0.3404,0.3760,calm,normal,15,02,02
254,03-01-02-02-02-01-15.wav,0.2265,0.3135,0.3359,calm,strong,15,01,02
278,03-01-02-02-02-02-15.wav,0.2252,0.2948,0.3525,calm,strong,15,02,02
1070,03-01-07-01-01-01-15.wav,0.3062,0.3376,0.3444,disgust,normal,15,01,01
1094,03-01-07-01-01-02-15.wav,0.2430,0.3362,0.3423,disgust,normal,15,02,01
1166,03-01-07-02-01-01-15.wav,0.4086,0.4036,0.4787,disgust,strong,15,01,01
1190,03-01-07-02-01-02-15.wav,0.2815,0.3326,0.3377,disgust,strong,15,02,01
1118,03-01-07-01-02-01-15.wav,0.3050,0.3654,0.3681,disgust,normal,15,01,02
1142,03-01-07-01-02-02-15.wav,0.3873,0.3634,0.4617,disgust,normal,15,02,02
1214,03-01-07-02-02-01-15.wav,0.3344,0.3613,0.3651,disgust,strong,15,01,02
1238,03-01-07-02-02-02-15.wav,0.4755,0.3375,0.5314,disgust,strong,15,02,02
878,03-01-06-01-01-01-15.wav,0.2746,0.3228,0.3416,fearful,normal,15,01,01
902,03-01-06-01-01-02-15.wav,0.3942,0.3160,0.3788,fearful,normal,15,02,01
974,03-01-06-02-01-01-15.wav,0.5448,0.3072,0.5431,fearful,strong,15,01,01
998,03-01-06-02-01-02-15.wav,0.5691,0.3840,0.5419,fearful,strong,15,02,01
926,03-01-06-01-02-01-15.wav,0.3646,0.2775,0.3895,fearful,normal,15,01,02
950,03-01-06-01-02-02-15.wav,0.4398,0.3235,0.4481,fearful,normal,15,02,02
1022,03-01-06-02-02-01-15.wav,0.4640,0.3557,0.4726,fearful,strong,15,01,02
1046,03-01-06-02-02-02-15.wav,0.5445,0.3838,0.5347,fearful,strong,15,02,02
302,03-01-03-01-01-01-15.wav,0.3364,0.4192,0.4099,happy,normal,15,01,01
326,03-01-03-01-01-02-15.wav,0.3458,0.4056,0.4188,happy,normal,15,02,01
398,03-01-03-02-01-01-15.wav,0.4875,0.3960,0.5135,happy,strong,15,01,01
422,03-01-03-02-01-02-15.wav,0.4486,0.4907,0.4843,happy,strong,15,02,01
350,03-01-03-01-02-01-15.wav,0.2999,0.3926,0.3760,happy,normal,15,01,02
374,03-01-03-01-02-02-15.wav,0.2595,0.3508,0.3498,happy,normal,15,02,02
446,03-01-03-02-02-01-15.wav,0.4483,0.4875,0.4734,happy,strong,15,01,02
470,03-01-03-02-02-02-15.wav,0.4719,0.5330,0.4948,happy,strong,15,02,02
494,03-01-04-01-01-01-15.wav,0.3307,0.3911,0.3868,sad,normal,15,01,01
518,03-01-04-01-01-02-15.wav,0.2487,0.3583,0.3425,sad,normal,15,02,01
590,03-01-04-02-01-01-15.wav,0.3360,0.4185,0.3982,sad,strong,15,01,01
614,03-01-04-02-01-02-15.wav,0.3373,0.3792,0.3773,sad,strong,15,02,01
542,03-01-04-01-02-01-15.wav,0.2742,0.3679,0.3556,sad,normal,15,01,02
566,03-01-04-01-02-02-15.wav,0.2561,0.3397,0.3349,sad,normal,15,02,02
638,03-01-04-02-02-01-15.wav,0.3260,0.3664,0.3810,sad,strong,15,01,02
662,03-01-04-02-02-02-15.wav,0.3053,0.3447,0.3591,sad,strong,15,02,02
1262,03-01-08-01-01-01-15.wav,0.3211,0.3517,0.3890,surprised,normal,15,01,01
1286,03-01-08-01-01-02-15.wav,0.4215,0.3930,0.4651,surprised,normal,15,02,01
1358,03-01-08-02-01-01-15.wav,0.5108,0.3856,0.5192,surprised,strong,15,01,01
1382,03-01-08-02-01-02-15.wav,0.4425,0.4310,0.4599,surprised,strong,15,02,01
1310,03-01-08-01-02-01-15.wav,0.2863,0.3597,0.3644,surprised,normal,15,01,02
1334,03-01-08-01-02-02-15.wav,0.3663,0.4365,0.4080,surprised,normal,15,02,02
1406,03-01-08-02-02-01-15.wav,0.4039,0.3857,0.4498,surprised,strong,15,01,02
1430,03-01-08-02-02-02-15.wav,0.3780,0.3732,0.4092,surprised,strong,15,02,02
687,03-01-05-01-01-01-16.wav,0.6981,0.2811,0.7684,angry,normal,16,01,01
711,03-01-05-01-01-02-16.wav,0.6600,0.2578,0.7232,angry,normal,16,02,01
783,03-01-05-02-01-01-16.wav,0.8271,0.2143,0.8511,angry,strong,16,01,01
807,03-01-05-02-01-02-16.wav,0.8020,0.3521,0.8239,angry,strong,16,02,01
735,03-01-05-01-02-01-16.wav,0.6792,0.3501,0.7406,angry,normal,16,01,02
759,03-01-05-01-02-02-16.wav,0.6701,0.3733,0.7404,angry,normal,16,02,02
831,03-01-05-02-02-01-16.wav,0.8149,0.3135,0.8441,angry,strong,16,01,02
855,03-01-05-02-02-02-16.wav,0.7800,0.3194,0.8143,angry,strong,16,02,02
111,03-01-02-01-01-01-16.wav,0.3629,0.3865,0.4516,calm,normal,16,01,01
135,03-01-02-01-01-02-16.wav,0.3303,0.3424,0.4252,calm,normal,16,02,01
207,03-01-02-02-01-01-16.wav,0.3877,0.4069,0.4693,calm,strong,16,01,01
231,03-01-02-02-01-02-16.wav,0.3718,0.3038,0.4574,calm,strong,16,02,01
159,03-01-02-01-02-01-16.wav,0.3405,0.3733,0.4314,calm,normal,16,01,02
183,03-01-02-01-02-02-16.wav,0.3593,0.3844,0.4469,calm,normal,16,02,02
255,03-01-02-02-02-01-16.wav,0.3114,0.3577,0.4075,calm,strong,16,01,02
279,03-01-02-02-02-02-16.wav,0.3387,0.3784,0.4276,calm,strong,16,02,02
1071,03-01-07-01-01-01-16.wav,0.5016,0.3146,0.5603,disgust,normal,16,01,01
1095,03-01-07-01-01-02-16.wav,0.5912,0.2657,0.6625,disgust,normal,16,02,01
1167,03-01-07-02-01-01-16.wav,0.4576,0.2143,0.5749,disgust,strong,16,01,01
1191,03-01-07-02-01-02-16.wav,0.5721,0.2596,0.6529,disgust,strong,16,02,01
1119,03-01-07-01-02-01-16.wav,0.4761,0.3979,0.5584,disgust,normal,16,01,02
1143,03-01-07-01-02-02-16.wav,0.5013,0.2990,0.5862,disgust,normal,16,02,02
1215,03-01-07-02-02-01-16.wav,0.5299,0.3320,0.6209,disgust,strong,16,01,02
1239,03-01-07-02-02-02-16.wav,0.5497,0.2980,0.6488,disgust,strong,16,02,02
879,03-01-06-01-01-01-16.wav,0.5092,0.3593,0.4905,fearful,normal,16,01,01
903,03-01-06-01-01-02-16.wav,0.4863,0.3265,0.5036,fearful,normal,16,02,01
975,03-01-06-02-01-01-16.wav,0.7375,0.4274,0.6990,fearful,strong,16,01,01
999,03-01-06-02-01-02-16.wav,0.7793,0.3540,0.7215,fearful,strong,16,02,01
927,03-01-06-01-02-01-16.wav,0.4781,0.3740,0.5060,fearful,normal,16,01,02
951,03-01-06-01-02-02-16.wav,0.5919,0.3413,0.5960,fearful,normal,16,02,02
1023,03-01-06-02-02-01-16.wav,0.7926,0.3771,0.7419,fearful,strong,16,01,02
1047,03-01-06-02-02-02-16.wav,0.7882,0.3280,0.7406,fearful,strong,16,02,02
303,03-01-03-01-01-01-16.wav,0.5096,0.3994,0.5677,happy,normal,16,01,01
327,03-01-03-01-01-02-16.wav,0.5400,0.4427,0.5848,happy,normal,16,02,01
399,03-01-03-02-01-01-16.wav,0.6429,0.4041,0.6731,happy,strong,16,01,01
423,03-01-03-02-01-02-16.wav,0.6350,0.4548,0.6537,happy,strong,16,02,01
351,03-01-03-01-02-01-16.wav,0.4913,0.4298,0.5504,happy,normal,16,01,02
375,03-01-03-01-02-02-16.wav,0.4929,0.4145,0.5531,happy,normal,16,02,02
447,03-01-03-02-02-01-16.wav,0.6723,0.3703,0.6936,happy,strong,16,01,02
471,03-01-03-02-02-02-16.wav,0.5937,0.4468,0.6347,happy,strong,16,02,02
495,03-01-04-01-01-01-16.wav,0.4083,0.3362,0.4539,sad,normal,16,01,01
519,03-01-04-01-01-02-16.wav,0.4266,0.3825,0.4814,sad,normal,16,02,01
591,03-01-04-02-01-01-16.wav,0.4865,0.4706,0.5045,sad,strong,16,01,01
615,03-01-04-02-01-02-16.wav,0.3892,0.3358,0.3968,sad,strong,16,02,01
543,03-01-04-01-02-01-16.wav,0.4019,0.3972,0.4664,sad,normal,16,01,02
567,03-01-04-01-02-02-16.wav,0.3886,0.3781,0.4527,sad,normal,16,02,02
639,03-01-04-02-02-01-16.wav,0.4068,0.4276,0.4339,sad,strong,16,01,02
663,03-01-04-02-02-02-16.wav,0.4673,0.3250,0.4665,sad,strong,16,02,02
1263,03-01-08-01-01-01-16.wav,0.5411,0.4420,0.5796,surprised,normal,16,01,01
1287,03-01-08-01-01-02-16.wav,0.6374,0.4049,0.6726,surprised,normal,16,02,01
1359,03-01-08-02-01-01-16.wav,0.6497,0.4543,0.6649,surprised,strong,16,01,01
1383,03-01-08-02-01-02-16.wav,0.6904,0.4273,0.7138,surprised,strong,16,02,01
1311,03-01-08-01-02-01-16.wav,0.6595,0.4302,0.6908,surprised,normal,16,01,02
1335,03-01-08-01-02-02-16.wav,0.7032,0.4709,0.7352,surprised,normal,16,02,02
1407,03-01-08-02-02-01-16.wav,0.6938,0.4202,0.7150,surprised,strong,16,01,02
1431,03-01-08-02-02-02-16.wav,0.6799,0.4664,0.7056,surprised,strong,16,02,02
688,03-01-05-01-01-01-17.wav,0.2260,0.3421,0.3497,angry,normal,17,01,01
712,03-01-05-01-01-02-17.wav,0.2024,0.3185,0.3253,angry,normal,17,02,01
784,03-01-05-02-01-01-17.wav,0.5975,0.4907,0.6303,angry,strong,17,01,01
808,03-01-05-02-01-02-17.wav,0.7048,0.3637,0.7243,angry,strong,17,02,01
736,03-01-05-01-02-01-17.wav,0.3068,0.3270,0.4201,angry,normal,17,01,02
760,03-01-05-01-02-02-17.wav,0.2763,0.3365,0.3862,angry,normal,17,02,02
832,03-01-05-02-02-01-17.wav,0.6027,0.4080,0.6484,angry,strong,17,01,02
856,03-01-05-02-02-02-17.wav,0.6067,0.3868,0.6695,angry,strong,17,02,02
112,03-01-02-01-01-01-17.wav,0.2227,0.3692,0.3390,calm,normal,17,01,01
136,03-01-02-01-01-02-17.wav,0.2459,0.3735,0.3699,calm,normal,17,02,01
208,03-01-02-02-01-01-17.wav,0.1655,0.3090,0.3169,calm,strong,17,01,01
232,03-01-02-02-01-02-17.wav,0.1752,0.3218,0.3130,calm,strong,17,02,01
160,03-01-02-01-02-01-17.wav,0.2077,0.3632,0.3549,calm,normal,17,01,02
184,03-01-02-01-02-02-17.wav,0.2150,0.3708,0.3549,calm,normal,17,02,02
256,03-01-02-02-02-01-17.wav,0.1795,0.3299,0.3286,calm,strong,17,01,02
280,03-01-02-02-02-02-17.wav,0.1596,0.3158,0.3022,calm,strong,17,02,02
1072,03-01-07-01-01-01-17.wav,0.3372,0.3294,0.4403,disgust,normal,17,01,01
1096,03-01-07-01-01-02-17.wav,0.3781,0.3739,0.4590,disgust,normal,17,02,01
1168,03-01-07-02-01-01-17.wav,0.5531,0.2895,0.6165,disgust,strong,17,01,01
1192,03-01-07-02-01-02-17.wav,0.5513,0.3292,0.6010,disgust,strong,17,02,01
1120,03-01-07-01-02-01-17.wav,0.2900,0.3403,0.4077,disgust,normal,17,01,02
1144,03-01-07-01-02-02-17.wav,0.2947,0.3468,0.4266,disgust,normal,17,02,02
1216,03-01-07-02-02-01-17.wav,0.5206,0.2944,0.6033,disgust,strong,17,01,02
1240,03-01-07-02-02-02-17.wav,0.4451,0.2619,0.5429,disgust,strong,17,02,02
880,03-01-06-01-01-01-17.wav,0.3644,0.3930,0.4286,fearful,normal,17,01,01
904,03-01-06-01-01-02-17.wav,0.4690,0.3569,0.4735,fearful,normal,17,02,01
976,03-01-06-02-01-01-17.wav,0.7157,0.3501,0.6825,fearful,strong,17,01,01
1000,03-01-06-02-01-02-17.wav,0.7653,0.3513,0.7209,fearful,strong,17,02,01
928,03-01-06-01-02-01-17.wav,0.4041,0.3525,0.4494,fearful,normal,17,01,02
952,03-01-06-01-02-02-17.wav,0.7311,0.3865,0.7050,fearful,normal,17,02,02
1024,03-01-06-02-02-01-17.wav,0.7619,0.4006,0.7476,fearful,strong,17,01,02
1048,03-01-06-02-02-02-17.wav,0.7311,0.4508,0.6928,fearful,strong,17,02,02
304,03-01-03-01-01-01-17.wav,0.2568,0.3684,0.3642,happy,normal,17,01,01
328,03-01-03-01-01-02-17.wav,0.3818,0.4292,0.4492,happy,normal,17,02,01
400,03-01-03-02-01-01-17.wav,0.5978,0.3407,0.5810,happy,strong,17,01,01
424,03-01-03-02-01-02-17.wav,0.6172,0.3658,0.6300,happy,strong,17,02,01
352,03-01-03-01-02-01-17.wav,0.3565,0.4004,0.4538,happy,normal,17,01,02
376,03-01-03-01-02-02-17.wav,0.3340,0.4263,0.4386,happy,normal,17,02,02
448,03-01-03-02-02-01-17.wav,0.6013,0.3964,0.6161,happy,strong,17,01,02
472,03-01-03-02-02-02-17.wav,0.5946,0.4243,0.6174,happy,strong,17,02,02
496,03-01-04-01-01-01-17.wav,0.2661,0.3486,0.3630,sad,normal,17,01,01
520,03-01-04-01-01-02-17.wav,0.3104,0.3329,0.3945,sad,normal,17,02,01
592,03-01-04-02-01-01-17.wav,0.3703,0.3194,0.3970,sad,strong,17,01,01
616,03-01-04-02-01-02-17.wav,0.3212,0.3146,0.3677,sad,strong,17,02,01
544,03-01-04-01-02-01-17.wav,0.2417,0.3448,0.3761,sad,normal,17,01,02
568,03-01-04-01-02-02-17.wav,0.3168,0.4011,0.4121,sad,normal,17,02,02
640,03-01-04-02-02-01-17.wav,0.3404,0.3080,0.4055,sad,strong,17,01,02
664,03-01-04-02-02-02-17.wav,0.3648,0.3086,0.3994,sad,strong,17,02,02
1264,03-01-08-01-01-01-17.wav,0.5119,0.5241,0.5359,surprised,normal,17,01,01
1288,03-01-08-01-01-02-17.wav,0.4853,0.4114,0.5417,surprised,normal,17,02,01
1360,03-01-08-02-01-01-17.wav,0.6086,0.4021,0.6474,surprised,strong,17,01,01
1384,03-01-08-02-01-02-17.wav,0.5074,0.4210,0.5532,surprised,strong,17,02,01
1312,03-01-08-01-02-01-17.wav,0.5371,0.4583,0.5709,surprised,normal,17,01,02
1336,03-01-08-01-02-02-17.wav,0.4997,0.4381,0.5613,surprised,normal,17,02,02
1408,03-01-08-02-02-01-17.wav,0.7232,0.4581,0.7063,surprised,strong,17,01,02
1432,03-01-08-02-02-02-17.wav,0.6824,0.3779,0.6887,surprised,strong,17,02,02
689,03-01-05-01-01-01-18.wav,0.5408,0.3685,0.6274,angry,normal,18,01,01
713,03-01-05-01-01-02-18.wav,0.4828,0.3202,0.5746,angry,normal,18,02,01
785,03-01-05-02-01-01-18.wav,0.8275,0.2704,0.8234,angry,strong,18,01,01
809,03-01-05-02-01-02-18.wav,0.8070,0.3298,0.8032,angry,strong,18,02,01
737,03-01-05-01-02-01-18.wav,0.6676,0.3978,0.7172,angry,normal,18,01,02
761,03-01-05-01-02-02-18.wav,0.5935,0.4000,0.6599,angry,normal,18,02,02
833,03-01-05-02-02-01-18.wav,0.8264,0.3519,0.8224,angry,strong,18,01,02
857,03-01-05-02-02-02-18.wav,0.8552,0.3767,0.8499,angry,strong,18,02,02
113,03-01-02-01-01-01-18.wav,0.3104,0.3869,0.3878,calm,normal,18,01,01
137,03-01-02-01-01-02-18.wav,0.2757,0.3954,0.3555,calm,normal,18,02,01
209,03-01-02-02-01-01-18.wav,0.2633,0.3965,0.3477,calm,strong,18,01,01
233,03-01-02-02-01-02-18.wav,0.2527,0.4003,0.3445,calm,strong,18,02,01
161,03-01-02-01-02-01-18.wav,0.3337,0.3899,0.4207,calm,normal,18,01,02
185,03-01-02-01-02-02-18.wav,0.3736,0.4221,0.4551,calm,normal,18,02,02
257,03-01-02-02-02-01-18.wav,0.3507,0.4249,0.4323,calm,strong,18,01,02
281,03-01-02-02-02-02-18.wav,0.3514,0.4418,0.4330,calm,strong,18,02,02
1073,03-01-07-01-01-01-18.wav,0.4111,0.2937,0.4271,disgust,normal,18,01,01
1097,03-01-07-01-01-02-18.wav,0.4549,0.3330,0.4957,disgust,normal,18,02,01
1169,03-01-07-02-01-01-18.wav,0.6357,0.2708,0.5781,disgust,strong,18,01,01
1193,03-01-07-02-01-02-18.wav,0.5949,0.2774,0.5232,disgust,strong,18,02,01
1121,03-01-07-01-02-01-18.wav,0.5483,0.3465,0.5698,disgust,normal,18,01,02
1145,03-01-07-01-02-02-18.wav,0.4353,0.3162,0.4612,disgust,normal,18,02,02
1217,03-01-07-02-02-01-18.wav,0.6464,0.3051,0.6625,disgust,strong,18,01,02
1241,03-01-07-02-02-02-18.wav,0.7637,0.2906,0.7715,disgust,strong,18,02,02
881,03-01-06-01-01-01-18.wav,0.5215,0.3431,0.4846,fearful,normal,18,01,01
905,03-01-06-01-01-02-18.wav,0.4747,0.3567,0.4537,fearful,normal,18,02,01
977,03-01-06-02-01-01-18.wav,0.7312,0.3915,0.6675,fearful,strong,18,01,01
1001,03-01-06-02-01-02-18.wav,0.6756,0.4666,0.6189,fearful,strong,18,02,01
929,03-01-06-01-02-01-18.wav,0.4603,0.3413,0.4723,fearful,normal,18,01,02
953,03-01-06-01-02-02-18.wav,0.5105,0.3706,0.5069,fearful,normal,18,02,02
1025,03-01-06-02-02-01-18.wav,0.7207,0.5496,0.6681,fearful,strong,18,01,02
1049,03-01-06-02-02-02-18.wav,0.7177,0.4862,0.6639,fearful,strong,18,02,02
305,03-01-03-01-01-01-18.wav,0.4942,0.4813,0.5217,happy,normal,18,01,01
329,03-01-03-01-01-02-18.wav,0.4550,0.4613,0.4753,happy,normal,18,02,01
401,03-01-03-02-01-01-18.wav,0.7332,0.4028,0.6992,happy,strong,18,01,01
425,03-01-03-02-01-02-18.wav,0.7552,0.5041,0.6831,happy,strong,18,02,01
353,03-01-03-01-02-01-18.wav,0.4422,0.4719,0.4855,happy,normal,18,01,02
377,03-01-03-01-02-02-18.wav,0.4920,0.5123,0.5139,happy,normal,18,02,02
449,03-01-03-02-02-01-18.wav,0.7205,0.4769,0.6738,happy,strong,18,01,02
473,03-01-03-02-02-02-18.wav,0.7544,0.5214,0.7284,happy,strong,18,02,02
497,03-01-04-01-01-01-18.wav,0.3806,0.3992,0.4379,sad,normal,18,01,01
521,03-01-04-01-01-02-18.wav,0.3836,0.3678,0.4307,sad,normal,18,02,01
593,03-01-04-02-01-01-18.wav,0.6888,0.4079,0.5986,sad,strong,18,01,01
617,03-01-04-02-01-02-18.wav,0.6240,0.4905,0.5482,sad,strong,18,02,01
545,03-01-04-01-02-01-18.wav,0.2974,0.3368,0.3745,sad,normal,18,01,02
569,03-01-04-01-02-02-18.wav,0.3492,0.3743,0.4238,sad,normal,18,02,02
641,03-01-04-02-02-01-18.wav,0.5923,0.4752,0.5512,sad,strong,18,01,02
665,03-01-04-02-02-02-18.wav,0.6779,0.4858,0.6380,sad,strong,18,02,02
1265,03-01-08-01-01-01-18.wav,0.4134,0.4211,0.4287,surprised,normal,18,01,01
1289,03-01-08-01-01-02-18.wav,0.4175,0.4180,0.4599,surprised,normal,18,02,01
1361,03-01-08-02-01-01-18.wav,0.5438,0.3748,0.5435,surprised,strong,18,01,01
1385,03-01-08-02-01-02-18.wav,0.5380,0.4221,0.5697,surprised,strong,18,02,01
1313,03-01-08-01-02-01-18.wav,0.4664,0.4373,0.5128,surprised,normal,18,01,02
1337,03-01-08-01-02-02-18.wav,0.4527,0.4489,0.4840,surprised,normal,18,02,02
1409,03-01-08-02-02-01-18.wav,0.5774,0.4127,0.6208,surprised,strong,18,01,02
1433,03-01-08-02-02-02-18.wav,0.5891,0.3435,0.6139,surprised,strong,18,02,02
690,03-01-05-01-01-01-19.wav,0.6488,0.3886,0.6969,angry,normal,19,01,01
714,03-01-05-01-01-02-19.wav,0.5326,0.3229,0.6080,angry,normal,19,02,01
786,03-01-05-02-01-01-19.wav,0.8472,0.2747,0.8536,angry,strong,19,01,01
810,03-01-05-02-01-02-19.wav,0.8941,0.2507,0.8941,angry,strong,19,02,01
738,03-01-05-01-02-01-19.wav,0.5131,0.4605,0.5699,angry,normal,19,01,02
762,03-01-05-01-02-02-19.wav,0.5886,0.2964,0.6460,angry,normal,19,02,02
834,03-01-05-02-02-01-19.wav,0.8905,0.2414,0.8892,angry,strong,19,01,02
858,03-01-05-02-02-02-19.wav,0.8710,0.2692,0.8839,angry,strong,19,02,02
114,03-01-02-01-01-01-19.wav,0.1811,0.3476,0.2955,calm,normal,19,01,01
138,03-01-02-01-01-02-19.wav,0.1768,0.3184,0.2933,calm,normal,19,02,01
210,03-01-02-02-01-01-19.wav,0.1816,0.2857,0.2717,calm,strong,19,01,01
234,03-01-02-02-01-02-19.wav,0.1592,0.2659,0.2800,calm,strong,19,02,01
162,03-01-02-01-02-01-19.wav,0.1749,0.3428,0.2888,calm,normal,19,01,02
186,03-01-02-01-02-02-19.wav,0.1653,0.3096,0.2775,calm,normal,19,02,02
258,03-01-02-02-02-01-19.wav,0.1329,0.2647,0.2427,calm,strong,19,01,02
282,03-01-02-02-02-02-19.wav,0.1385,0.2885,0.2349,calm,strong,19,02,02
1074,03-01-07-01-01-01-19.wav,0.4130,0.2306,0.4397,disgust,normal,19,01,01
1098,03-01-07-01-01-02-19.wav,0.3457,0.2427,0.4160,disgust,normal,19,02,01
1170,03-01-07-02-01-01-19.wav,0.6189,0.2363,0.6026,disgust,strong,19,01,01
1194,03-01-07-02-01-02-19.wav,0.7494,0.2498,0.6895,disgust,strong,19,02,01
1122,03-01-07-01-02-01-19.wav,0.4679,0.3528,0.4674,disgust,normal,19,01,02
1146,03-01-07-01-02-02-19.wav,0.5275,0.2869,0.5196,disgust,normal,19,02,02
1218,03-01-07-02-02-01-19.wav,0.8231,0.1992,0.8385,disgust,strong,19,01,02
1242,03-01-07-02-02-02-19.wav,0.7809,0.2574,0.7630,disgust,strong,19,02,02
882,03-01-06-01-01-01-19.wav,0.3447,0.2675,0.3500,fearful,normal,19,01,01
906,03-01-06-01-01-02-19.wav,0.3854,0.3247,0.3597,fearful,normal,19,02,01
978,03-01-06-02-01-01-19.wav,0.7674,0.4502,0.6972,fearful,strong,19,01,01
1002,03-01-06-02-01-02-19.wav,0.8190,0.2594,0.7821,fearful,strong,19,02,01
930,03-01-06-01-02-01-19.wav,0.3844,0.3032,0.3565,fearful,normal,19,01,02
954,03-01-06-01-02-02-19.wav,0.3481,0.3760,0.3817,fearful,normal,19,02,02
1026,03-01-06-02-02-01-19.wav,0.8319,0.3445,0.7719,fearful,strong,19,01,02
1050,03-01-06-02-02-02-19.wav,0.8154,0.3276,0.7641,fearful,strong,19,02,02
306,03-01-03-01-01-01-19.wav,0.3605,0.3691,0.3975,happy,normal,19,01,01
330,03-01-03-01-01-02-19.wav,0.4596,0.4808,0.4677,happy,normal,19,02,01
402,03-01-03-02-01-01-19.wav,0.4805,0.3591,0.5478,happy,strong,19,01,01
426,03-01-03-02-01-02-19.wav,0.6554,0.5387,0.6176,happy,strong,19,02,01
354,03-01-03-01-02-01-19.wav,0.3452,0.4229,0.3629,happy,normal,19,01,02
378,03-01-03-01-02-02-19.wav,0.3713,0.4026,0.4150,happy,normal,19,02,02
450,03-01-03-02-02-01-19.wav,0.6131,0.3294,0.6169,happy,strong,19,01,02
474,03-01-03-02-02-02-19.wav,0.4547,0.3359,0.5329,happy,strong,19,02,02
498,03-01-04-01-01-01-19.wav,0.2209,0.3201,0.3383,sad,normal,19,01,01
522,03-01-04-01-01-02-19.wav,0.1859,0.2526,0.2756,sad,normal,19,02,01
594,03-01-04-02-01-01-19.wav,0.4507,0.4038,0.3750,sad,strong,19,01,01
618,03-01-04-02-01-02-19.wav,0.3650,0.3275,0.3647,sad,strong,19,02,01
546,03-01-04-01-02-01-19.wav,0.1764,0.2741,0.2729,sad,normal,19,01,02
570,03-01-04-01-02-02-19.wav,0.1726,0.3257,0.2911,sad,normal,19,02,02
642,03-01-04-02-02-01-19.wav,0.3002,0.3744,0.3529,sad,strong,19,01,02
666,03-01-04-02-02-02-19.wav,0.3618,0.3534,0.3987,sad,strong,19,02,02
1266,03-01-08-01-01-01-19.wav,0.2835,0.2966,0.3610,surprised,normal,19,01,01
1290,03-01-08-01-01-02-19.wav,0.4215,0.4777,0.4520,surprised,normal,19,02,01
1362,03-01-08-02-01-01-19.wav,0.4979,0.3508,0.5316,surprised,strong,19,01,01
1386,03-01-08-02-01-02-19.wav,0.4776,0.3457,0.4902,surprised,strong,19,02,01
1314,03-01-08-01-02-01-19.wav,0.3452,0.3486,0.3931,surprised,normal,19,01,02
1338,03-01-08-01-02-02-19.wav,0.4659,0.4992,0.5023,surprised,normal,19,02,02
1410,03-01-08-02-02-01-19.wav,0.5745,0.5050,0.5534,surprised,strong,19,01,02
1434,03-01-08-02-02-02-19.wav,0.5968,0.3689,0.6353,surprised,strong,19,02,02
691,03-01-05-01-01-01-20.wav,0.4395,0.4014,0.4873,angry,normal,20,01,01
715,03-01-05-01-01-02-20.wav,0.7121,0.3560,0.7117,angry,normal,20,02,01
787,03-01-05-02-01-01-20.wav,0.7482,0.3240,0.7853,angry,strong,20,01,01
811,03-01-05-02-01-02-20.wav,0.8375,0.3834,0.8395,angry,strong,20,02,01
739,03-01-05-01-02-01-20.wav,0.4694,0.3706,0.5345,angry,normal,20,01,02
763,03-01-05-01-02-02-20.wav,0.6216,0.3771,0.6511,angry,normal,20,02,02
835,03-01-05-02-02-01-20.wav,0.9004,0.3735,0.8946,angry,strong,20,01,02
859,03-01-05-02-02-02-20.wav,0.8022,0.4282,0.8039,angry,strong,20,02,02
115,03-01-02-01-01-01-20.wav,0.2995,0.3399,0.3648,calm,normal,20,01,01
139,03-01-02-01-01-02-20.wav,0.2894,0.3859,0.3419,calm,normal,20,02,01
211,03-01-02-02-01-01-20.wav,0.2933,0.3687,0.3578,calm,strong,20,01,01
235,03-01-02-02-01-02-20.wav,0.2008,0.2979,0.2977,calm,strong,20,02,01
163,03-01-02-01-02-01-20.wav,0.2864,0.3755,0.3473,calm,normal,20,01,02
187,03-01-02-01-02-02-20.wav,0.2846,0.3425,0.3600,calm,normal,20,02,02
259,03-01-02-02-02-01-20.wav,0.2207,0.2771,0.2993,calm,strong,20,01,02
283,03-01-02-02-02-02-20.wav,0.2407,0.3450,0.3108,calm,strong,20,02,02
1075,03-01-07-01-01-01-20.wav,0.5362,0.3573,0.5691,disgust,normal,20,01,01
1099,03-01-07-01-01-02-20.wav,0.4530,0.2761,0.4779,disgust,normal,20,02,01
1171,03-01-07-02-01-01-20.wav,0.6341,0.3423,0.6378,disgust,strong,20,01,01
1195,03-01-07-02-01-02-20.wav,0.5648,0.3907,0.4793,disgust,strong,20,02,01
1123,03-01-07-01-02-01-20.wav,0.4161,0.3378,0.4668,disgust,normal,20,01,02
1147,03-01-07-01-02-02-20.wav,0.3526,0.2698,0.3815,disgust,normal,20,02,02
1219,03-01-07-02-02-01-20.wav,0.6817,0.2808,0.6693,disgust,strong,20,01,02
1243,03-01-07-02-02-02-20.wav,0.7482,0.3039,0.7468,disgust,strong,20,02,02
883,03-01-06-01-01-01-20.wav,0.3502,0.2570,0.3320,fearful,normal,20,01,01
979,03-01-06-02-01-01-20.wav,0.7420,0.5221,0.6787,fearful,strong,20,01,01
1003,03-01-06-02-01-02-20.wav,0.7913,0.5470,0.7388,fearful,strong,20,02,01
931,03-01-06-01-02-01-20.wav,0.3275,0.2820,0.3197,fearful,normal,20,01,02
955,03-01-06-01-02-02-20.wav,0.2608,0.3137,0.3084,fearful,normal,20,02,02
1027,03-01-06-02-02-01-20.wav,0.7765,0.4821,0.7420,fearful,strong,20,01,02
1051,03-01-06-02-02-02-20.wav,0.7654,0.3836,0.7094,fearful,strong,20,02,02
307,03-01-03-01-01-01-20.wav,0.5894,0.4731,0.6052,happy,normal,20,01,01
331,03-01-03-01-01-02-20.wav,0.5185,0.3929,0.5478,happy,normal,20,02,01
403,03-01-03-02-01-01-20.wav,0.6863,0.5201,0.6751,happy,strong,20,01,01
427,03-01-03-02-01-02-20.wav,0.7783,0.7608,0.7429,happy,strong,20,02,01
379,03-01-03-01-02-02-20.wav,0.5492,0.5048,0.5692,happy,normal,20,02,02
451,03-01-03-02-02-01-20.wav,0.7840,0.5439,0.7827,happy,strong,20,01,02
475,03-01-03-02-02-02-20.wav,0.8331,0.4986,0.8174,happy,strong,20,02,02
499,03-01-04-01-01-01-20.wav,0.1642,0.2176,0.2323,sad,normal,20,01,01
523,03-01-04-01-01-02-20.wav,0.2182,0.2867,0.2895,sad,normal,20,02,01
595,03-01-04-02-01-01-20.wav,0.3316,0.3475,0.3467,sad,strong,20,01,01
619,03-01-04-02-01-02-20.wav,0.6737,0.5724,0.6091,sad,strong,20,02,01
547,03-01-04-01-02-01-20.wav,0.2523,0.3041,0.3158,sad,normal,20,01,02
571,03-01-04-01-02-02-20.wav,0.1803,0.2789,0.2674,sad,normal,20,02,02
643,03-01-04-02-02-01-20.wav,0.2983,0.3715,0.3165,sad,strong,20,01,02
667,03-01-04-02-02-02-20.wav,0.6133,0.4669,0.5325,sad,strong,20,02,02
1267,03-01-08-01-01-01-20.wav,0.5920,0.3616,0.5851,surprised,normal,20,01,01
1291,03-01-08-01-01-02-20.wav,0.6528,0.4496,0.6176,surprised,normal,20,02,01
1363,03-01-08-02-01-01-20.wav,0.6979,0.5462,0.6603,surprised,strong,20,01,01
1387,03-01-08-02-01-02-20.wav,0.5961,0.4029,0.5770,surprised,strong,20,02,01
1315,03-01-08-01-02-01-20.wav,0.5551,0.4718,0.5549,surprised,normal,20,01,02
1339,03-01-08-01-02-02-20.wav,0.5630,0.5093,0.5765,surprised,normal,20,02,02
1411,03-01-08-02-02-01-20.wav,0.7714,0.6106,0.7458,surprised,strong,20,01,02
1435,03-01-08-02-02-02-20.wav,0.5914,0.3735,0.5602,surprised,strong,20,02,02
692,03-01-05-01-01-01-21.wav,0.5757,0.4139,0.6466,angry,normal,21,01,01
716,03-01-05-01-01-02-21.wav,0.5650,0.3785,0.6436,angry,normal,21,02,01
788,03-01-05-02-01-01-21.wav,0.6639,0.3457,0.7147,angry,strong,21,01,01
812,03-01-05-02-01-02-21.wav,0.7025,0.3842,0.7301,angry,strong,21,02,01
740,03-01-05-01-02-01-21.wav,0.5761,0.3763,0.6528,angry,normal,21,01,02
764,03-01-05-01-02-02-21.wav,0.5840,0.4222,0.6537,angry,normal,21,02,02
836,03-01-05-02-02-01-21.wav,0.6340,0.3706,0.6930,angry,strong,21,01,02
860,03-01-05-02-02-02-21.wav,0.7012,0.3815,0.7401,angry,strong,21,02,02
116,03-01-02-01-01-01-21.wav,0.1756,0.3662,0.3336,calm,normal,21,01,01
140,03-01-02-01-01-02-21.wav,0.2071,0.3901,0.3500,calm,normal,21,02,01
212,03-01-02-02-01-01-21.wav,0.1747,0.3796,0.3299,calm,strong,21,01,01
236,03-01-02-02-01-02-21.wav,0.1603,0.3280,0.3083,calm,strong,21,02,01
164,03-01-02-01-02-01-21.wav,0.2077,0.4017,0.3658,calm,normal,21,01,02
188,03-01-02-01-02-02-21.wav,0.1958,0.4009,0.3460,calm,normal,21,02,02
260,03-01-02-02-02-01-21.wav,0.1834,0.3759,0.3421,calm,strong,21,01,02
284,03-01-02-02-02-02-21.wav,0.1865,0.3606,0.3339,calm,strong,21,02,02
1076,03-01-07-01-01-01-21.wav,0.4263,0.3634,0.5293,disgust,normal,21,01,01
1100,03-01-07-01-01-02-21.wav,0.4024,0.3696,0.5134,disgust,normal,21,02,01
1172,03-01-07-02-01-01-21.wav,0.3197,0.3190,0.4608,disgust,strong,21,01,01
1196,03-01-07-02-01-02-21.wav,0.3240,0.3158,0.4673,disgust,strong,21,02,01
1124,03-01-07-01-02-01-21.wav,0.4643,0.4176,0.5572,disgust,normal,21,01,02
1148,03-01-07-01-02-02-21.wav,0.4410,0.4095,0.5165,disgust,normal,21,02,02
1220,03-01-07-02-02-01-21.wav,0.4031,0.3407,0.5414,disgust,strong,21,01,02
1244,03-01-07-02-02-02-21.wav,0.3605,0.3483,0.5053,disgust,strong,21,02,02
884,03-01-06-01-01-01-21.wav,0.3977,0.3865,0.4179,fearful,normal,21,01,01
908,03-01-06-01-01-02-21.wav,0.4130,0.4184,0.4369,fearful,normal,21,02,01
980,03-01-06-02-01-01-21.wav,0.5290,0.4605,0.5328,fearful,strong,21,01,01
1004,03-01-06-02-01-02-21.wav,0.5868,0.5076,0.5647,fearful,strong,21,02,01
932,03-01-06-01-02-01-21.wav,0.3611,0.4278,0.4169,fearful,normal,21,01,02
956,03-01-06-01-02-02-21.wav,0.3545,0.3753,0.4257,fearful,normal,21,02,02
1028,03-01-06-02-02-01-21.wav,0.5929,0.5042,0.5746,fearful,strong,21,01,02
1052,03-01-06-02-02-02-21.wav,0.5445,0.4141,0.5283,fearful,strong,21,02,02
308,03-01-03-01-01-01-21.wav,0.3101,0.4628,0.4265,happy,normal,21,01,01
332,03-01-03-01-01-02-21.wav,0.3466,0.4921,0.4570,happy,normal,21,02,01
404,03-01-03-02-01-01-21.wav,0.5764,0.5542,0.6096,happy,strong,21,01,01
428,03-01-03-02-01-02-21.wav,0.6163,0.5929,0.6310,happy,strong,21,02,01
356,03-01-03-01-02-01-21.wav,0.3242,0.4686,0.4353,happy,normal,21,01,02
380,03-01-03-01-02-02-21.wav,0.3387,0.4588,0.4533,happy,normal,21,02,02
452,03-01-03-02-02-01-21.wav,0.4735,0.4610,0.5390,happy,strong,21,01,02
476,03-01-03-02-02-02-21.wav,0.5531,0.5502,0.5862,happy,strong,21,02,02
500,03-01-04-01-01-01-21.wav,0.1995,0.3032,0.3179,sad,normal,21,01,01
524,03-01-04-01-01-02-21.wav,0.1588,0.2787,0.2763,sad,normal,21,02,01
596,03-01-04-02-01-01-21.wav,0.4268,0.4389,0.4444,sad,strong,21,01,01
620,03-01-04-02-01-02-21.wav,0.4238,0.4113,0.4247,sad,strong,21,02,01
548,03-01-04-01-02-01-21.wav,0.2062,0.3500,0.3428,sad,normal,21,01,02
572,03-01-04-01-02-02-21.wav,0.2309,0.3704,0.3497,sad,normal,21,02,02
644,03-01-04-02-02-01-21.wav,0.3423,0.4272,0.3916,sad,strong,21,01,02
668,03-01-04-02-02-02-21.wav,0.3836,0.4653,0.4321,sad,strong,21,02,02
1268,03-01-08-01-01-01-21.wav,0.5505,0.5301,0.5805,surprised,normal,21,01,01
1292,03-01-08-01-01-02-21.wav,0.5536,0.4979,0.5725,surprised,normal,21,02,01
1364,03-01-08-02-01-01-21.wav,0.6412,0.4097,0.6558,surprised,strong,21,01,01
1388,03-01-08-02-01-02-21.wav,0.6082,0.4922,0.6190,surprised,strong,21,02,01
1316,03-01-08-01-02-01-21.wav,0.5254,0.4535,0.5481,surprised,normal,21,01,02
1340,03-01-08-01-02-02-21.wav,0.5137,0.4738,0.5648,surprised,normal,21,02,02
1412,03-01-08-02-02-01-21.wav,0.6258,0.4190,0.6436,surprised,strong,21,01,02
1436,03-01-08-02-02-02-21.wav,0.6243,0.4531,0.6464,surprised,strong,21,02,02
693,03-01-05-01-01-01-22.wav,0.4493,0.3600,0.5521,angry,normal,22,01,01
717,03-01-05-01-01-02-22.wav,0.4344,0.3412,0.5420,angry,normal,22,02,01
789,03-01-05-02-01-01-22.wav,0.6780,0.3332,0.7320,angry,strong,22,01,01
813,03-01-05-02-01-02-22.wav,0.6900,0.2757,0.7369,angry,strong,22,02,01
741,03-01-05-01-02-01-22.wav,0.4247,0.3696,0.5375,angry,normal,22,01,02
765,03-01-05-01-02-02-22.wav,0.4460,0.3585,0.5837,angry,normal,22,02,02
837,03-01-05-02-02-01-22.wav,0.7323,0.3230,0.7736,angry,strong,22,01,02
861,03-01-05-02-02-02-22.wav,0.7408,0.3147,0.7806,angry,strong,22,02,02
117,03-01-02-01-01-01-22.wav,0.2640,0.3847,0.3729,calm,normal,22,01,01
141,03-01-02-01-01-02-22.wav,0.2947,0.4317,0.3935,calm,normal,22,02,01
213,03-01-02-02-01-01-22.wav,0.2911,0.3239,0.3966,calm,strong,22,01,01
237,03-01-02-02-01-02-22.wav,0.2868,0.3393,0.3929,calm,strong,22,02,01
165,03-01-02-01-02-01-22.wav,0.2910,0.4025,0.3860,calm,normal,22,01,02
189,03-01-02-01-02-02-22.wav,0.2460,0.3686,0.3569,calm,normal,22,02,02
261,03-01-02-02-02-01-22.wav,0.2365,0.3335,0.3479,calm,strong,22,01,02
285,03-01-02-02-02-02-22.wav,0.2378,0.3077,0.3654,calm,strong,22,02,02
1077,03-01-07-01-01-01-22.wav,0.4185,0.3993,0.4908,disgust,normal,22,01,01
1101,03-01-07-01-01-02-22.wav,0.4092,0.3303,0.5054,disgust,normal,22,02,01
1173,03-01-07-02-01-01-22.wav,0.4588,0.3028,0.5334,disgust,strong,22,01,01
1197,03-01-07-02-01-02-22.wav,0.4684,0.3216,0.5557,disgust,strong,22,02,01
1125,03-01-07-01-02-01-22.wav,0.3944,0.4069,0.4726,disgust,normal,22,01,02
1149,03-01-07-01-02-02-22.wav,0.3855,0.3611,0.4620,disgust,normal,22,02,02
1221,03-01-07-02-02-01-22.wav,0.4600,0.3179,0.5212,disgust,strong,22,01,02
1245,03-01-07-02-02-02-22.wav,0.5236,0.3427,0.6106,disgust,strong,22,02,02
885,03-01-06-01-01-01-22.wav,0.3995,0.3527,0.4504,fearful,normal,22,01,01
909,03-01-06-01-01-02-22.wav,0.4175,0.3260,0.4598,fearful,normal,22,02,01
981,03-01-06-02-01-01-22.wav,0.6448,0.2989,0.6148,fearful,strong,22,01,01
1005,03-01-06-02-01-02-22.wav,0.6701,0.3495,0.6524,fearful,strong,22,02,01
933,03-01-06-01-02-01-22.wav,0.4126,0.3911,0.4673,fearful,normal,22,01,02
957,03-01-06-01-02-02-22.wav,0.4703,0.4043,0.5185,fearful,normal,22,02,02
1029,03-01-06-02-02-01-22.wav,0.6467,0.3695,0.6460,fearful,strong,22,01,02
1053,03-01-06-02-02-02-22.wav,0.6914,0.3562,0.6655,fearful,strong,22,02,02
309,03-01-03-01-01-01-22.wav,0.4000,0.4433,0.4649,happy,normal,22,01,01
333,03-01-03-01-01-02-22.wav,0.4647,0.4902,0.5158,happy,normal,22,02,01
405,03-01-03-02-01-01-22.wav,0.6974,0.4383,0.7155,happy,strong,22,01,01
429,03-01-03-02-01-02-22.wav,0.6837,0.3680,0.6979,happy,strong,22,02,01
357,03-01-03-01-02-01-22.wav,0.4326,0.4596,0.5006,happy,normal,22,01,02
381,03-01-03-01-02-02-22.wav,0.4148,0.4779,0.4848,happy,normal,22,02,02
453,03-01-03-02-02-01-22.wav,0.7480,0.3491,0.7650,happy,strong,22,01,02
477,03-01-03-02-02-02-22.wav,0.6727,0.4115,0.7122,happy,strong,22,02,02
501,03-01-04-01-01-01-22.wav,0.2527,0.3080,0.3578,sad,normal,22,01,01
525,03-01-04-01-01-02-22.wav,0.2894,0.3450,0.3721,sad,normal,22,02,01
597,03-01-04-02-01-01-22.wav,0.3407,0.3082,0.4084,sad,strong,22,01,01
621,03-01-04-02-01-02-22.wav,0.3264,0.3057,0.3822,sad,strong,22,02,01
549,03-01-04-01-02-01-22.wav,0.2690,0.3411,0.3698,sad,normal,22,01,02
573,03-01-04-01-02-02-22.wav,0.2592,0.3202,0.3521,sad,normal,22,02,02
645,03-01-04-02-02-01-22.wav,0.2712,0.2524,0.3469,sad,strong,22,01,02
669,03-01-04-02-02-02-22.wav,0.3520,0.3077,0.4221,sad,strong,22,02,02
1269,03-01-08-01-01-01-22.wav,0.6203,0.4428,0.6476,surprised,normal,22,01,01
1293,03-01-08-01-01-02-22.wav,0.6297,0.3980,0.6579,surprised,normal,22,02,01
1365,03-01-08-02-01-01-22.wav,0.6378,0.4340,0.6693,surprised,strong,22,01,01
1389,03-01-08-02-01-02-22.wav,0.6751,0.4093,0.7079,surprised,strong,22,02,01
1317,03-01-08-01-02-01-22.wav,0.6048,0.4922,0.6338,surprised,normal,22,01,02
1341,03-01-08-01-02-02-22.wav,0.6575,0.4988,0.6776,surprised,normal,22,02,02
1413,03-01-08-02-02-01-22.wav,0.7504,0.4395,0.7664,surprised,strong,22,01,02
1437,03-01-08-02-02-02-22.wav,0.6991,0.4214,0.7249,surprised,strong,22,02,02
694,03-01-05-01-01-01-23.wav,0.6171,0.4441,0.6179,angry,normal,23,01,01
718,03-01-05-01-01-02-23.wav,0.5863,0.4443,0.5937,angry,normal,23,02,01
790,03-01-05-02-01-01-23.wav,0.7938,0.3480,0.7840,angry,strong,23,01,01
814,03-01-05-02-01-02-23.wav,0.7854,0.3958,0.7551,angry,strong,23,02,01
742,03-01-05-01-02-01-23.wav,0.6175,0.4437,0.6299,angry,normal,23,01,02
766,03-01-05-01-02-02-23.wav,0.6297,0.4601,0.6364,angry,normal,23,02,02
838,03-01-05-02-02-01-23.wav,0.8094,0.4089,0.7858,angry,strong,23,01,02
862,03-01-05-02-02-02-23.wav,0.7960,0.3903,0.7743,angry,strong,23,02,02
118,03-01-02-01-01-01-23.wav,0.2885,0.4651,0.4039,calm,normal,23,01,01
142,03-01-02-01-01-02-23.wav,0.2715,0.4590,0.3896,calm,normal,23,02,01
214,03-01-02-02-01-01-23.wav,0.2270,0.3697,0.3654,calm,strong,23,01,01
238,03-01-02-02-01-02-23.wav,0.2064,0.3646,0.3374,calm,strong,23,02,01
166,03-01-02-01-02-01-23.wav,0.3192,0.4863,0.4097,calm,normal,23,01,02
190,03-01-02-01-02-02-23.wav,0.3064,0.4867,0.4074,calm,normal,23,02,02
262,03-01-02-02-02-01-23.wav,0.2462,0.4222,0.3562,calm,strong,23,01,02
286,03-01-02-02-02-02-23.wav,0.2195,0.3931,0.3504,calm,strong,23,02,02
1078,03-01-07-01-01-01-23.wav,0.3376,0.2754,0.4205,disgust,normal,23,01,01
1102,03-01-07-01-01-02-23.wav,0.3241,0.3023,0.3743,disgust,normal,23,02,01
1174,03-01-07-02-01-01-23.wav,0.4243,0.2711,0.5071,disgust,strong,23,01,01
1198,03-01-07-02-01-02-23.wav,0.4451,0.2779,0.5290,disgust,strong,23,02,01
1126,03-01-07-01-02-01-23.wav,0.3323,0.2998,0.3873,disgust,normal,23,01,02
1150,03-01-07-01-02-02-23.wav,0.3343,0.3027,0.3932,disgust,normal,23,02,02
1222,03-01-07-02-02-01-23.wav,0.5166,0.2813,0.5578,disgust,strong,23,01,02
1246,03-01-07-02-02-02-23.wav,0.4263,0.3446,0.4925,disgust,strong,23,02,02
886,03-01-06-01-01-01-23.wav,0.3659,0.3382,0.4169,fearful,normal,23,01,01
910,03-01-06-01-01-02-23.wav,0.3262,0.3959,0.3765,fearful,normal,23,02,01
982,03-01-06-02-01-01-23.wav,0.4465,0.3687,0.4605,fearful,strong,23,01,01
1006,03-01-06-02-01-02-23.wav,0.4757,0.3942,0.4920,fearful,strong,23,02,01
934,03-01-06-01-02-01-23.wav,0.3364,0.4240,0.3795,fearful,normal,23,01,02
958,03-01-06-01-02-02-23.wav,0.3966,0.4473,0.4357,fearful,normal,23,02,02
1030,03-01-06-02-02-01-23.wav,0.5311,0.3913,0.5420,fearful,strong,23,01,02
1054,03-01-06-02-02-02-23.wav,0.4501,0.3718,0.4525,fearful,strong,23,02,02
310,03-01-03-01-01-01-23.wav,0.5055,0.4408,0.5285,happy,normal,23,01,01
334,03-01-03-01-01-02-23.wav,0.5768,0.5406,0.5922,happy,normal,23,02,01
406,03-01-03-02-01-01-23.wav,0.7012,0.5120,0.6814,happy,strong,23,01,01
430,03-01-03-02-01-02-23.wav,0.6916,0.4939,0.6827,happy,strong,23,02,01
358,03-01-03-01-02-01-23.wav,0.5288,0.4025,0.5473,happy,normal,23,01,02
382,03-01-03-01-02-02-23.wav,0.5133,0.4291,0.5533,happy,normal,23,02,02
454,03-01-03-02-02-01-23.wav,0.6529,0.5292,0.6531,happy,strong,23,01,02
478,03-01-03-02-02-02-23.wav,0.6416,0.4956,0.6498,happy,strong,23,02,02
502,03-01-04-01-01-01-23.wav,0.2595,0.3900,0.3483,sad,normal,23,01,01
526,03-01-04-01-01-02-23.wav,0.2284,0.3569,0.3132,sad,normal,23,02,01
598,03-01-04-02-01-01-23.wav,0.2885,0.3388,0.3009,sad,strong,23,01,01
622,03-01-04-02-01-02-23.wav,0.2520,0.2758,0.2653,sad,strong,23,02,01
550,03-01-04-01-02-01-23.wav,0.2627,0.3742,0.3403,sad,normal,23,01,02
574,03-01-04-01-02-02-23.wav,0.3063,0.3868,0.3628,sad,normal,23,02,02
646,03-01-04-02-02-01-23.wav,0.2975,0.3449,0.3122,sad,strong,23,01,02
670,03-01-04-02-02-02-23.wav,0.2324,0.2655,0.2766,sad,strong,23,02,02
1270,03-01-08-01-01-01-23.wav,0.6713,0.5091,0.6728,surprised,normal,23,01,01
1294,03-01-08-01-01-02-23.wav,0.6153,0.5431,0.6261,surprised,normal,23,02,01
1366,03-01-08-02-01-01-23.wav,0.6743,0.5146,0.6562,surprised,strong,23,01,01
1390,03-01-08-02-01-02-23.wav,0.7067,0.4615,0.6909,surprised,strong,23,02,01
1318,03-01-08-01-02-01-23.wav,0.6339,0.5286,0.6314,surprised,normal,23,01,02
1342,03-01-08-01-02-02-23.wav,0.6634,0.5278,0.6578,surprised,normal,23,02,02
1414,03-01-08-02-02-01-23.wav,0.7260,0.5136,0.7056,surprised,strong,23,01,02
1438,03-01-08-02-02-02-23.wav,0.6913,0.5261,0.6682,surprised,strong,23,02,02
695,03-01-05-01-01-01-24.wav,0.5740,0.2987,0.6562,angry,normal,24,01,01
719,03-01-05-01-01-02-24.wav,0.5322,0.3081,0.6041,angry,normal,24,02,01
791,03-01-05-02-01-01-24.wav,0.6656,0.2577,0.7356,angry,strong,24,01,01
815,03-01-05-02-01-02-24.wav,0.7202,0.2756,0.7777,angry,strong,24,02,01
743,03-01-05-01-02-01-24.wav,0.4459,0.3305,0.5289,angry,normal,24,01,02
767,03-01-05-01-02-02-24.wav,0.4134,0.2993,0.4917,angry,normal,24,02,02
839,03-01-05-02-02-01-24.wav,0.6056,0.2803,0.6815,angry,strong,24,01,02
863,03-01-05-02-02-02-24.wav,0.5562,0.2738,0.6529,angry,strong,24,02,02
119,03-01-02-01-01-01-24.wav,0.2543,0.3740,0.3290,calm,normal,24,01,01
143,03-01-02-01-01-02-24.wav,0.2844,0.3823,0.3526,calm,normal,24,02,01
215,03-01-02-02-01-01-24.wav,0.2787,0.3047,0.3792,calm,strong,24,01,01
239,03-01-02-02-01-02-24.wav,0.2696,0.3729,0.3514,calm,strong,24,02,01
167,03-01-02-01-02-01-24.wav,0.1800,0.2703,0.2689,calm,normal,24,01,02
191,03-01-02-01-02-02-24.wav,0.2308,0.3043,0.3090,calm,normal,24,02,02
263,03-01-02-02-02-01-24.wav,0.2257,0.3392,0.3212,calm,strong,24,01,02
287,03-01-02-02-02-02-24.wav,0.2170,0.3285,0.3079,calm,strong,24,02,02
1079,03-01-07-01-01-01-24.wav,0.3491,0.2909,0.4546,disgust,normal,24,01,01
1103,03-01-07-01-01-02-24.wav,0.3821,0.2662,0.4713,disgust,normal,24,02,01
1175,03-01-07-02-01-01-24.wav,0.2866,0.2212,0.3955,disgust,strong,24,01,01
1199,03-01-07-02-01-02-24.wav,0.4860,0.2675,0.4963,disgust,strong,24,02,01
1127,03-01-07-01-02-01-24.wav,0.3471,0.2674,0.4105,disgust,normal,24,01,02
1151,03-01-07-01-02-02-24.wav,0.3245,0.2489,0.3888,disgust,normal,24,02,02
1223,03-01-07-02-02-01-24.wav,0.4863,0.3108,0.5182,disgust,strong,24,01,02
1247,03-01-07-02-02-02-24.wav,0.4089,0.2746,0.4092,disgust,strong,24,02,02
887,03-01-06-01-01-01-24.wav,0.4740,0.2860,0.4801,fearful,normal,24,01,01
911,03-01-06-01-01-02-24.wav,0.5875,0.2631,0.5323,fearful,normal,24,02,01
983,03-01-06-02-01-01-24.wav,0.8049,0.4005,0.7747,fearful,strong,24,01,01
1007,03-01-06-02-01-02-24.wav,0.7019,0.2773,0.6481,fearful,strong,24,02,01
935,03-01-06-01-02-01-24.wav,0.4639,0.3144,0.4594,fearful,normal,24,01,02
959,03-01-06-01-02-02-24.wav,0.5722,0.2755,0.5826,fearful,normal,24,02,02
1031,03-01-06-02-02-01-24.wav,0.7343,0.3377,0.6668,fearful,strong,24,01,02
1055,03-01-06-02-02-02-24.wav,0.8028,0.3295,0.7856,fearful,strong,24,02,02
311,03-01-03-01-01-01-24.wav,0.3537,0.3628,0.4330,happy,normal,24,01,01
335,03-01-03-01-01-02-24.wav,0.3330,0.3319,0.4088,happy,normal,24,02,01
407,03-01-03-02-01-01-24.wav,0.5334,0.4437,0.5585,happy,strong,24,01,01
431,03-01-03-02-01-02-24.wav,0.5181,0.4225,0.5540,happy,strong,24,02,01
359,03-01-03-01-02-01-24.wav,0.3796,0.3772,0.4253,happy,normal,24,01,02
383,03-01-03-01-02-02-24.wav,0.3485,0.3779,0.4176,happy,normal,24,02,02
455,03-01-03-02-02-01-24.wav,0.4964,0.3587,0.5225,happy,strong,24,01,02
479,03-01-03-02-02-02-24.wav,0.6507,0.3950,0.6561,happy,strong,24,02,02
503,03-01-04-01-01-01-24.wav,0.2046,0.2946,0.3025,sad,normal,24,01,01
527,03-01-04-01-01-02-24.wav,0.1985,0.2416,0.2901,sad,normal,24,02,01
599,03-01-04-02-01-01-24.wav,0.4514,0.2893,0.4677,sad,strong,24,01,01
623,03-01-04-02-01-02-24.wav,0.4097,0.2841,0.4779,sad,strong,24,02,01
551,03-01-04-01-02-01-24.wav,0.2461,0.3227,0.3255,sad,normal,24,01,02
575,03-01-04-01-02-02-24.wav,0.2045,0.2423,0.2956,sad,normal,24,02,02
647,03-01-04-02-02-01-24.wav,0.3616,0.2441,0.3657,sad,strong,24,01,02
671,03-01-04-02-02-02-24.wav,0.2573,0.2761,0.3242,sad,strong,24,02,02
1271,03-01-08-01-01-01-24.wav,0.4849,0.3999,0.4902,surprised,normal,24,01,01
1295,03-01-08-01-01-02-24.wav,0.6657,0.4351,0.6438,surprised,normal,24,02,01
1367,03-01-08-02-01-01-24.wav,0.6034,0.4025,0.6131,surprised,strong,24,01,01
1391,03-01-08-02-01-02-24.wav,0.6372,0.4459,0.6446,surprised,strong,24,02,01
1319,03-01-08-01-02-01-24.wav,0.4970,0.3970,0.5288,surprised,normal,24,01,02
1343,03-01-08-01-02-02-24.wav,0.5634,0.4892,0.5741,surprised,normal,24,02,02
1415,03-01-08-02-02-01-24.wav,0.6390,0.2851,0.6179,surprised,strong,24,01,02
1439,03-01-08-02-02-02-24.wav,0.6879,0.3601,0.6907,surprised,strong,24,02,02
