SpkrID,EmoClass,Sentence,Take_strong,Act_diff,Val_diff,Dom_diff
1,angry,1,1,0.2207,-0.0872,0.13840000000000008
1,angry,1,1,0.2538,-0.0751,0.1703
1,angry,1,2,0.15259999999999996,-0.07750000000000001,0.08890000000000009
1,angry,1,2,0.18569999999999998,-0.06540000000000001,0.12080000000000002
1,angry,2,1,0.35529999999999995,-0.11959999999999998,0.2951999999999999
1,angry,2,1,0.34609999999999996,-0.09029999999999999,0.25239999999999996
1,angry,2,2,0.4031,-0.14339999999999997,0.3333999999999999
1,angry,2,2,0.39390000000000003,-0.11409999999999998,0.29059999999999997
1,calm,1,1,-0.0821,-0.0232,-0.07050000000000001
1,calm,1,1,-0.0658,-0.04519999999999996,-0.04860000000000003
1,calm,1,2,-0.06720000000000001,-0.0049000000000000155,-0.06929999999999997
1,calm,1,2,-0.0509,-0.02689999999999998,-0.0474
1,calm,2,1,-0.026300000000000018,-0.049699999999999966,-0.04049999999999998
1,calm,2,1,-0.0348,-0.043800000000000006,-0.044899999999999995
1,calm,2,2,-0.0499,-0.04479999999999995,-0.05790000000000001
1,calm,2,2,-0.05839999999999998,-0.03889999999999999,-0.06230000000000002
1,disgust,1,1,0.31729999999999997,0.04830000000000001,0.2697
1,disgust,1,1,0.25229999999999997,0.027000000000000024,0.2101
1,disgust,1,2,0.25410000000000005,0.09310000000000002,0.181
1,disgust,1,2,0.18910000000000005,0.07180000000000003,0.12140000000000001
1,disgust,2,1,0.1498,-0.005900000000000016,0.1235
1,disgust,2,1,0.14849999999999997,-0.04370000000000002,0.10459999999999997
1,disgust,2,2,0.28709999999999997,0.05940000000000001,0.23330000000000006
1,disgust,2,2,0.28579999999999994,0.021600000000000008,0.21440000000000003
1,fearful,1,1,0.18839999999999996,-0.11349999999999999,0.04930000000000001
1,fearful,1,1,0.19079999999999997,-0.13039999999999996,0.02460000000000001
1,fearful,1,2,0.22089999999999993,-0.020600000000000007,0.1094
1,fearful,1,2,0.22329999999999994,-0.03749999999999998,0.0847
1,fearful,2,1,0.35710000000000003,0.0,0.23310000000000003
1,fearful,2,1,0.4444,0.06090000000000001,0.32
1,fearful,2,2,0.36699999999999994,-0.010599999999999998,0.1758
1,fearful,2,2,0.4542999999999999,0.05030000000000001,0.2627
1,happy,1,1,0.047099999999999975,-0.01649999999999996,0.041100000000000025
1,happy,1,1,0.03710000000000002,-0.0262,0.040500000000000036
1,happy,1,2,0.034099999999999964,0.012699999999999989,-0.00019999999999997797
1,happy,1,2,0.02410000000000001,0.002999999999999947,-0.0007999999999999674
1,happy,2,1,0.08789999999999998,-0.05600000000000005,0.0796
1,happy,2,1,0.12630000000000002,0.002899999999999958,0.09390000000000004
1,happy,2,2,0.1473,-0.0267,0.12090000000000001
1,happy,2,2,0.18570000000000003,0.032200000000000006,0.13520000000000004
1,sad,1,1,-0.0016999999999999793,-0.00489999999999996,-0.009199999999999986
1,sad,1,1,0.03109999999999999,0.07070000000000004,-0.01090000000000002
1,sad,1,2,0.07080000000000003,-0.004400000000000015,0.038000000000000034
1,sad,1,2,0.1036,0.07119999999999999,0.0363
1,sad,2,1,0.07950000000000002,0.04370000000000002,0.045399999999999996
1,sad,2,1,0.08879999999999999,0.028000000000000025,0.04630000000000001
1,sad,2,2,0.10370000000000001,0.045899999999999996,0.06
1,sad,2,2,0.11299999999999999,0.030200000000000005,0.06090000000000001
1,surprised,1,1,0.14190000000000003,0.012500000000000011,0.11099999999999999
1,surprised,1,1,0.202,0.02510000000000001,0.1754
1,surprised,1,2,0.15559999999999996,0.004500000000000004,0.13249999999999995
1,surprised,1,2,0.21569999999999995,0.017100000000000004,0.19689999999999996
1,surprised,2,1,0.1679,0.03859999999999997,0.11910000000000004
1,surprised,2,1,0.0040999999999999925,-0.005300000000000027,-0.019799999999999984
1,surprised,2,2,0.33190000000000003,0.11519999999999997,0.25839999999999996
1,surprised,2,2,0.16810000000000003,0.07129999999999997,0.11949999999999994
10,angry,1,1,0.36439999999999995,-0.028000000000000025,0.28450000000000003
10,angry,1,1,0.22169999999999995,-0.0681,0.18120000000000003
10,angry,1,2,0.47450000000000003,-0.03460000000000002,0.36610000000000004
10,angry,1,2,0.33180000000000004,-0.07469999999999999,0.26280000000000003
10,angry,2,1,0.40290000000000004,-0.06640000000000001,0.34370000000000006
10,angry,2,1,0.41680000000000006,-0.04949999999999999,0.33210000000000006
10,angry,2,2,0.3338,-0.09440000000000004,0.2918
10,angry,2,2,0.3477,-0.07750000000000001,0.2802
10,calm,1,1,-0.025000000000000022,-0.019199999999999995,-0.03970000000000001
10,calm,1,1,-0.050000000000000044,-0.05169999999999997,-0.07430000000000003
10,calm,1,2,-0.0592,-0.01479999999999998,-0.07840000000000003
10,calm,1,2,-0.08420000000000002,-0.04729999999999995,-0.11300000000000004
10,calm,2,1,-0.019100000000000006,0.005299999999999971,-0.005699999999999983
10,calm,2,1,-0.03609999999999999,-0.0014000000000000123,-0.009699999999999986
10,calm,2,2,-0.010000000000000009,0.027600000000000013,-0.0050000000000000044
10,calm,2,2,-0.026999999999999996,0.02090000000000003,-0.009000000000000008
10,disgust,1,1,0.2943,0.02479999999999999,0.24260000000000004
10,disgust,1,1,0.2529,-0.010199999999999987,0.19620000000000004
10,disgust,1,2,0.28659999999999997,0.021699999999999997,0.24729999999999996
10,disgust,1,2,0.24519999999999997,-0.013299999999999979,0.20089999999999997
10,disgust,2,1,0.09989999999999999,0.0363,0.016199999999999992
10,disgust,2,1,0.05269999999999997,0.026400000000000007,0.005299999999999971
10,disgust,2,2,0.2328,0.0393,0.1382
10,disgust,2,2,0.1856,0.02940000000000001,0.12729999999999997
10,fearful,1,1,0.23740000000000006,0.06269999999999998,0.16909999999999997
10,fearful,1,1,0.36110000000000003,0.08960000000000001,0.2389
10,fearful,1,2,0.21610000000000007,0.03689999999999999,0.18029999999999996
10,fearful,1,2,0.33980000000000005,0.06380000000000002,0.2501
10,fearful,2,1,0.2863,0.02360000000000001,0.19610000000000005
10,fearful,2,1,0.3267,0.04980000000000001,0.21570000000000006
10,fearful,2,2,0.08029999999999998,0.025900000000000034,0.040600000000000025
10,fearful,2,2,0.12069999999999997,0.052100000000000035,0.06020000000000003
10,happy,1,1,0.1272000000000001,-0.038400000000000045,0.07709999999999995
10,happy,1,1,0.20220000000000005,0.06290000000000001,0.12969999999999998
10,happy,1,2,0.13790000000000002,-0.09840000000000004,0.05559999999999998
10,happy,1,2,0.21289999999999998,0.0029000000000000137,0.10820000000000002
10,happy,2,1,0.32499999999999996,0.02779999999999999,0.27340000000000003
10,happy,2,1,0.26389999999999997,0.015900000000000025,0.1886
10,happy,2,2,0.3006,0.09489999999999998,0.2244
10,happy,2,2,0.2395,0.08300000000000002,0.13959999999999995
10,sad,1,1,0.13390000000000002,0.09689999999999999,0.1038
10,sad,1,1,0.17880000000000001,0.1621,0.13279999999999997
10,sad,1,2,0.04370000000000002,0.0030999999999999917,0.008500000000000008
10,sad,1,2,0.08860000000000001,0.0683,0.03749999999999998
10,sad,2,1,0.013500000000000012,-0.015300000000000036,0.008699999999999986
10,sad,2,1,0.015399999999999997,0.021799999999999986,0.008400000000000019
10,sad,2,2,0.058500000000000024,0.042300000000000004,0.03749999999999998
10,sad,2,2,0.06040000000000001,0.07940000000000003,0.03720000000000001
10,surprised,1,1,0.0746,-0.11650000000000005,0.0887
10,surprised,1,1,0.18580000000000002,0.02839999999999998,0.1345
10,surprised,1,2,0.1483,-0.05030000000000001,0.13759999999999994
10,surprised,1,2,0.2595,0.09460000000000002,0.18339999999999995
10,surprised,2,1,0.1805,-0.017699999999999994,0.14769999999999994
10,surprised,2,1,0.32889999999999997,-0.01369999999999999,0.2714
10,surprised,2,2,0.10440000000000005,-0.05499999999999999,0.0827
10,surprised,2,2,0.2528,-0.05099999999999999,0.20640000000000003
11,angry,1,1,0.16760000000000008,-0.02639999999999998,0.11409999999999998
11,angry,1,1,0.26270000000000004,-0.027700000000000002,0.20109999999999995
11,angry,1,2,0.2622000000000001,-0.08939999999999998,0.19679999999999997
11,angry,1,2,0.35730000000000006,-0.0907,0.28379999999999994
11,angry,2,1,0.2772,-0.11430000000000004,0.22040000000000004
11,angry,2,1,0.29400000000000004,-0.09090000000000001,0.20540000000000003
11,angry,2,2,0.26739999999999997,-0.05660000000000004,0.19620000000000004
11,angry,2,2,0.2842,-0.03320000000000001,0.18120000000000003
11,calm,1,1,-0.046500000000000014,-0.06060000000000004,-0.0534
11,calm,1,1,-0.0416,-0.06040000000000001,-0.06589999999999996
11,calm,1,2,-0.0504,-0.06460000000000005,-0.0615
11,calm,1,2,-0.045499999999999985,-0.06440000000000001,-0.07399999999999995
11,calm,2,1,-0.04419999999999999,-0.06730000000000003,-0.04420000000000002
11,calm,2,1,0.02360000000000001,0.011399999999999966,0.02200000000000002
11,calm,2,2,-0.07349999999999998,-0.09570000000000001,-0.0917
11,calm,2,2,-0.005699999999999983,-0.017000000000000015,-0.025499999999999967
11,disgust,1,1,0.0766,0.018699999999999994,0.05319999999999997
11,disgust,1,1,-0.0025000000000000022,0.005599999999999994,-0.01430000000000009
11,disgust,1,2,-0.06180000000000002,-0.01679999999999998,-0.08599999999999997
11,disgust,1,2,-0.14090000000000003,-0.029899999999999982,-0.15350000000000003
11,disgust,2,1,-9.999999999998899e-05,-0.059,0.007899999999999963
11,disgust,2,1,-0.023399999999999976,-0.03939999999999999,-0.06659999999999999
11,disgust,2,2,0.08839999999999998,0.011099999999999999,0.11159999999999998
11,disgust,2,2,0.06509999999999999,0.030700000000000005,0.03710000000000002
11,fearful,1,1,0.21509999999999996,-0.019600000000000006,0.10419999999999996
11,fearful,1,1,0.26289999999999997,-0.0009000000000000119,0.14089999999999997
11,fearful,1,2,0.1905,-0.003500000000000003,0.07150000000000001
11,fearful,1,2,0.2383,0.015199999999999991,0.10820000000000002
11,fearful,2,1,0.34680000000000005,-0.013900000000000023,0.21190000000000003
11,fearful,2,1,0.38920000000000005,0.03589999999999999,0.24770000000000003
11,fearful,2,2,0.28330000000000005,-0.03520000000000001,0.16609999999999997
11,fearful,2,2,0.32570000000000005,0.014600000000000002,0.20189999999999997
11,happy,1,1,0.14939999999999998,-0.11319999999999997,0.13790000000000002
11,happy,1,1,0.21189999999999998,-0.10449999999999998,0.17049999999999998
11,happy,1,2,0.1744,-0.013499999999999956,0.15400000000000003
11,happy,1,2,0.2369,-0.004799999999999971,0.1866
11,happy,2,1,0.13029999999999997,-0.10549999999999998,0.129
11,happy,2,1,0.0821,-0.13789999999999997,0.09670000000000001
11,happy,2,2,0.11580000000000001,-0.04920000000000002,0.10020000000000007
11,happy,2,2,0.06760000000000005,-0.0816,0.06790000000000007
11,sad,1,1,0.12880000000000003,0.008899999999999963,0.04849999999999999
11,sad,1,1,0.15300000000000002,-0.00990000000000002,0.07269999999999999
11,sad,1,2,0.23510000000000003,-0.0007000000000000339,0.12940000000000002
11,sad,1,2,0.25930000000000003,-0.019500000000000017,0.15360000000000001
11,sad,2,1,0.1944,0.0343,0.08050000000000002
11,sad,2,1,0.20389999999999997,-0.0131,0.0938
11,sad,2,2,0.2386,0.0736,0.1251
11,sad,2,2,0.2481,0.0262,0.13839999999999997
11,surprised,1,1,0.11030000000000006,-0.018400000000000027,0.10940000000000005
11,surprised,1,1,0.042300000000000004,-0.01930000000000004,0.049800000000000066
11,surprised,1,2,0.19540000000000002,-0.03820000000000001,0.17830000000000001
11,surprised,1,2,0.12739999999999996,-0.039100000000000024,0.11870000000000003
11,surprised,2,1,0.12019999999999997,0.07689999999999997,0.07280000000000009
11,surprised,2,1,0.13979999999999992,0.0267,0.1422
11,surprised,2,2,0.11940000000000006,0.06879999999999997,0.05570000000000008
11,surprised,2,2,0.139,0.018600000000000005,0.1251
12,angry,1,1,0.33470000000000005,-0.028500000000000025,0.22339999999999993
12,angry,1,1,0.3936,-0.05080000000000001,0.28469999999999995
12,angry,1,2,0.38910000000000006,0.008099999999999996,0.2602
12,angry,1,2,0.448,-0.01419999999999999,0.3215
12,angry,2,1,0.3249,-0.07930000000000004,0.2897
12,angry,2,1,0.2853,-0.041000000000000036,0.24470000000000003
12,angry,2,2,0.43339999999999995,-0.1275,0.3765
12,angry,2,2,0.39379999999999993,-0.0892,0.3315
12,calm,1,1,-0.00940000000000002,-0.021600000000000008,-0.007599999999999996
12,calm,1,1,0.05309999999999998,-0.010899999999999965,0.03889999999999999
12,calm,1,2,-0.051100000000000007,-0.01100000000000001,-0.03309999999999996
12,calm,1,2,0.011399999999999993,-0.00029999999999996696,0.013400000000000023
12,calm,2,1,-0.015000000000000013,-0.011900000000000022,-0.03190000000000004
12,calm,2,1,0.0029000000000000137,-0.007099999999999995,-0.005200000000000038
12,calm,2,2,-0.007000000000000006,-0.019500000000000017,-0.02510000000000001
12,calm,2,2,0.01090000000000002,-0.01469999999999999,0.0015999999999999903
12,disgust,1,1,0.19620000000000004,0.012799999999999978,0.16610000000000003
12,disgust,1,1,0.17930000000000007,-0.05560000000000004,0.14310000000000006
12,disgust,1,2,0.22119999999999995,0.043200000000000016,0.17959999999999998
12,disgust,1,2,0.20429999999999998,-0.0252,0.15660000000000002
12,disgust,2,1,0.2947,-0.03870000000000001,0.2697
12,disgust,2,1,0.21930000000000005,-0.068,0.2153
12,disgust,2,2,0.14359999999999995,-0.0751,0.10869999999999996
12,disgust,2,2,0.06819999999999998,-0.10439999999999999,0.05429999999999996
12,fearful,1,1,0.11140000000000005,-0.0817,0.058499999999999996
12,fearful,1,1,0.22240000000000004,-0.04260000000000003,0.1573
12,fearful,1,2,0.18100000000000005,-0.09570000000000001,0.12019999999999997
12,fearful,1,2,0.29200000000000004,-0.05660000000000004,0.21899999999999997
12,fearful,2,1,0.354,-0.060299999999999965,0.2896
12,fearful,2,1,0.17290000000000005,-0.07719999999999999,0.1199
12,fearful,2,2,0.3050999999999999,-0.05989999999999995,0.24190000000000006
12,fearful,2,2,0.124,-0.07679999999999998,0.07220000000000004
12,happy,1,1,0.31499999999999995,0.04859999999999998,0.2576
12,happy,1,1,0.284,0.07090000000000002,0.22449999999999992
12,happy,1,2,0.3114,-0.03700000000000003,0.25590000000000007
12,happy,1,2,0.28040000000000004,-0.01469999999999999,0.2228
12,happy,2,1,0.16489999999999994,0.0413,0.12309999999999999
12,happy,2,1,0.15189999999999992,0.06540000000000001,0.11309999999999998
12,happy,2,2,0.3319,0.10099999999999998,0.25270000000000004
12,happy,2,2,0.31889999999999996,0.1251,0.24270000000000003
12,sad,1,1,0.24040000000000006,0.10420000000000001,0.17170000000000007
12,sad,1,1,0.24450000000000005,0.06709999999999999,0.17570000000000008
12,sad,1,2,0.31379999999999997,0.04949999999999999,0.2047
12,sad,1,2,0.31789999999999996,0.012399999999999967,0.2087
12,sad,2,1,0.18880000000000002,0.09499999999999997,0.1269
12,sad,2,1,0.2121,0.1251,0.14340000000000003
12,sad,2,2,0.39370000000000005,0.057999999999999996,0.3226
12,sad,2,2,0.41700000000000004,0.08810000000000001,0.3391
12,surprised,1,1,0.14189999999999997,0.02080000000000004,0.11980000000000002
12,surprised,1,1,0.11819999999999997,0.0037000000000000366,0.10210000000000008
12,surprised,1,2,0.1527,0.004200000000000037,0.12109999999999999
12,surprised,1,2,0.129,-0.012899999999999967,0.10340000000000005
12,surprised,2,1,0.12219999999999998,0.0020000000000000018,0.11780000000000002
12,surprised,2,1,0.11299999999999999,0.05840000000000001,0.09399999999999997
12,surprised,2,2,0.11150000000000004,-0.020899999999999974,0.0978
12,surprised,2,2,0.10230000000000006,0.03550000000000003,0.07399999999999995
13,angry,1,1,0.2839999999999999,-0.09840000000000002,0.20599999999999996
13,angry,1,1,0.26069999999999993,-0.09690000000000001,0.1987
13,angry,1,2,0.25459999999999994,-0.1109,0.19389999999999996
13,angry,1,2,0.23129999999999995,-0.1094,0.1866
13,angry,2,1,0.29489999999999994,-0.1266,0.21960000000000002
13,angry,2,1,0.1986,-0.11869999999999997,0.14580000000000004
13,angry,2,2,0.34829999999999994,-0.14049999999999999,0.2792
13,angry,2,2,0.252,-0.13259999999999997,0.20540000000000003
13,calm,1,1,0.005300000000000027,0.024899999999999978,0.002799999999999969
13,calm,1,1,-0.03570000000000001,-0.005700000000000038,-0.025400000000000034
13,calm,1,2,0.06180000000000002,0.07240000000000002,0.045399999999999996
13,calm,1,2,0.020799999999999985,0.041800000000000004,0.017199999999999993
13,calm,2,1,0.02799999999999997,0.026400000000000035,0.02200000000000002
13,calm,2,1,0.023599999999999954,0.012700000000000045,0.018799999999999983
13,calm,2,2,0.04730000000000001,0.015300000000000036,0.0464
13,calm,2,2,0.042899999999999994,0.0016000000000000458,0.04319999999999996
13,disgust,1,1,0.14930000000000004,-0.09839999999999999,0.14950000000000002
13,disgust,1,1,0.08980000000000005,-0.11659999999999998,0.10510000000000003
13,disgust,1,2,0.1698,-0.09110000000000001,0.1548
13,disgust,1,2,0.11030000000000001,-0.10930000000000001,0.1104
13,disgust,2,1,0.04029999999999995,-0.005599999999999994,0.03510000000000002
13,disgust,2,1,-0.06590000000000001,0.012800000000000034,-0.06320000000000003
13,disgust,2,2,0.07479999999999998,-0.04930000000000001,0.08120000000000005
13,disgust,2,2,-0.031399999999999983,-0.030899999999999983,-0.017100000000000004
13,fearful,1,1,0.10350000000000004,-0.04930000000000001,0.08700000000000008
13,fearful,1,1,0.037800000000000056,-0.012300000000000033,0.01750000000000007
13,fearful,1,2,0.3275,-0.06769999999999998,0.23640000000000005
13,fearful,1,2,0.26180000000000003,-0.030700000000000005,0.16690000000000005
13,fearful,2,1,0.19479999999999997,-0.10100000000000003,0.1511
13,fearful,2,1,0.1673,-0.1078,0.12570000000000003
13,fearful,2,2,-0.052200000000000024,0.0494,-0.032200000000000006
13,fearful,2,2,-0.0797,0.04260000000000003,-0.057599999999999985
13,happy,1,1,0.12659999999999993,0.10790000000000005,0.08489999999999998
13,happy,1,1,0.058499999999999996,0.1008,0.024399999999999977
13,happy,1,2,0.22409999999999997,0.13810000000000006,0.16510000000000002
13,happy,1,2,0.15600000000000003,0.131,0.10460000000000003
13,happy,2,1,0.21839999999999993,-0.08700000000000002,0.1643
13,happy,2,1,0.19079999999999997,-0.03489999999999999,0.15349999999999997
13,happy,2,2,0.18159999999999998,-0.09600000000000003,0.14440000000000008
13,happy,2,2,0.15400000000000003,-0.043899999999999995,0.13360000000000005
13,sad,1,1,0.09710000000000002,0.0247,0.05459999999999998
13,sad,1,1,0.12270000000000003,0.030000000000000027,0.07069999999999999
13,sad,1,2,0.0393,0.02889999999999998,0.02779999999999999
13,sad,1,2,0.06490000000000001,0.03420000000000001,0.043899999999999995
13,sad,2,1,0.08940000000000003,0.05109999999999998,0.06390000000000001
13,sad,2,1,0.09640000000000004,0.027500000000000024,0.07240000000000002
13,sad,2,2,-0.020199999999999996,-0.02100000000000002,-0.0050000000000000044
13,sad,2,2,-0.01319999999999999,-0.04459999999999997,0.003500000000000003
13,surprised,1,1,-0.029299999999999993,-0.004200000000000037,-0.030999999999999917
13,surprised,1,1,0.04859999999999998,-0.11210000000000003,0.05559999999999998
13,surprised,1,2,-0.05610000000000004,0.0006999999999999784,-0.033399999999999985
13,surprised,1,2,0.02179999999999993,-0.10720000000000002,0.053199999999999914
13,surprised,2,1,0.09499999999999997,-0.047199999999999964,0.10309999999999997
13,surprised,2,1,0.1056999999999999,-0.04909999999999998,0.13280000000000003
13,surprised,2,2,0.13460000000000005,-0.06589999999999996,0.1279
13,surprised,2,2,0.14529999999999998,-0.06779999999999997,0.15760000000000007
14,angry,1,1,0.1765,-0.15100000000000002,0.12149999999999994
14,angry,1,1,0.1644,-0.13640000000000002,0.119
14,angry,1,2,0.1986,-0.10980000000000001,0.14489999999999992
14,angry,1,2,0.1865,-0.0952,0.14239999999999997
14,angry,2,1,0.22060000000000002,-0.12180000000000002,0.16849999999999998
14,angry,2,1,0.12859999999999994,-0.10749999999999998,0.09220000000000006
14,angry,2,2,0.22560000000000002,-0.10150000000000003,0.17789999999999995
14,angry,2,2,0.13359999999999994,-0.0872,0.10160000000000002
14,calm,1,1,-0.08000000000000002,-0.12109999999999999,-0.05070000000000002
14,calm,1,1,-0.049500000000000044,-0.050299999999999956,-0.021100000000000008
14,calm,1,2,-0.09010000000000001,-0.11759999999999998,-0.08979999999999999
14,calm,1,2,-0.05960000000000004,-0.04679999999999995,-0.060199999999999976
14,calm,2,1,-0.034599999999999964,-0.0024000000000000132,-0.0116
14,calm,2,1,-0.031799999999999995,0.01369999999999999,-0.009099999999999997
14,calm,2,2,-0.019399999999999973,-0.04870000000000002,-0.0030000000000000027
14,calm,2,2,-0.016600000000000004,-0.03260000000000002,-0.0005000000000000004
14,disgust,1,1,-0.05820000000000003,0.008100000000000052,-0.03670000000000001
14,disgust,1,1,0.023999999999999966,0.056400000000000006,0.004500000000000004
14,disgust,1,2,-0.09710000000000002,0.004500000000000004,-0.09500000000000003
14,disgust,1,2,-0.014900000000000024,0.05279999999999996,-0.053800000000000014
14,disgust,2,1,0.010999999999999954,0.07229999999999998,0.02739999999999998
14,disgust,2,1,-0.05720000000000003,0.055499999999999994,-0.022700000000000053
14,disgust,2,2,0.06219999999999998,0.06419999999999998,0.018399999999999972
14,disgust,2,2,-0.006000000000000005,0.0474,-0.03170000000000006
14,fearful,1,1,0.2991,0.10060000000000002,0.2495
14,fearful,1,1,0.35729999999999995,0.07419999999999999,0.2638
14,fearful,1,2,0.33880000000000005,0.08440000000000003,0.2859
14,fearful,1,2,0.397,0.057999999999999996,0.30019999999999997
14,fearful,2,1,0.34159999999999996,0.11829999999999996,0.259
14,fearful,2,1,0.3207,0.12579999999999997,0.2658
14,fearful,2,2,0.33169999999999994,0.05309999999999998,0.24780000000000002
14,fearful,2,2,0.31079999999999997,0.06059999999999999,0.2546
14,happy,1,1,0.06369999999999998,-0.07830000000000004,0.0524
14,happy,1,1,0.012800000000000034,0.04930000000000001,-0.007500000000000062
14,happy,1,2,0.056499999999999995,-0.054900000000000004,0.04520000000000002
14,happy,1,2,0.005600000000000049,0.07270000000000004,-0.014700000000000046
14,happy,2,1,0.17720000000000002,0.12769999999999998,0.16920000000000002
14,happy,2,1,0.10060000000000002,0.16249999999999998,0.08579999999999999
14,happy,2,2,0.1753,-0.03350000000000003,0.17110000000000003
14,happy,2,2,0.09870000000000001,0.0012999999999999678,0.0877
14,sad,1,1,0.10399999999999998,-0.007000000000000006,0.048099999999999976
14,sad,1,1,0.03789999999999999,-0.020600000000000007,-0.007099999999999995
14,sad,1,2,0.10369999999999996,0.0040000000000000036,0.0494
14,sad,1,2,0.03759999999999997,-0.009599999999999997,-0.005799999999999972
14,sad,2,1,0.1406,0.042300000000000004,0.09799999999999998
14,sad,2,1,0.0877,0.00040000000000001146,0.04859999999999998
14,sad,2,2,0.22200000000000003,0.06509999999999999,0.1532
14,sad,2,2,0.16910000000000003,0.0232,0.1038
14,surprised,1,1,0.10399999999999998,-0.05230000000000001,0.1107999999999999
14,surprised,1,1,0.07010000000000005,-0.0625,0.08239999999999992
14,surprised,1,2,0.17889999999999995,-0.01799999999999996,0.14269999999999994
14,surprised,1,2,0.14500000000000002,-0.028199999999999947,0.11429999999999996
14,surprised,2,1,0.11409999999999998,-0.0721,0.10699999999999998
14,surprised,2,1,0.07250000000000001,-0.014600000000000002,0.07450000000000001
14,surprised,2,2,0.07319999999999993,-0.05970000000000003,0.0786
14,surprised,2,2,0.03159999999999996,-0.0022000000000000353,0.04610000000000003
15,angry,1,1,0.26159999999999994,-0.02779999999999999,0.1956
15,angry,1,1,0.12449999999999994,-0.022899999999999976,0.08979999999999999
15,angry,1,2,0.2885,-0.09650000000000003,0.2003999999999999
15,angry,1,2,0.15139999999999998,-0.09160000000000001,0.0945999999999999
15,angry,2,1,0.07600000000000007,-0.053100000000000036,0.07740000000000002
15,angry,2,1,-0.03610000000000002,-0.015300000000000036,-0.015799999999999925
15,angry,2,2,0.2881,-0.1784,0.21419999999999995
15,angry,2,2,0.17599999999999993,-0.1406,0.121
15,calm,1,1,0.010599999999999998,-0.004599999999999993,0.004699999999999982
15,calm,1,1,0.001799999999999996,-0.015500000000000014,0.0040000000000000036
15,calm,1,2,0.01730000000000001,0.017799999999999983,0.02529999999999999
15,calm,1,2,0.008500000000000008,0.006899999999999962,0.02460000000000001
15,calm,2,1,0.038000000000000006,0.015400000000000025,0.024399999999999977
15,calm,2,1,-0.021299999999999986,-0.02689999999999998,-0.040100000000000025
15,calm,2,2,0.03670000000000001,-0.0032999999999999696,0.04099999999999998
15,calm,2,2,-0.02259999999999998,-0.045599999999999974,-0.02350000000000002
15,disgust,1,1,0.10239999999999999,0.066,0.13430000000000003
15,disgust,1,1,0.16560000000000002,0.06740000000000002,0.13640000000000002
15,disgust,1,2,-0.024700000000000055,-0.0050000000000000044,-0.006699999999999984
15,disgust,1,2,0.03849999999999998,-0.003599999999999992,-0.004599999999999993
15,disgust,2,1,0.02939999999999998,-0.0040999999999999925,-0.0030000000000000027
15,disgust,2,1,-0.0529,-0.0020999999999999908,-0.09660000000000002
15,disgust,2,2,0.17049999999999998,-0.02789999999999998,0.1633
15,disgust,2,2,0.0882,-0.02589999999999998,0.06969999999999998
15,fearful,1,1,0.27019999999999994,-0.015600000000000003,0.2015
15,fearful,1,1,0.15059999999999996,-0.00880000000000003,0.1643
15,fearful,1,2,0.29450000000000004,0.06120000000000003,0.20030000000000003
15,fearful,1,2,0.17490000000000006,0.068,0.16310000000000002
15,fearful,2,1,0.09940000000000004,0.07819999999999999,0.08310000000000001
15,fearful,2,1,0.0242,0.032200000000000006,0.024500000000000022
15,fearful,2,2,0.1799,0.10629999999999995,0.14519999999999994
15,fearful,2,2,0.10469999999999996,0.060299999999999965,0.08659999999999995
15,happy,1,1,0.1511,-0.0232,0.10359999999999997
15,happy,1,1,0.1417,-0.009599999999999997,0.09469999999999995
15,happy,1,2,0.11220000000000002,0.07150000000000001,0.07440000000000002
15,happy,1,2,0.1028,0.08510000000000001,0.0655
15,happy,2,1,0.14839999999999998,0.09489999999999998,0.09739999999999999
15,happy,2,1,0.18879999999999997,0.1367,0.12359999999999999
15,happy,2,2,0.172,0.14040000000000002,0.11880000000000002
15,happy,2,2,0.21239999999999998,0.18220000000000003,0.14500000000000002
15,sad,1,1,0.005300000000000027,0.02739999999999998,0.011400000000000021
15,sad,1,1,0.08730000000000002,0.060199999999999976,0.05569999999999997
15,sad,1,2,0.006599999999999995,-0.011900000000000022,-0.009499999999999953
15,sad,1,2,0.08859999999999998,0.020899999999999974,0.0348
15,sad,2,1,0.05180000000000001,-0.0015000000000000013,0.025399999999999978
15,sad,2,1,0.06990000000000002,0.0267,0.04610000000000003
15,sad,2,2,0.031100000000000017,-0.0232,0.0034999999999999476
15,sad,2,2,0.04920000000000002,0.0050000000000000044,0.0242
15,surprised,1,1,0.18970000000000004,0.033899999999999986,0.13019999999999998
15,surprised,1,1,0.08930000000000005,-0.007400000000000018,0.05409999999999998
15,surprised,1,2,0.12140000000000001,0.07929999999999998,0.07089999999999996
15,surprised,1,2,0.02100000000000002,0.03799999999999998,-0.005200000000000038
15,surprised,2,1,0.11759999999999998,0.025999999999999968,0.08539999999999998
15,surprised,2,1,0.03759999999999997,-0.05080000000000001,0.041800000000000004
15,surprised,2,2,0.0917,0.013499999999999956,0.044800000000000006
15,surprised,2,2,0.011699999999999988,-0.06330000000000002,0.0012000000000000344
16,angry,1,1,0.1289999999999999,-0.06680000000000003,0.0827
16,angry,1,1,0.16709999999999992,-0.04349999999999998,0.1279
16,angry,1,2,0.10389999999999999,0.07100000000000001,0.055499999999999994
16,angry,1,2,0.14200000000000002,0.09430000000000005,0.10070000000000001
16,angry,2,1,0.13569999999999993,-0.03660000000000002,0.10349999999999993
16,angry,2,1,0.14479999999999993,-0.05980000000000002,0.10370000000000001
16,angry,2,2,0.1008,-0.030700000000000005,0.07369999999999999
16,angry,2,2,0.1099,-0.0539,0.07390000000000008
16,calm,1,1,0.02479999999999999,0.020399999999999974,0.017699999999999994
16,calm,1,1,0.05740000000000001,0.0645,0.04409999999999997
16,calm,1,2,0.008900000000000019,-0.0827,0.005799999999999972
16,calm,1,2,0.04150000000000004,-0.03859999999999997,0.03219999999999995
16,calm,2,1,-0.029100000000000015,-0.015600000000000003,-0.023900000000000032
16,calm,2,1,-0.0479,-0.0267,-0.039400000000000046
16,calm,2,2,-0.0018000000000000238,0.005099999999999993,-0.0038000000000000256
16,calm,2,2,-0.020600000000000007,-0.006000000000000005,-0.01930000000000004
16,disgust,1,1,-0.04400000000000004,-0.1003,0.014599999999999946
16,disgust,1,1,-0.13359999999999994,-0.0514,-0.08760000000000001
16,disgust,1,2,0.07050000000000001,-0.05499999999999999,0.09260000000000002
16,disgust,1,2,-0.019099999999999895,-0.006099999999999994,-0.009599999999999942
16,disgust,2,1,0.053800000000000014,-0.06589999999999996,0.0625
16,disgust,2,1,0.02860000000000007,0.03300000000000003,0.03469999999999995
16,disgust,2,2,0.07359999999999994,-0.09989999999999999,0.09040000000000004
16,disgust,2,2,0.0484,-0.0010000000000000009,0.06259999999999999
16,fearful,1,1,0.22830000000000006,0.0681,0.20849999999999996
16,fearful,1,1,0.25120000000000003,0.10089999999999999,0.1953999999999999
16,fearful,1,2,0.2701,-0.005300000000000027,0.23100000000000004
16,fearful,1,2,0.293,0.02749999999999997,0.21789999999999998
16,fearful,2,1,0.31449999999999995,0.0030999999999999917,0.2359
16,fearful,2,1,0.2007,0.0358,0.14590000000000003
16,fearful,2,2,0.3101,-0.045999999999999985,0.23460000000000003
16,fearful,2,2,0.19630000000000003,-0.013299999999999979,0.14460000000000006
16,happy,1,1,0.13329999999999997,0.0047000000000000375,0.10540000000000005
16,happy,1,1,0.10289999999999999,-0.03859999999999997,0.08830000000000005
16,happy,1,2,0.12539999999999996,0.055400000000000005,0.08599999999999997
16,happy,1,2,0.09499999999999997,0.0121,0.06889999999999996
16,happy,2,1,0.181,-0.0595,0.1432
16,happy,2,1,0.1794,-0.04419999999999996,0.14049999999999996
16,happy,2,2,0.10239999999999999,0.01699999999999996,0.08430000000000004
16,happy,2,2,0.1008,0.032299999999999995,0.0816
16,sad,1,1,0.07819999999999999,0.13440000000000002,0.05059999999999992
16,sad,1,1,0.05990000000000001,0.08810000000000001,0.023099999999999954
16,sad,1,2,-0.019100000000000006,-0.00040000000000001146,-0.05710000000000004
16,sad,1,2,-0.03739999999999999,-0.04670000000000002,-0.08460000000000001
16,sad,2,1,0.0049000000000000155,0.030399999999999983,-0.03249999999999997
16,sad,2,1,0.018199999999999994,0.04949999999999999,-0.018799999999999983
16,sad,2,2,0.06540000000000001,-0.07219999999999999,0.0001000000000000445
16,sad,2,2,0.07869999999999999,-0.05309999999999998,0.013800000000000034
16,surprised,1,1,0.10860000000000003,0.012299999999999978,0.08530000000000004
16,surprised,1,1,0.012300000000000089,0.0494,-0.007699999999999929
16,surprised,1,2,0.1493,-0.01469999999999999,0.13419999999999999
16,surprised,1,2,0.05300000000000005,0.02240000000000003,0.041200000000000014
16,surprised,2,1,0.0343,-0.010000000000000009,0.0242
16,surprised,2,1,-0.009400000000000075,-0.05069999999999997,-0.020199999999999996
16,surprised,2,2,0.020399999999999974,0.036199999999999954,0.014800000000000035
16,surprised,2,2,-0.0233000000000001,-0.004500000000000004,-0.02959999999999996
17,angry,1,1,0.37150000000000005,0.1486,0.28059999999999996
17,angry,1,1,0.3951,0.17220000000000002,0.305
17,angry,1,2,0.4788,0.021600000000000008,0.37460000000000004
17,angry,1,2,0.5024,0.04520000000000002,0.3990000000000001
17,angry,2,1,0.2959,0.08099999999999996,0.2283
17,angry,2,1,0.3264,0.07149999999999995,0.2622
17,angry,2,2,0.2999,0.059799999999999964,0.2494
17,angry,2,2,0.3304,0.050299999999999956,0.2833
17,calm,1,1,-0.0572,-0.060199999999999976,-0.02210000000000001
17,calm,1,1,-0.0804,-0.0645,-0.05299999999999999
17,calm,1,2,-0.047500000000000014,-0.0474,-0.026000000000000023
17,calm,1,2,-0.07070000000000001,-0.051700000000000024,-0.056900000000000006
17,calm,2,1,-0.028200000000000003,-0.033299999999999996,-0.02629999999999999
17,calm,2,1,-0.035500000000000004,-0.04089999999999999,-0.02629999999999999
17,calm,2,2,-0.048100000000000004,-0.0474,-0.05269999999999997
17,calm,2,2,-0.055400000000000005,-0.05499999999999999,-0.05269999999999997
17,disgust,1,1,0.21590000000000004,-0.03990000000000005,0.17620000000000002
17,disgust,1,1,0.17500000000000004,-0.08440000000000003,0.15750000000000003
17,disgust,1,2,0.2141,-0.00020000000000003348,0.16069999999999995
17,disgust,1,2,0.17320000000000002,-0.04470000000000002,0.14199999999999996
17,disgust,2,1,0.23059999999999997,-0.045899999999999996,0.19559999999999994
17,disgust,2,1,0.22589999999999993,-0.0524,0.17669999999999997
17,disgust,2,2,0.15510000000000002,-0.07839999999999997,0.13520000000000004
17,disgust,2,2,0.15039999999999998,-0.08489999999999998,0.11630000000000007
17,fearful,1,1,0.3513,-0.042899999999999994,0.2539
17,fearful,1,1,0.24670000000000003,-0.006799999999999973,0.20900000000000002
17,fearful,1,2,0.4009,-0.041700000000000015,0.2923
17,fearful,1,2,0.2963,-0.005599999999999994,0.2474
17,fearful,2,1,0.3578,0.04810000000000003,0.2982
17,fearful,2,1,0.03080000000000005,0.014100000000000001,0.04260000000000008
17,fearful,2,2,0.32699999999999996,0.0983,0.24339999999999995
17,fearful,2,2,0.0,0.06429999999999997,-0.012199999999999989
17,happy,1,1,0.341,-0.027700000000000002,0.21679999999999994
17,happy,1,1,0.21600000000000003,-0.08850000000000002,0.13179999999999997
17,happy,1,2,0.3604,-0.002599999999999991,0.2658
17,happy,1,2,0.2354,-0.06340000000000001,0.18080000000000002
17,happy,2,1,0.24479999999999996,-0.0040000000000000036,0.1623
17,happy,2,1,0.2672999999999999,-0.029900000000000038,0.1775
17,happy,2,2,0.23810000000000003,0.023900000000000032,0.16359999999999997
17,happy,2,2,0.2606,-0.0020000000000000018,0.17879999999999996
17,sad,1,1,0.10420000000000001,-0.029200000000000004,0.03400000000000003
17,sad,1,1,0.05990000000000001,-0.013499999999999956,0.0025000000000000022
17,sad,1,2,0.05509999999999998,-0.03400000000000003,0.0047000000000000375
17,sad,1,2,0.010799999999999976,-0.018299999999999983,-0.02679999999999999
17,sad,2,1,0.09869999999999998,-0.0368,0.029400000000000037
17,sad,2,1,0.023599999999999954,-0.09310000000000002,-0.006599999999999995
17,sad,2,2,0.12310000000000001,-0.03620000000000001,0.023299999999999987
17,sad,2,2,0.04799999999999999,-0.09250000000000003,-0.012700000000000045
17,surprised,1,1,0.09670000000000001,-0.122,0.11149999999999993
17,surprised,1,1,0.12330000000000002,-0.009299999999999975,0.10570000000000002
17,surprised,1,2,-0.0045000000000000595,-0.10310000000000002,0.017299999999999982
17,surprised,1,2,0.022099999999999953,0.009599999999999997,0.011500000000000066
17,surprised,2,1,0.18609999999999993,-0.00019999999999997797,0.13540000000000008
17,surprised,2,1,0.22349999999999998,0.020000000000000018,0.14500000000000002
17,surprised,2,2,0.14529999999999998,-0.08039999999999997,0.11780000000000002
17,surprised,2,2,0.18270000000000003,-0.060199999999999976,0.12739999999999996
18,angry,1,1,0.28670000000000007,-0.09810000000000002,0.19600000000000006
18,angry,1,1,0.3447,-0.04980000000000001,0.24880000000000002
18,angry,1,2,0.2662000000000001,-0.03870000000000001,0.17580000000000007
18,angry,1,2,0.32420000000000004,0.009599999999999997,0.22860000000000003
18,angry,2,1,0.15880000000000005,-0.045899999999999996,0.10520000000000007
18,angry,2,1,0.2329,-0.04810000000000003,0.16249999999999998
18,angry,2,2,0.1876,-0.021100000000000008,0.13270000000000004
18,angry,2,2,0.26169999999999993,-0.023300000000000043,0.18999999999999995
18,calm,1,1,-0.04710000000000003,0.009599999999999997,-0.04009999999999997
18,calm,1,1,-0.012400000000000022,0.0011000000000000454,-0.007799999999999974
18,calm,1,2,-0.05770000000000003,0.013399999999999967,-0.043300000000000005
18,calm,1,2,-0.02300000000000002,0.0049000000000000155,-0.01100000000000001
18,calm,2,1,0.017000000000000015,0.034999999999999976,0.0116
18,calm,2,1,-0.022899999999999976,0.0028000000000000247,-0.022799999999999987
18,calm,2,2,0.017699999999999994,0.0519,0.012299999999999978
18,calm,2,2,-0.022199999999999998,0.01970000000000005,-0.02210000000000001
18,disgust,1,1,0.22460000000000002,-0.02290000000000003,0.15099999999999997
18,disgust,1,1,0.18080000000000002,-0.06220000000000003,0.08239999999999997
18,disgust,1,2,0.18379999999999996,-0.016300000000000037,0.09610000000000002
18,disgust,1,2,0.13999999999999996,-0.05560000000000004,0.027500000000000024
18,disgust,2,1,0.09809999999999997,-0.04139999999999999,0.0927
18,disgust,2,1,0.21109999999999995,-0.011099999999999999,0.20129999999999998
18,disgust,2,2,0.21540000000000004,-0.05589999999999995,0.2017
18,disgust,2,2,0.3284,-0.025599999999999956,0.31029999999999996
18,fearful,1,1,0.2097,0.0484,0.1829
18,fearful,1,1,0.25649999999999995,0.0348,0.2138
18,fearful,1,2,0.15410000000000001,0.1235,0.13430000000000003
18,fearful,1,2,0.20089999999999997,0.1099,0.1652
18,fearful,2,1,0.2604,0.20829999999999999,0.19580000000000003
18,fearful,2,1,0.21020000000000005,0.179,0.1612
18,fearful,2,2,0.2574,0.14490000000000003,0.19160000000000005
18,fearful,2,2,0.20720000000000005,0.11560000000000004,0.15700000000000003
18,happy,1,1,0.239,-0.07850000000000001,0.1775
18,happy,1,1,0.27819999999999995,-0.058499999999999996,0.22390000000000004
18,happy,1,2,0.261,0.022799999999999987,0.1614
18,happy,1,2,0.30019999999999997,0.042800000000000005,0.20780000000000004
18,happy,2,1,0.27830000000000005,0.0050000000000000044,0.18829999999999997
18,happy,2,1,0.22850000000000004,-0.03539999999999999,0.15989999999999993
18,happy,2,2,0.3122,0.04949999999999999,0.24290000000000006
18,happy,2,2,0.26239999999999997,0.009099999999999997,0.21450000000000002
18,sad,1,1,0.3082,0.008699999999999986,0.1607
18,sad,1,1,0.30519999999999997,0.04009999999999997,0.1679
18,sad,1,2,0.2434,0.09129999999999999,0.11030000000000001
18,sad,1,2,0.2404,0.12269999999999998,0.1175
18,sad,2,1,0.29490000000000005,0.13840000000000002,0.17670000000000002
18,sad,2,1,0.24310000000000004,0.10089999999999999,0.1274
18,sad,2,2,0.38049999999999995,0.14900000000000002,0.2635
18,sad,2,2,0.32869999999999994,0.11149999999999999,0.2142
18,surprised,1,1,0.13039999999999996,-0.04629999999999995,0.11479999999999996
18,surprised,1,1,0.12629999999999997,-0.04319999999999996,0.08360000000000001
18,surprised,1,2,0.12460000000000004,0.0010000000000000009,0.14099999999999996
18,surprised,1,2,0.12050000000000005,0.0040999999999999925,0.10980000000000001
18,surprised,2,1,0.11100000000000004,-0.02460000000000001,0.10799999999999998
18,surprised,2,1,0.12470000000000003,-0.03620000000000001,0.13680000000000003
18,surprised,2,2,0.12269999999999998,-0.0938,0.10109999999999997
18,surprised,2,2,0.13639999999999997,-0.1054,0.12990000000000002
19,angry,1,1,0.1983999999999999,-0.1139,0.15670000000000006
19,angry,1,1,0.3146,-0.04820000000000002,0.24560000000000004
19,angry,1,2,0.24529999999999996,-0.13790000000000002,0.19720000000000004
19,angry,1,2,0.36150000000000004,-0.07220000000000004,0.2861
19,angry,2,1,0.37739999999999996,-0.21910000000000002,0.31930000000000003
19,angry,2,1,0.30189999999999995,-0.05499999999999999,0.24319999999999997
19,angry,2,2,0.3579,-0.19130000000000003,0.31400000000000006
19,angry,2,2,0.2824,-0.027200000000000002,0.2379
19,calm,1,1,0.0005000000000000004,-0.06190000000000001,-0.023799999999999988
19,calm,1,1,0.004799999999999999,-0.03270000000000001,-0.021600000000000008
19,calm,1,2,-0.021900000000000003,-0.0817,-0.015499999999999958
19,calm,1,2,-0.017600000000000005,-0.05249999999999999,-0.013299999999999979
19,calm,2,1,-0.04200000000000001,-0.0781,-0.0461
19,calm,2,1,-0.03240000000000001,-0.044899999999999995,-0.034800000000000025
19,calm,2,2,-0.03639999999999999,-0.054300000000000015,-0.0539
19,calm,2,2,-0.02679999999999999,-0.021100000000000008,-0.04260000000000003
19,disgust,1,1,0.20590000000000003,0.005700000000000011,0.16290000000000004
19,disgust,1,1,0.2732,-0.006399999999999989,0.18660000000000004
19,disgust,1,2,0.3364,0.019199999999999995,0.24980000000000002
19,disgust,1,2,0.40369999999999995,0.007099999999999995,0.2735
19,disgust,2,1,0.35520000000000007,-0.15360000000000001,0.37110000000000004
19,disgust,2,1,0.2956000000000001,-0.0877,0.3189000000000001
19,disgust,2,2,0.31300000000000006,-0.09539999999999998,0.29560000000000003
19,disgust,2,2,0.25340000000000007,-0.02949999999999997,0.24340000000000006
19,fearful,1,1,0.42269999999999996,0.18269999999999997,0.34720000000000006
19,fearful,1,1,0.38199999999999995,0.1255,0.3375
19,fearful,1,2,0.47429999999999994,-0.008099999999999996,0.43210000000000004
19,fearful,1,2,0.43359999999999993,-0.06529999999999997,0.4224
19,fearful,2,1,0.44749999999999995,0.04129999999999995,0.41540000000000005
19,fearful,2,1,0.48379999999999995,-0.03150000000000003,0.39020000000000005
19,fearful,2,2,0.431,0.024399999999999977,0.4076
19,fearful,2,2,0.4673,-0.0484,0.3824
19,happy,1,1,0.12,-0.010000000000000009,0.15029999999999993
19,happy,1,1,0.020899999999999974,-0.12170000000000003,0.08009999999999995
19,happy,1,2,0.2949,0.16959999999999997,0.22010000000000002
19,happy,1,2,0.19579999999999997,0.05789999999999995,0.14990000000000003
19,happy,2,1,0.26789999999999997,-0.09349999999999997,0.254
19,happy,2,1,0.24179999999999996,-0.07319999999999999,0.20190000000000002
19,happy,2,2,0.10949999999999999,-0.08700000000000002,0.17000000000000004
19,happy,2,2,0.08339999999999997,-0.06670000000000004,0.11790000000000006
19,sad,1,1,0.22979999999999998,0.0837,0.03670000000000001
19,sad,1,1,0.2648,0.1512,0.09939999999999999
19,sad,1,2,0.14409999999999998,0.007400000000000018,0.026400000000000035
19,sad,1,2,0.17909999999999998,0.07490000000000002,0.08910000000000001
19,sad,2,1,0.12380000000000002,0.1003,0.08000000000000002
19,sad,2,1,0.12760000000000002,0.04870000000000002,0.061799999999999966
19,sad,2,2,0.1854,0.07929999999999998,0.12580000000000002
19,sad,2,2,0.1892,0.027700000000000002,0.10759999999999997
19,surprised,1,1,0.21440000000000003,0.054200000000000026,0.17059999999999997
19,surprised,1,1,0.07640000000000002,-0.1269,0.07959999999999995
19,surprised,1,2,0.19410000000000005,0.04910000000000003,0.12920000000000004
19,surprised,1,2,0.05610000000000004,-0.132,0.03820000000000001
19,surprised,2,1,0.2293,0.15639999999999998,0.1603
19,surprised,2,1,0.10860000000000003,0.005800000000000027,0.051100000000000034
19,surprised,2,2,0.2516,0.020299999999999985,0.24219999999999997
19,surprised,2,2,0.13090000000000002,-0.13029999999999997,0.133
2,angry,1,1,0.24349999999999994,-0.05660000000000004,0.19640000000000002
2,angry,1,1,0.25339999999999996,-0.028500000000000025,0.23520000000000008
2,angry,1,2,0.19540000000000002,-0.054800000000000015,0.15889999999999993
2,angry,1,2,0.20530000000000004,-0.0267,0.1977
2,angry,2,1,0.3266,-0.06470000000000004,0.2753
2,angry,2,1,0.3376,-0.03410000000000002,0.2966
2,angry,2,2,0.29590000000000005,-0.0378,0.24839999999999995
2,angry,2,2,0.30690000000000006,-0.007199999999999984,0.26969999999999994
2,calm,1,1,-0.038199999999999956,-0.03420000000000001,-0.022699999999999998
2,calm,1,1,-0.021299999999999986,-0.0012000000000000344,-0.00990000000000002
2,calm,1,2,-0.0353,-0.06719999999999998,-0.018400000000000027
2,calm,1,2,-0.018400000000000027,-0.03420000000000001,-0.005600000000000049
2,calm,2,1,-0.04249999999999998,-0.0257,-0.030299999999999994
2,calm,2,1,-0.054400000000000004,-0.04630000000000001,-0.04299999999999998
2,calm,2,2,-0.028200000000000003,-0.023899999999999977,-0.01090000000000002
2,calm,2,2,-0.040100000000000025,-0.044499999999999984,-0.02360000000000001
2,disgust,1,1,0.11710000000000004,0.04749999999999999,0.10239999999999999
2,disgust,1,1,0.1729,0.07919999999999999,0.1402
2,disgust,1,2,0.09920000000000001,0.010799999999999976,0.11130000000000001
2,disgust,1,2,0.15499999999999997,0.04249999999999998,0.1491
2,disgust,2,1,0.0812,0.032899999999999985,0.05689999999999995
2,disgust,2,1,0.0938,0.025400000000000034,0.08589999999999998
2,disgust,2,2,0.06140000000000001,0.03889999999999999,0.02629999999999999
2,disgust,2,2,0.07400000000000001,0.03140000000000004,0.055300000000000016
2,fearful,1,1,0.07919999999999999,-0.0008000000000000229,0.021399999999999975
2,fearful,1,1,0.0373,-0.0232,-0.02040000000000003
2,fearful,1,2,0.2328,0.0338,0.16610000000000003
2,fearful,1,2,0.19090000000000001,0.011400000000000021,0.12430000000000002
2,fearful,2,1,0.2112,0.041000000000000036,0.14149999999999996
2,fearful,2,1,0.1997,0.09560000000000002,0.15579999999999994
2,fearful,2,2,0.08639999999999998,0.017400000000000027,0.029799999999999993
2,fearful,2,2,0.07489999999999997,0.07200000000000001,0.04409999999999997
2,happy,1,1,0.20779999999999998,0.08829999999999999,0.13690000000000002
2,happy,1,1,0.2031,0.07079999999999997,0.14120000000000005
2,happy,1,2,0.24770000000000003,0.17419999999999997,0.17279999999999995
2,happy,1,2,0.24300000000000005,0.15669999999999995,0.17709999999999998
2,happy,2,1,0.08510000000000001,0.009899999999999964,0.07010000000000005
2,happy,2,1,0.09449999999999997,0.009299999999999975,0.07500000000000007
2,happy,2,2,0.2056,0.07979999999999998,0.15569999999999995
2,happy,2,2,0.21499999999999997,0.07919999999999999,0.16059999999999997
2,sad,1,1,0.03539999999999999,0.027100000000000013,-0.0048000000000000265
2,sad,1,1,0.03949999999999998,0.03870000000000001,0.003400000000000014
2,sad,1,2,-0.016900000000000026,-0.0489,-0.03160000000000002
2,sad,1,2,-0.012800000000000034,-0.0373,-0.023399999999999976
2,sad,2,1,0.004300000000000026,-0.04349999999999998,-0.01150000000000001
2,sad,2,1,0.05310000000000001,0.0131,0.033299999999999996
2,sad,2,2,0.0022000000000000353,-0.0681,-0.024500000000000022
2,sad,2,2,0.05100000000000002,-0.01150000000000001,0.020299999999999985
2,surprised,1,1,0.123,-0.08240000000000003,0.11719999999999997
2,surprised,1,1,0.12150000000000005,-0.10370000000000007,0.11760000000000004
2,surprised,1,2,0.05720000000000003,-0.009599999999999997,0.0595
2,surprised,1,2,0.05570000000000008,-0.03090000000000004,0.059900000000000064
2,surprised,2,1,0.1059,-0.03870000000000001,0.0887
2,surprised,2,1,0.07809999999999995,-0.029000000000000026,0.06429999999999991
2,surprised,2,2,0.10950000000000004,-0.04239999999999999,0.10630000000000006
2,surprised,2,2,0.0817,-0.03270000000000001,0.08189999999999997
20,angry,1,1,0.3087,-0.07739999999999997,0.298
20,angry,1,1,0.03610000000000002,-0.03199999999999997,0.0736
20,angry,1,2,0.398,-0.01799999999999996,0.3522
20,angry,1,2,0.12540000000000007,0.027400000000000035,0.12780000000000002
20,angry,2,1,0.431,0.0029000000000000137,0.3601
20,angry,2,1,0.27879999999999994,-0.003599999999999992,0.24349999999999994
20,angry,2,2,0.33280000000000004,0.05760000000000004,0.2694
20,angry,2,2,0.18059999999999998,0.051100000000000034,0.15279999999999994
20,calm,1,1,-0.006199999999999983,0.028800000000000048,-0.007000000000000006
20,calm,1,1,0.0039000000000000146,-0.017199999999999993,0.015900000000000025
20,calm,1,2,-0.09869999999999998,-0.04199999999999998,-0.06709999999999999
20,calm,1,2,-0.08859999999999998,-0.08800000000000002,-0.04419999999999996
20,calm,2,1,-0.06569999999999998,-0.09839999999999999,-0.04799999999999999
20,calm,2,1,-0.06390000000000001,-0.06540000000000001,-0.060699999999999976
20,calm,2,2,-0.04569999999999999,-0.030500000000000027,-0.03649999999999998
20,calm,2,2,-0.04390000000000002,0.0024999999999999467,-0.049199999999999966
20,disgust,1,1,0.09789999999999999,-0.015000000000000013,0.06869999999999998
20,disgust,1,1,0.18109999999999998,0.06619999999999998,0.15990000000000004
20,disgust,1,2,0.02859999999999996,0.033399999999999985,-0.08980000000000005
20,disgust,1,2,0.11179999999999995,0.11459999999999998,0.0014000000000000123
20,disgust,2,1,0.26559999999999995,-0.056999999999999995,0.2025
20,disgust,2,1,0.32909999999999995,0.01100000000000001,0.2878
20,disgust,2,2,0.33209999999999995,-0.033899999999999986,0.28
20,disgust,2,2,0.39559999999999995,0.03410000000000002,0.3653
20,fearful,1,1,0.3918,0.2651,0.34669999999999995
20,fearful,1,1,0.3562,0.2668,0.31249999999999994
20,fearful,1,2,0.4411,0.29000000000000004,0.4068
20,fearful,1,2,0.4055,0.2917,0.3726
20,fearful,2,1,0.44899999999999995,0.2001,0.4223
20,fearful,2,1,0.5157,0.1684,0.4336
20,fearful,2,2,0.43789999999999996,0.10160000000000002,0.38970000000000005
20,fearful,2,2,0.5045999999999999,0.06990000000000002,0.401
20,happy,1,1,0.09689999999999999,0.046999999999999986,0.06990000000000007
20,happy,1,1,0.16780000000000006,0.12719999999999998,0.12730000000000008
20,happy,1,2,0.18889999999999996,0.2877,0.13770000000000004
20,happy,1,2,0.25980000000000003,0.3679,0.19510000000000005
20,happy,2,1,0.32130000000000003,0.12060000000000004,0.24339999999999995
20,happy,2,1,0.2348,0.039100000000000024,0.2134999999999999
20,happy,2,2,0.37039999999999995,0.07529999999999998,0.2781
20,happy,2,2,0.28389999999999993,-0.006200000000000039,0.24819999999999998
20,sad,1,1,0.1674,0.1299,0.1144
20,sad,1,1,0.1134,0.060799999999999965,0.05720000000000003
20,sad,1,2,0.5095,0.3548,0.37679999999999997
20,sad,1,2,0.45549999999999996,0.2857,0.3196
20,sad,2,1,0.045999999999999985,0.06740000000000002,0.0006999999999999784
20,sad,2,1,0.11800000000000002,0.09260000000000002,0.04909999999999998
20,sad,2,2,0.36099999999999993,0.1628,0.21669999999999995
20,sad,2,2,0.43299999999999994,0.188,0.26509999999999995
20,surprised,1,1,0.1059,0.18460000000000004,0.07520000000000004
20,surprised,1,1,0.04509999999999992,0.09660000000000002,0.04269999999999996
20,surprised,1,2,0.0040999999999999925,0.0413,-0.008099999999999996
20,surprised,1,2,-0.056700000000000084,-0.04670000000000002,-0.04060000000000008
20,surprised,2,1,0.21629999999999994,0.13880000000000003,0.19090000000000007
20,surprised,2,1,0.20840000000000003,0.10130000000000006,0.1693
20,surprised,2,2,0.0363,-0.0983,0.005300000000000082
20,surprised,2,2,0.028400000000000092,-0.13579999999999998,-0.01629999999999998
21,angry,1,1,0.08820000000000006,-0.06819999999999998,0.06810000000000005
21,angry,1,1,0.0989000000000001,-0.032799999999999996,0.07110000000000005
21,angry,1,2,0.12680000000000002,-0.029700000000000004,0.08350000000000002
21,angry,1,2,0.13750000000000007,0.005699999999999983,0.08650000000000002
21,angry,2,1,0.05790000000000006,-0.005700000000000038,0.0401999999999999
21,angry,2,1,0.050000000000000044,-0.051600000000000035,0.0393
21,angry,2,2,0.1251000000000001,0.005199999999999982,0.08729999999999993
21,angry,2,2,0.11720000000000008,-0.040700000000000014,0.08640000000000003
21,calm,1,1,-0.0009000000000000119,0.013399999999999967,-0.003699999999999981
21,calm,1,1,-0.03240000000000001,-0.01050000000000001,-0.02009999999999995
21,calm,1,2,-0.015300000000000008,-0.03820000000000001,-0.02529999999999999
21,calm,1,2,-0.04680000000000001,-0.06209999999999999,-0.04169999999999996
21,calm,2,1,-0.02429999999999999,-0.02579999999999999,-0.0237
21,calm,2,1,-0.012399999999999994,-0.024999999999999967,-0.003899999999999959
21,calm,2,2,-0.021199999999999997,-0.041100000000000025,-0.03190000000000004
21,calm,2,2,-0.009300000000000003,-0.0403,-0.0121
21,disgust,1,1,-0.10660000000000003,-0.044399999999999995,-0.0685
21,disgust,1,1,-0.0827,-0.05059999999999998,-0.05259999999999998
21,disgust,1,2,-0.1023,-0.047599999999999976,-0.062
21,disgust,1,2,-0.07839999999999997,-0.05379999999999996,-0.046099999999999974
21,disgust,2,1,-0.06119999999999998,-0.07690000000000002,-0.015800000000000036
21,disgust,2,1,-0.03789999999999999,-0.06879999999999997,0.024900000000000033
21,disgust,2,2,-0.1038,-0.06930000000000003,-0.05190000000000006
21,disgust,2,2,-0.08050000000000002,-0.06119999999999998,-0.011199999999999988
21,fearful,1,1,0.13130000000000003,0.07400000000000001,0.11490000000000006
21,fearful,1,1,0.11600000000000005,0.042100000000000026,0.09590000000000004
21,fearful,1,2,0.1891,0.12110000000000004,0.14679999999999999
21,fearful,1,2,0.1738,0.08920000000000006,0.12779999999999997
21,fearful,2,1,0.2318,0.07639999999999997,0.1577
21,fearful,2,1,0.2384,0.12889999999999996,0.14889999999999998
21,fearful,2,2,0.1834,-0.01369999999999999,0.1114
21,fearful,2,2,0.19,0.0388,0.10259999999999997
21,happy,1,1,0.26630000000000004,0.09140000000000004,0.18310000000000004
21,happy,1,1,0.2298,0.062100000000000044,0.1526
21,happy,1,2,0.30619999999999997,0.1301,0.20450000000000002
21,happy,1,2,0.26969999999999994,0.1008,0.174
21,happy,2,1,0.1493,-0.007599999999999996,0.10370000000000001
21,happy,2,1,0.13479999999999998,0.0022000000000000353,0.08570000000000005
21,happy,2,2,0.22890000000000005,0.0816,0.15090000000000003
21,happy,2,2,0.21440000000000003,0.09140000000000004,0.13290000000000007
21,sad,1,1,0.2273,0.1357,0.1265
21,sad,1,1,0.268,0.1602,0.16810000000000003
21,sad,1,2,0.2243,0.10809999999999997,0.1068
21,sad,1,2,0.265,0.1326,0.14840000000000003
21,sad,2,1,0.1361,0.07720000000000005,0.04880000000000001
21,sad,2,1,0.1114,0.05680000000000002,0.04189999999999999
21,sad,2,2,0.1774,0.11530000000000001,0.08929999999999999
21,sad,2,2,0.1527,0.09489999999999998,0.08239999999999997
21,surprised,1,1,0.0907,-0.12040000000000001,0.07530000000000003
21,surprised,1,1,0.08760000000000001,-0.0882,0.08330000000000004
21,surprised,1,2,0.057699999999999974,-0.03789999999999999,0.03849999999999998
21,surprised,1,2,0.05459999999999998,-0.005699999999999983,0.046499999999999986
21,surprised,2,1,0.10040000000000004,-0.03450000000000003,0.09549999999999992
21,surprised,2,1,0.11209999999999998,-0.054800000000000015,0.07879999999999998
21,surprised,2,2,0.09889999999999999,-0.00040000000000001146,0.09829999999999994
21,surprised,2,2,0.11059999999999992,-0.020699999999999996,0.0816
22,angry,1,1,0.22870000000000007,-0.02679999999999999,0.17989999999999995
22,angry,1,1,0.24360000000000004,-0.008000000000000007,0.18999999999999995
22,angry,1,2,0.24069999999999997,-0.08429999999999999,0.18479999999999996
22,angry,1,2,0.25559999999999994,-0.0655,0.19489999999999996
22,angry,2,1,0.30759999999999993,-0.046599999999999975,0.23609999999999998
22,angry,2,1,0.28629999999999994,-0.035499999999999976,0.18989999999999996
22,angry,2,2,0.3161,-0.054900000000000004,0.24309999999999998
22,angry,2,2,0.2948,-0.043800000000000006,0.19689999999999996
22,calm,1,1,0.027100000000000013,-0.060799999999999965,0.0237
22,calm,1,1,-0.003599999999999992,-0.10779999999999995,0.0030999999999999917
22,calm,1,2,0.022799999999999987,-0.045399999999999996,0.020000000000000018
22,calm,1,2,-0.007900000000000018,-0.09239999999999998,-0.0005999999999999894
22,calm,2,1,-0.05449999999999999,-0.069,-0.03810000000000002
22,calm,2,1,-0.009500000000000008,-0.035099999999999965,-0.009000000000000008
22,calm,2,2,-0.05319999999999997,-0.09480000000000005,-0.020600000000000007
22,calm,2,2,-0.008199999999999985,-0.06090000000000001,0.008500000000000008
22,disgust,1,1,0.0403,-0.09649999999999997,0.04259999999999997
22,disgust,1,1,0.04959999999999998,-0.02749999999999997,0.028000000000000025
22,disgust,1,2,0.0499,-0.07769999999999999,0.06489999999999996
22,disgust,1,2,0.059199999999999975,-0.008699999999999986,0.05030000000000001
22,disgust,2,1,0.06560000000000005,-0.08899999999999997,0.04859999999999998
22,disgust,2,1,0.07450000000000001,-0.04319999999999996,0.059199999999999975
22,disgust,2,2,0.12919999999999998,-0.06419999999999998,0.138
22,disgust,2,2,0.13809999999999995,-0.018399999999999972,0.1486
22,fearful,1,1,0.24530000000000002,-0.053800000000000014,0.1644
22,fearful,1,1,0.22730000000000006,-0.027100000000000013,0.15500000000000003
22,fearful,1,2,0.2706,-0.003200000000000036,0.20199999999999996
22,fearful,1,2,0.25260000000000005,0.023499999999999965,0.1926
22,fearful,2,1,0.23410000000000003,-0.021600000000000008,0.17870000000000003
22,fearful,2,1,0.17640000000000006,-0.0348,0.12750000000000006
22,fearful,2,2,0.2788,-0.03489999999999999,0.1982
22,fearful,2,2,0.22110000000000002,-0.048099999999999976,0.14700000000000002
22,happy,1,1,0.2974,-0.0050000000000000044,0.25060000000000004
22,happy,1,1,0.23270000000000002,-0.0519,0.1997
22,happy,1,2,0.28369999999999995,-0.07530000000000003,0.23299999999999998
22,happy,1,2,0.21899999999999997,-0.12220000000000003,0.18209999999999993
22,happy,2,1,0.3154,-0.11049999999999999,0.26439999999999997
22,happy,2,1,0.3332,-0.12879999999999997,0.2802
22,happy,2,2,0.24009999999999998,-0.04810000000000003,0.2116
22,happy,2,2,0.25789999999999996,-0.06640000000000001,0.22740000000000005
22,sad,1,1,0.08800000000000002,0.00019999999999997797,0.05059999999999998
22,sad,1,1,0.05130000000000001,-0.0368,0.0363
22,sad,1,2,0.07370000000000004,-0.0022999999999999687,0.024399999999999977
22,sad,1,2,0.03700000000000003,-0.039299999999999946,0.010099999999999998
22,sad,2,1,0.0021999999999999797,-0.0887,-0.02290000000000003
22,sad,2,1,0.01200000000000001,-0.06779999999999997,-0.005200000000000038
22,sad,2,2,0.08299999999999996,-0.03340000000000004,0.05229999999999996
22,sad,2,2,0.0928,-0.012500000000000011,0.06999999999999995
22,surprised,1,1,0.01750000000000007,-0.00880000000000003,0.021700000000000053
22,surprised,1,1,0.008099999999999996,0.035999999999999976,0.011399999999999966
22,surprised,1,2,0.05480000000000007,-0.03350000000000003,0.06030000000000002
22,surprised,1,2,0.045399999999999996,0.011299999999999977,0.04999999999999993
22,surprised,2,1,0.14559999999999995,-0.052700000000000025,0.13259999999999994
22,surprised,2,1,0.09289999999999998,-0.05930000000000002,0.08879999999999999
22,surprised,2,2,0.09430000000000005,-0.07080000000000003,0.09109999999999996
22,surprised,2,2,0.04160000000000008,-0.07740000000000002,0.04730000000000001
23,angry,1,1,0.17669999999999997,-0.09610000000000002,0.16610000000000003
23,angry,1,1,0.2074999999999999,-0.0963,0.19030000000000002
23,angry,1,2,0.1683,-0.04830000000000001,0.1372
23,angry,1,2,0.19909999999999994,-0.04849999999999999,0.1614
23,angry,2,1,0.19189999999999996,-0.0348,0.15590000000000004
23,angry,2,1,0.17969999999999997,-0.05120000000000002,0.1494000000000001
23,angry,2,2,0.1785,-0.0534,0.14439999999999997
23,angry,2,2,0.1663,-0.06980000000000003,0.13790000000000002
23,calm,1,1,-0.06149999999999997,-0.09540000000000004,-0.03849999999999998
23,calm,1,1,-0.04450000000000001,-0.08930000000000005,-0.0242
23,calm,1,2,-0.08209999999999998,-0.10050000000000003,-0.0665
23,calm,1,2,-0.06510000000000002,-0.09440000000000004,-0.052200000000000024
23,calm,2,1,-0.07299999999999998,-0.06409999999999999,-0.05349999999999999
23,calm,2,1,-0.060200000000000004,-0.0645,-0.05119999999999997
23,calm,2,2,-0.09969999999999998,-0.0932,-0.05930000000000002
23,calm,2,2,-0.0869,-0.09360000000000002,-0.056999999999999995
23,disgust,1,1,0.0867,-0.0042999999999999705,0.08660000000000001
23,disgust,1,1,0.10020000000000001,-0.031200000000000006,0.13279999999999997
23,disgust,1,2,0.10749999999999998,0.0025000000000000022,0.10850000000000004
23,disgust,1,2,0.121,-0.024400000000000033,0.1547
23,disgust,2,1,0.18429999999999996,-0.018500000000000016,0.17049999999999998
23,disgust,2,1,0.18229999999999996,-0.02140000000000003,0.16459999999999997
23,disgust,2,2,0.09400000000000003,0.044800000000000006,0.10520000000000002
23,disgust,2,2,0.09200000000000003,0.04189999999999999,0.0993
23,fearful,1,1,0.0806,0.030500000000000027,0.04360000000000003
23,fearful,1,1,0.12030000000000002,-0.027199999999999946,0.08400000000000002
23,fearful,1,2,0.10980000000000001,0.055999999999999994,0.0751
23,fearful,1,2,0.14950000000000002,-0.0016999999999999793,0.11549999999999999
23,fearful,2,1,0.19470000000000004,-0.03270000000000001,0.16250000000000003
23,fearful,2,1,0.1345,-0.055999999999999994,0.10630000000000006
23,fearful,2,2,0.11370000000000002,-0.05219999999999997,0.07300000000000001
23,fearful,2,2,0.05349999999999999,-0.07549999999999996,0.016800000000000037
23,happy,1,1,0.1957000000000001,0.07119999999999999,0.15290000000000004
23,happy,1,1,0.12440000000000007,-0.02859999999999996,0.08920000000000006
23,happy,1,2,0.18610000000000004,0.05309999999999998,0.1542
23,happy,1,2,0.11480000000000001,-0.046699999999999964,0.09050000000000002
23,happy,2,1,0.12409999999999999,0.12669999999999998,0.1058
23,happy,2,1,0.13960000000000006,0.10010000000000002,0.0998
23,happy,2,2,0.1127999999999999,0.09309999999999996,0.10250000000000004
23,happy,2,2,0.12829999999999997,0.0665,0.09650000000000003
23,sad,1,1,0.02899999999999997,-0.05120000000000002,-0.0474
23,sad,1,1,0.06009999999999999,-0.018100000000000005,-0.012299999999999978
23,sad,1,2,-0.007500000000000007,-0.11420000000000002,-0.08300000000000002
23,sad,1,2,0.02360000000000001,-0.0811,-0.0479
23,sad,2,1,0.0348,-0.029299999999999993,-0.028100000000000014
23,sad,2,1,-0.00880000000000003,-0.04189999999999999,-0.050600000000000034
23,sad,2,2,-0.030299999999999994,-0.10869999999999996,-0.06369999999999998
23,sad,2,2,-0.07390000000000002,-0.12129999999999996,-0.0862
23,surprised,1,1,0.0030000000000000027,0.005499999999999949,-0.016599999999999948
23,surprised,1,1,0.05900000000000005,-0.02850000000000008,0.030100000000000016
23,surprised,1,2,0.03539999999999999,-0.047599999999999976,0.018100000000000005
23,surprised,1,2,0.09140000000000004,-0.0816,0.06479999999999997
23,surprised,2,1,0.09209999999999996,-0.015000000000000013,0.07420000000000004
23,surprised,2,1,0.06259999999999999,-0.014200000000000101,0.047799999999999954
23,surprised,2,2,0.05740000000000001,-0.0024999999999999467,0.036800000000000055
23,surprised,2,2,0.027900000000000036,-0.0017000000000000348,0.010399999999999965
24,angry,1,1,0.09160000000000001,-0.041000000000000036,0.07940000000000003
24,angry,1,1,0.13339999999999996,-0.0504,0.13150000000000006
24,angry,1,2,0.1462,-0.02310000000000001,0.12149999999999994
24,angry,1,2,0.18799999999999994,-0.03249999999999997,0.17359999999999998
24,angry,2,1,0.1597,-0.05020000000000002,0.15259999999999996
24,angry,2,1,0.19220000000000004,-0.019000000000000017,0.18979999999999997
24,angry,2,2,0.11030000000000001,-0.05670000000000003,0.124
24,angry,2,2,0.14280000000000004,-0.025500000000000023,0.1612
24,calm,1,1,0.024399999999999977,-0.06929999999999997,0.05019999999999997
24,calm,1,1,-0.005699999999999983,-0.07759999999999995,0.026599999999999957
24,calm,1,2,0.01529999999999998,-0.0010999999999999899,0.022399999999999975
24,calm,1,2,-0.01479999999999998,-0.009399999999999964,-0.0012000000000000344
24,calm,2,1,0.04570000000000002,0.06890000000000002,0.05230000000000001
24,calm,2,1,-0.005099999999999993,0.03489999999999999,0.012199999999999989
24,calm,2,2,0.037000000000000005,0.05820000000000003,0.039000000000000035
24,calm,2,2,-0.013800000000000007,0.0242,-0.0010999999999999899
24,disgust,1,1,-0.0625,-0.06969999999999998,-0.059099999999999986
24,disgust,1,1,-0.09549999999999997,-0.044999999999999984,-0.07579999999999998
24,disgust,1,2,0.13689999999999997,-0.023399999999999976,0.041700000000000015
24,disgust,1,2,0.10389999999999999,0.0013000000000000234,0.025000000000000022
24,disgust,2,1,0.1392,0.043399999999999994,0.10770000000000002
24,disgust,2,1,0.1618,0.06190000000000001,0.12940000000000002
24,disgust,2,2,0.061799999999999966,0.007199999999999984,-0.0012999999999999678
24,disgust,2,2,0.08439999999999998,0.0257,0.02040000000000003
24,fearful,1,1,0.33089999999999997,0.11450000000000005,0.29460000000000003
24,fearful,1,1,0.21739999999999993,0.13740000000000002,0.24240000000000006
24,fearful,1,2,0.2279,-0.008699999999999986,0.16799999999999998
24,fearful,1,2,0.11439999999999995,0.01419999999999999,0.11580000000000001
24,fearful,2,1,0.2704,0.023299999999999987,0.20739999999999997
24,fearful,2,1,0.1620999999999999,0.06219999999999998,0.08419999999999994
24,fearful,2,2,0.3389,0.015100000000000002,0.3262
24,fearful,2,2,0.23059999999999992,0.05399999999999999,0.20299999999999996
24,happy,1,1,0.17969999999999997,0.08089999999999997,0.1255
24,happy,1,1,0.20039999999999997,0.11180000000000001,0.1497
24,happy,1,2,0.1644,0.059699999999999975,0.12100000000000005
24,happy,1,2,0.1851,0.09060000000000001,0.14520000000000005
24,happy,2,1,0.11680000000000001,-0.01849999999999996,0.09719999999999995
24,happy,2,1,0.14790000000000003,-0.019199999999999995,0.10489999999999994
24,happy,2,2,0.27109999999999995,0.017800000000000038,0.2308
24,happy,2,2,0.30219999999999997,0.017100000000000004,0.2385
24,sad,1,1,0.24680000000000002,-0.005299999999999971,0.1652
24,sad,1,1,0.2529,0.04769999999999999,0.17759999999999998
24,sad,1,2,0.2051,-0.010499999999999954,0.1754
24,sad,1,2,0.2112,0.04250000000000001,0.18779999999999997
24,sad,2,1,0.11549999999999996,-0.07859999999999998,0.040200000000000014
24,sad,2,1,0.1571,0.0018000000000000238,0.07010000000000005
24,sad,2,2,0.01119999999999996,-0.046599999999999975,-0.0013000000000000234
24,sad,2,2,0.052799999999999986,0.033800000000000024,0.028600000000000014
24,surprised,1,1,0.11850000000000005,0.0026000000000000467,0.12289999999999995
24,surprised,1,1,-0.06229999999999991,-0.03259999999999996,-0.03070000000000006
24,surprised,1,2,0.1523,0.04600000000000004,0.15439999999999993
24,surprised,1,2,-0.02849999999999997,0.010800000000000032,0.0007999999999999119
24,surprised,2,1,0.14200000000000002,-0.1119,0.08909999999999996
24,surprised,2,1,0.0756,-0.2041,0.04379999999999995
24,surprised,2,2,0.19089999999999996,-0.036900000000000044,0.16189999999999993
24,surprised,2,2,0.12449999999999994,-0.12910000000000005,0.11659999999999993
3,angry,1,1,0.5225,-0.0665,0.37670000000000003
3,angry,1,1,0.3551,-0.03689999999999999,0.24580000000000002
3,angry,1,2,0.5111999999999999,-0.06090000000000001,0.3671
3,angry,1,2,0.34379999999999994,-0.031299999999999994,0.23619999999999997
3,angry,2,1,0.4387,-0.14659999999999998,0.33320000000000005
3,angry,2,1,0.37009999999999993,-0.10989999999999997,0.28090000000000004
3,angry,2,2,0.4608,-0.09509999999999999,0.35540000000000005
3,angry,2,2,0.39219999999999994,-0.05839999999999998,0.30310000000000004
3,calm,1,1,-0.0628,-0.1182,-0.04830000000000001
3,calm,1,1,-0.050299999999999984,-0.09590000000000001,-0.042300000000000004
3,calm,1,2,-0.019299999999999984,-0.05419999999999997,-0.035499999999999976
3,calm,1,2,-0.006799999999999973,-0.031899999999999984,-0.02949999999999997
3,calm,2,1,0.04589999999999997,-0.03300000000000003,0.030899999999999983
3,calm,2,1,-0.03600000000000003,-0.07369999999999999,-0.013900000000000023
3,calm,2,2,0.023900000000000005,-0.023300000000000043,0.018900000000000028
3,calm,2,2,-0.057999999999999996,-0.064,-0.02589999999999998
3,disgust,1,1,-0.11419999999999997,-0.05340000000000003,-0.08339999999999997
3,disgust,1,1,-0.11459999999999998,-0.01200000000000001,-0.1769
3,disgust,1,2,-0.1069,-0.06250000000000003,-0.060199999999999976
3,disgust,1,2,-0.1073,-0.021100000000000008,-0.1537
3,disgust,2,1,0.12250000000000005,0.004799999999999971,0.11449999999999999
3,disgust,2,1,0.09570000000000001,0.010799999999999976,0.1099
3,disgust,2,2,0.19800000000000006,0.007900000000000018,0.11049999999999999
3,disgust,2,2,0.17120000000000002,0.013900000000000023,0.1059
3,fearful,1,1,0.33910000000000007,0.31339999999999996,0.2567
3,fearful,1,1,0.3143000000000001,0.25289999999999996,0.2264
3,fearful,1,2,0.3457,0.1179,0.2615
3,fearful,1,2,0.3209,0.05740000000000001,0.23120000000000002
3,fearful,2,1,0.36210000000000003,0.2319,0.28269999999999995
3,fearful,2,1,0.3488,0.23459999999999998,0.26369999999999993
3,fearful,2,2,0.342,0.1753,0.27470000000000006
3,fearful,2,2,0.3287,0.178,0.25570000000000004
3,happy,1,1,0.037900000000000045,-0.24329999999999996,0.05480000000000007
3,happy,1,1,0.11560000000000004,-0.021899999999999975,0.121
3,happy,1,2,0.04239999999999999,-0.24839999999999995,0.040000000000000036
3,happy,1,2,0.12009999999999998,-0.02699999999999997,0.10619999999999996
3,happy,2,1,0.3106,0.25520000000000004,0.19840000000000002
3,happy,2,1,0.35530000000000006,0.3301,0.24140000000000006
3,happy,2,2,0.13979999999999992,-0.13539999999999996,0.09039999999999992
3,happy,2,2,0.1845,-0.0605,0.13339999999999996
3,sad,1,1,0.3628,0.30650000000000005,0.2131
3,sad,1,1,0.3372,0.31390000000000007,0.20070000000000005
3,sad,1,2,0.38270000000000004,0.10220000000000001,0.21959999999999996
3,sad,1,2,0.35710000000000003,0.10960000000000003,0.2072
3,sad,2,1,0.37060000000000004,0.1638,0.23209999999999997
3,sad,2,1,0.3651000000000001,0.17629999999999998,0.23059999999999997
3,sad,2,2,0.4485,0.3864,0.32109999999999994
3,sad,2,2,0.44300000000000006,0.39890000000000003,0.31959999999999994
3,surprised,1,1,0.06640000000000001,0.01529999999999998,0.04060000000000008
3,surprised,1,1,-0.021600000000000064,-0.05499999999999999,0.0039000000000000146
3,surprised,1,2,0.18790000000000007,0.11299999999999999,0.14560000000000006
3,surprised,1,2,0.09989999999999999,0.042700000000000016,0.1089
3,surprised,2,1,0.25010000000000004,0.07729999999999998,0.18490000000000006
3,surprised,2,1,0.08600000000000008,-0.056499999999999995,0.042100000000000026
3,surprised,2,2,0.12869999999999998,-0.0014000000000000123,0.12130000000000007
3,surprised,2,2,-0.03539999999999999,-0.1352,-0.021499999999999964
4,angry,1,1,0.23509999999999998,-0.05779999999999996,0.17820000000000003
4,angry,1,1,0.1885,-0.12109999999999999,0.15849999999999997
4,angry,1,2,0.1785,0.0022000000000000353,0.12419999999999998
4,angry,1,2,0.13190000000000002,-0.06109999999999999,0.10449999999999993
4,angry,2,1,0.18680000000000008,-0.08200000000000002,0.16310000000000002
4,angry,2,1,0.2609,-0.08310000000000001,0.21430000000000005
4,angry,2,2,0.15960000000000008,-0.09820000000000001,0.134
4,angry,2,2,0.23370000000000002,-0.0993,0.18520000000000003
4,calm,1,1,-0.0567,-0.0761,-0.061
4,calm,1,1,-0.08449999999999999,-0.09999999999999998,-0.07269999999999999
4,calm,1,2,-0.096,-0.09180000000000002,-0.07730000000000004
4,calm,1,2,-0.1238,-0.1157,-0.08900000000000002
4,calm,2,1,-0.0388,-0.010599999999999998,-0.035699999999999954
4,calm,2,1,-0.008400000000000019,-0.01739999999999997,-0.00029999999999996696
4,calm,2,2,-0.0363,-0.06930000000000003,-0.023299999999999987
4,calm,2,2,-0.005900000000000016,-0.0761,0.0121
4,disgust,1,1,0.09309999999999996,0.04799999999999999,0.05359999999999998
4,disgust,1,1,0.06299999999999994,-0.02310000000000001,0.05890000000000006
4,disgust,1,2,0.034499999999999975,0.06309999999999999,0.0030999999999999917
4,disgust,1,2,0.0043999999999999595,-0.008000000000000007,0.008400000000000074
4,disgust,2,1,-0.058800000000000074,0.03150000000000003,-0.06900000000000006
4,disgust,2,1,-0.0988,-0.011099999999999999,-0.08030000000000004
4,disgust,2,2,0.10829999999999995,0.0499,0.08850000000000002
4,disgust,2,2,0.06830000000000003,0.007299999999999973,0.07720000000000005
4,fearful,1,1,0.26619999999999994,-0.11410000000000003,0.20540000000000003
4,fearful,1,1,0.1261,-0.14030000000000004,0.0595
4,fearful,1,2,0.30160000000000003,-0.07640000000000002,0.27049999999999996
4,fearful,1,2,0.1615000000000001,-0.10260000000000002,0.12459999999999993
4,fearful,2,1,0.21230000000000004,-0.010699999999999987,0.20040000000000002
4,fearful,2,1,0.2430000000000001,0.0050000000000000044,0.2240000000000001
4,fearful,2,2,0.19069999999999998,-0.03160000000000002,0.16889999999999994
4,fearful,2,2,0.22140000000000004,-0.015900000000000025,0.1925
4,happy,1,1,0.19610000000000005,-0.011800000000000033,0.12140000000000001
4,happy,1,1,0.11960000000000004,0.006299999999999972,0.07889999999999997
4,happy,1,2,0.19510000000000005,-0.014300000000000035,0.1305
4,happy,1,2,0.11860000000000004,0.00379999999999997,0.08799999999999997
4,happy,2,1,0.22759999999999997,-0.028799999999999992,0.1926
4,happy,2,1,0.1916,-0.07239999999999996,0.15180000000000005
4,happy,2,2,0.27430000000000004,-0.009800000000000031,0.21509999999999996
4,happy,2,2,0.23830000000000007,-0.0534,0.1743
4,sad,1,1,0.34079999999999994,0.0847,0.2257
4,sad,1,1,0.23139999999999994,-0.020799999999999985,0.1355
4,sad,1,2,0.3484,0.0368,0.2086
4,sad,1,2,0.239,-0.06869999999999998,0.1184
4,sad,2,1,0.278,-0.03610000000000002,0.2149000000000001
4,sad,2,1,0.2269,-0.03420000000000001,0.1857000000000001
4,sad,2,2,0.26139999999999997,-0.027400000000000035,0.1875
4,sad,2,2,0.21029999999999993,-0.025500000000000023,0.1583
4,surprised,1,1,0.15250000000000008,-0.012799999999999978,0.12330000000000008
4,surprised,1,1,0.07490000000000008,-0.013500000000000012,0.058800000000000074
4,surprised,1,2,0.16590000000000005,-0.018199999999999994,0.15280000000000005
4,surprised,1,2,0.08830000000000005,-0.018900000000000028,0.08830000000000005
4,surprised,2,1,0.05999999999999994,0.035999999999999976,0.02190000000000003
4,surprised,2,1,0.12219999999999998,0.01529999999999998,0.09199999999999997
4,surprised,2,2,0.09209999999999996,-0.03720000000000001,0.053100000000000036
4,surprised,2,2,0.1543,-0.05790000000000001,0.12319999999999998
5,angry,1,1,0.17010000000000003,-0.1547,0.1279
5,angry,1,1,0.15880000000000005,-0.04099999999999998,0.09619999999999995
5,angry,1,2,0.17859999999999998,-0.20940000000000003,0.13429999999999997
5,angry,1,2,0.1673,-0.09570000000000001,0.10259999999999991
5,angry,2,1,0.5299,-0.027700000000000002,0.3728
5,angry,2,1,0.35600000000000004,-0.056400000000000006,0.20699999999999996
5,angry,2,2,0.5318,-0.089,0.38029999999999997
5,angry,2,2,0.35790000000000005,-0.1177,0.2144999999999999
5,calm,1,1,0.010399999999999993,-0.025999999999999968,0.0013000000000000234
5,calm,1,1,0.0524,-0.018100000000000005,0.03520000000000001
5,calm,1,2,-0.06040000000000001,-0.0033999999999999586,-0.058499999999999996
5,calm,1,2,-0.0184,0.004500000000000004,-0.02460000000000001
5,calm,2,1,-0.0519,-0.05469999999999997,-0.04910000000000003
5,calm,2,1,-0.09770000000000001,-0.04109999999999997,-0.10220000000000001
5,calm,2,2,-0.0683,-0.046599999999999975,-0.05910000000000004
5,calm,2,2,-0.11410000000000001,-0.032999999999999974,-0.11220000000000002
5,disgust,1,1,0.17460000000000003,-0.06039999999999998,0.16150000000000003
5,disgust,1,1,0.10820000000000002,-0.039199999999999985,0.11110000000000003
5,disgust,1,2,0.19180000000000003,-0.036599999999999966,0.15519999999999995
5,disgust,1,2,0.1254,-0.01539999999999997,0.10479999999999995
5,disgust,2,1,0.137,-0.025599999999999984,0.08519999999999994
5,disgust,2,1,0.08450000000000002,-0.03409999999999999,0.05719999999999997
5,disgust,2,2,0.17070000000000002,-0.04279999999999998,0.1612
5,disgust,2,2,0.11820000000000003,-0.051299999999999985,0.13320000000000004
5,fearful,1,1,0.2856,-0.053300000000000014,0.21380000000000005
5,fearful,1,1,0.2138,-0.024499999999999966,0.13840000000000008
5,fearful,1,2,0.3179,0.0348,0.2727
5,fearful,1,2,0.24609999999999999,0.06360000000000005,0.19730000000000003
5,fearful,2,1,0.2748,-0.10220000000000001,0.14870000000000005
5,fearful,2,1,0.1271,-0.044800000000000006,0.04870000000000008
5,fearful,2,2,0.2769,-0.059699999999999975,0.13129999999999997
5,fearful,2,2,0.12919999999999998,-0.0022999999999999687,0.031299999999999994
5,happy,1,1,0.0711,-0.023899999999999977,0.01090000000000002
5,happy,1,1,0.06969999999999998,-0.12030000000000002,0.030500000000000027
5,happy,1,2,0.3408,0.06020000000000003,0.23659999999999998
5,happy,1,2,0.3394,-0.03620000000000001,0.2562
5,happy,2,1,0.23579999999999995,0.0237,0.1663
5,happy,2,1,0.1533,-0.018299999999999983,0.07569999999999999
5,happy,2,2,0.23520000000000002,-0.030500000000000027,0.13529999999999998
5,happy,2,2,0.15270000000000006,-0.07250000000000001,0.04469999999999996
5,sad,1,1,0.0769,0.0635,0.002599999999999991
5,sad,1,1,0.060200000000000004,0.04780000000000001,0.023900000000000032
5,sad,1,2,0.03109999999999999,0.0474,-0.013800000000000034
5,sad,1,2,0.014399999999999996,0.031700000000000006,0.007500000000000007
5,sad,2,1,-0.06959999999999997,-0.006699999999999984,-0.09010000000000001
5,sad,2,1,0.00470000000000001,0.059099999999999986,-0.02679999999999999
5,sad,2,2,0.00930000000000003,0.04400000000000004,-0.033299999999999996
5,sad,2,2,0.08360000000000001,0.10980000000000001,0.030000000000000027
5,surprised,1,1,-9.999999999998899e-05,-0.029299999999999993,-0.0021999999999999797
5,surprised,1,1,-0.01759999999999995,-0.055499999999999994,-0.019399999999999973
5,surprised,1,2,0.07689999999999997,-0.031799999999999995,0.06789999999999996
5,surprised,1,2,0.05940000000000001,-0.057999999999999996,0.05069999999999997
5,surprised,2,1,-0.025999999999999912,-0.14279999999999998,-0.00660000000000005
5,surprised,2,1,0.11180000000000007,-0.03019999999999995,0.15219999999999995
5,surprised,2,2,-0.08439999999999992,-0.1254,-0.07440000000000002
5,surprised,2,2,0.05340000000000006,-0.012799999999999978,0.08439999999999998
6,angry,1,1,0.3063999999999999,-0.0338,0.21940000000000004
6,angry,1,1,0.2135999999999999,-0.044399999999999995,0.13349999999999995
6,angry,1,2,0.35609999999999997,-0.0615,0.2649
6,angry,1,2,0.2633,-0.0721,0.17899999999999994
6,angry,2,1,0.34330000000000005,-0.027599999999999958,0.25980000000000003
6,angry,2,1,0.2962,-0.06259999999999999,0.23239999999999994
6,angry,2,2,0.3386,-0.11439999999999997,0.26380000000000003
6,angry,2,2,0.2915,-0.1494,0.23639999999999994
6,calm,1,1,-0.00410000000000002,0.03279999999999997,0.007599999999999996
6,calm,1,1,-0.010099999999999998,0.009699999999999986,0.004599999999999993
6,calm,1,2,-0.003700000000000009,0.025300000000000017,0.016199999999999992
6,calm,1,2,-0.009699999999999986,0.0022000000000000353,0.01319999999999999
6,calm,2,1,0.007200000000000012,0.04299999999999998,0.022800000000000042
6,calm,2,1,-0.011099999999999999,0.007900000000000018,-0.008199999999999985
6,calm,2,2,-0.025499999999999995,0.027599999999999958,-0.0030999999999999917
6,calm,2,2,-0.043800000000000006,-0.007500000000000007,-0.03410000000000002
6,disgust,1,1,0.2663,0.055900000000000005,0.13209999999999994
6,disgust,1,1,0.29529999999999995,0.07270000000000001,0.16069999999999995
6,disgust,1,2,0.17880000000000007,0.08909999999999998,0.10969999999999996
6,disgust,1,2,0.20780000000000004,0.1059,0.13829999999999998
6,disgust,2,1,0.25329999999999997,-0.014700000000000019,0.29479999999999995
6,disgust,2,1,0.3086,0.025499999999999995,0.3188
6,disgust,2,2,0.22450000000000003,-0.03810000000000002,0.2046
6,disgust,2,2,0.27980000000000005,0.0020999999999999908,0.22860000000000003
6,fearful,1,1,0.27269999999999994,0.015600000000000003,0.20620000000000005
6,fearful,1,1,0.20589999999999997,-0.00020000000000003348,0.17560000000000003
6,fearful,1,2,0.31709999999999994,-0.011099999999999999,0.24650000000000005
6,fearful,1,2,0.25029999999999997,-0.026900000000000035,0.21590000000000004
6,fearful,2,1,0.31930000000000003,-0.02410000000000001,0.2794
6,fearful,2,1,0.26060000000000005,-0.03919999999999996,0.21229999999999993
6,fearful,2,2,0.24429999999999996,0.07299999999999995,0.20800000000000007
6,fearful,2,2,0.1856,0.05790000000000001,0.14090000000000003
6,happy,1,1,0.4031,0.12519999999999998,0.33799999999999997
6,happy,1,1,0.2862,0.06819999999999998,0.245
6,happy,1,2,0.39390000000000003,-0.032299999999999995,0.3174
6,happy,1,2,0.277,-0.08929999999999999,0.22440000000000004
6,happy,2,1,0.3641,-0.00830000000000003,0.31289999999999996
6,happy,2,1,0.36069999999999997,-0.0338,0.3014
6,happy,2,2,0.32110000000000005,-0.05890000000000001,0.26180000000000003
6,happy,2,2,0.31770000000000004,-0.08439999999999998,0.2503000000000001
6,sad,1,1,0.5059,0.25989999999999996,0.3504
6,sad,1,1,0.4904,0.24429999999999996,0.3403
6,sad,1,2,0.2333,0.057499999999999996,0.06819999999999998
6,sad,1,2,0.2178,0.04189999999999999,0.058099999999999985
6,sad,2,1,0.3371,0.3057,0.17339999999999994
6,sad,2,1,0.3241,0.30500000000000005,0.16019999999999995
6,sad,2,2,0.19669999999999999,0.07669999999999999,0.13109999999999994
6,sad,2,2,0.18369999999999997,0.07600000000000001,0.11789999999999995
6,surprised,1,1,0.04269999999999996,0.07,0.0252
6,surprised,1,1,0.03290000000000004,0.0012999999999999678,0.009199999999999986
6,surprised,1,2,0.2637999999999999,0.039000000000000035,0.24070000000000003
6,surprised,1,2,0.254,-0.029700000000000004,0.2247
6,surprised,2,1,0.18630000000000002,-0.0262,0.17010000000000003
6,surprised,2,1,0.19589999999999996,-0.05609999999999998,0.1773
6,surprised,2,2,0.15960000000000008,-0.0005000000000000004,0.1301
6,surprised,2,2,0.16920000000000002,-0.030399999999999983,0.13729999999999998
7,angry,1,1,0.19180000000000008,-0.047099999999999975,0.13090000000000002
7,angry,1,1,0.0393,0.026500000000000024,0.0232
7,angry,1,2,0.21400000000000008,-0.06,0.1614
7,angry,1,2,0.0615,0.013600000000000001,0.05369999999999997
7,angry,2,1,0.3723,-0.046999999999999986,0.2517999999999999
7,angry,2,1,0.23650000000000004,-0.06290000000000001,0.1583
7,angry,2,2,0.35259999999999997,-0.11270000000000002,0.24639999999999995
7,angry,2,2,0.2168,-0.12860000000000005,0.15290000000000004
7,calm,1,1,-0.0703,-0.1124,-0.04410000000000003
7,calm,1,1,-0.05300000000000002,-0.05049999999999999,-0.05760000000000004
7,calm,1,2,-0.042899999999999994,-0.07080000000000003,-0.015900000000000025
7,calm,1,2,-0.02560000000000001,-0.008900000000000019,-0.029400000000000037
7,calm,2,1,-0.05260000000000001,-0.08739999999999998,-0.006099999999999994
7,calm,2,1,-0.07570000000000002,-0.06640000000000001,-0.02090000000000003
7,calm,2,2,-0.08510000000000001,-0.09199999999999997,-0.048199999999999965
7,calm,2,2,-0.10820000000000002,-0.07100000000000001,-0.063
7,disgust,1,1,0.25529999999999997,-0.02679999999999999,0.22029999999999994
7,disgust,1,1,0.33349999999999996,-0.0126,0.28209999999999996
7,disgust,1,2,0.2146,0.013000000000000012,0.1975
7,disgust,1,2,0.2928,0.027200000000000002,0.25930000000000003
7,disgust,2,1,0.13369999999999999,-0.04199999999999998,0.1527
7,disgust,2,1,0.0736,-0.03689999999999999,0.09970000000000001
7,disgust,2,2,0.1305,-0.10299999999999998,0.16460000000000002
7,disgust,2,2,0.07040000000000002,-0.09789999999999999,0.11160000000000003
7,fearful,1,1,0.3074,-0.01529999999999998,0.26399999999999996
7,fearful,1,1,0.2691,-0.061,0.24299999999999994
7,fearful,1,2,0.19389999999999996,0.010300000000000031,0.1256
7,fearful,1,2,0.15559999999999996,-0.03539999999999999,0.10459999999999997
7,fearful,2,1,0.4531,-0.01429999999999998,0.3946
7,fearful,2,1,0.4098,-0.06419999999999998,0.34790000000000004
7,fearful,2,2,0.42060000000000003,0.030600000000000016,0.36279999999999996
7,fearful,2,2,0.3773,-0.019299999999999984,0.3161
7,happy,1,1,0.20599999999999996,0.011299999999999977,0.1472
7,happy,1,1,0.14239999999999997,0.011299999999999977,0.12309999999999999
7,happy,1,2,0.28679999999999994,-0.0010000000000000009,0.2128
7,happy,1,2,0.22319999999999995,-0.0010000000000000009,0.18869999999999998
7,happy,2,1,0.12820000000000004,-0.07399999999999995,0.09970000000000001
7,happy,2,1,0.12820000000000004,-0.07399999999999995,0.09970000000000001
7,happy,2,2,0.2,-0.09219999999999995,0.15169999999999995
7,happy,2,2,0.2,-0.09219999999999995,0.15169999999999995
7,sad,1,1,0.011099999999999999,-0.007699999999999985,-0.02789999999999998
7,sad,1,1,0.05930000000000002,0.04770000000000002,0.006699999999999984
7,sad,1,2,0.03939999999999999,-0.05119999999999997,0.00830000000000003
7,sad,1,2,0.08760000000000001,0.004200000000000037,0.042899999999999994
7,sad,2,1,0.22299999999999998,0.18130000000000002,0.13609999999999994
7,sad,2,1,0.11969999999999997,0.1587,0.05179999999999996
7,sad,2,2,0.1205,0.06819999999999998,0.07390000000000002
7,sad,2,2,0.017199999999999993,0.045599999999999974,-0.010399999999999965
7,surprised,1,1,0.07239999999999991,-0.05670000000000003,0.040100000000000025
7,surprised,1,1,0.04249999999999998,-0.054400000000000004,0.011500000000000066
7,surprised,1,2,-0.0046000000000000485,0.019100000000000006,-0.03420000000000001
7,surprised,1,2,-0.034499999999999975,0.02140000000000003,-0.06279999999999997
7,surprised,2,1,0.20109999999999995,-0.032200000000000006,0.11169999999999991
7,surprised,2,1,0.21540000000000004,0.026499999999999968,0.13339999999999996
7,surprised,2,2,0.07439999999999991,-0.042899999999999994,0.04369999999999996
7,surprised,2,2,0.0887,0.01579999999999998,0.06540000000000001
8,angry,1,1,0.17069999999999996,-0.1471,0.12680000000000002
8,angry,1,1,0.1664,-0.13990000000000002,0.11859999999999993
8,angry,1,2,0.2148,-0.07989999999999997,0.13940000000000008
8,angry,1,2,0.21050000000000002,-0.07269999999999999,0.13119999999999998
8,angry,2,1,0.21390000000000003,0.0007000000000000339,0.15079999999999993
8,angry,2,1,0.14890000000000003,0.018000000000000016,0.09689999999999999
8,angry,2,2,0.26809999999999995,0.013400000000000023,0.19979999999999998
8,angry,2,2,0.20309999999999995,0.030700000000000005,0.14590000000000003
8,calm,1,1,-0.032799999999999996,-0.046099999999999974,-0.027500000000000024
8,calm,1,1,-0.049500000000000016,-0.05459999999999998,-0.030000000000000027
8,calm,1,2,0.0020000000000000018,-0.042200000000000015,0.003500000000000003
8,calm,1,2,-0.014700000000000019,-0.05070000000000002,0.0010000000000000009
8,calm,2,1,-0.040600000000000025,-0.0479,-0.032399999999999984
8,calm,2,1,-0.0232,-0.047099999999999975,-0.01739999999999997
8,calm,2,2,-0.05390000000000003,-0.030600000000000016,-0.04799999999999999
8,calm,2,2,-0.036500000000000005,-0.029799999999999993,-0.032999999999999974
8,disgust,1,1,0.0509,-0.08900000000000002,0.019100000000000006
8,disgust,1,1,0.031799999999999995,-0.07879999999999998,0.014500000000000013
8,disgust,1,2,0.039500000000000035,-0.03810000000000002,0.019199999999999995
8,disgust,1,2,0.02040000000000003,-0.02789999999999998,0.014600000000000002
8,disgust,2,1,0.05990000000000001,-0.01469999999999999,0.08359999999999995
8,disgust,2,1,0.006900000000000017,-0.027600000000000013,0.019199999999999995
8,disgust,2,2,0.12490000000000001,0.0131,0.12459999999999999
8,disgust,2,2,0.07190000000000002,0.00019999999999997797,0.06020000000000003
8,fearful,1,1,0.201,-0.12470000000000003,0.13330000000000003
8,fearful,1,1,0.22039999999999998,-0.0842,0.12490000000000001
8,fearful,1,2,0.22759999999999997,-0.04750000000000004,0.1456
8,fearful,1,2,0.24699999999999994,-0.007000000000000006,0.1372
8,fearful,2,1,0.22510000000000002,-0.0353,0.14190000000000003
8,fearful,2,1,0.17759999999999998,0.030000000000000027,0.10350000000000004
8,fearful,2,2,0.24010000000000004,-0.0938,0.16580000000000006
8,fearful,2,2,0.1926,-0.02849999999999997,0.12740000000000007
8,happy,1,1,0.12960000000000005,0.06340000000000007,0.0721
8,happy,1,1,0.18210000000000004,0.06940000000000007,0.121
8,happy,1,2,0.0897,0.05410000000000004,0.051499999999999935
8,happy,1,2,0.1422,0.06010000000000004,0.10039999999999993
8,happy,2,1,0.2202,0.07369999999999999,0.1471
8,happy,2,1,0.18830000000000002,0.04309999999999997,0.12070000000000003
8,happy,2,2,0.16309999999999997,0.055300000000000016,0.09849999999999992
8,happy,2,2,0.13119999999999998,0.0247,0.07209999999999994
8,sad,1,1,0.0484,0.03860000000000002,0.027100000000000013
8,sad,1,1,0.0257,0.007900000000000018,-0.018799999999999983
8,sad,1,2,0.027900000000000008,-0.05469999999999997,-0.0116
8,sad,1,2,0.00520000000000001,-0.08539999999999998,-0.057499999999999996
8,sad,2,1,0.05240000000000003,0.011199999999999988,0.025399999999999978
8,sad,2,1,0.08360000000000004,0.026500000000000024,0.03919999999999996
8,sad,2,2,0.021100000000000008,-0.014900000000000024,-0.02260000000000001
8,sad,2,2,0.05230000000000001,0.00040000000000001146,-0.00880000000000003
8,surprised,1,1,0.21190000000000003,0.05890000000000001,0.18070000000000003
8,surprised,1,1,0.185,0.009699999999999986,0.13090000000000002
8,surprised,1,2,0.11210000000000003,0.055800000000000016,0.10239999999999999
8,surprised,1,2,0.0852,0.006599999999999995,0.05259999999999998
8,surprised,2,1,0.14019999999999994,-0.05120000000000002,0.14749999999999996
8,surprised,2,1,0.12069999999999992,-0.0816,0.11240000000000006
8,surprised,2,2,0.04560000000000003,-0.02410000000000001,0.025899999999999923
8,surprised,2,2,0.026100000000000012,-0.05449999999999999,-0.009199999999999986
9,angry,1,1,0.6299,-0.04469999999999999,0.5141
9,angry,1,1,0.4881,-0.04219999999999999,0.3885
9,angry,1,2,0.6182000000000001,-0.043899999999999995,0.5051
9,angry,1,2,0.47640000000000005,-0.04139999999999999,0.3795
9,angry,2,1,0.4911,-0.10930000000000001,0.4292
9,angry,2,1,0.4581,-0.126,0.37570000000000003
9,angry,2,2,0.49729999999999996,-0.17970000000000003,0.4403
9,angry,2,2,0.4643,-0.19640000000000002,0.38680000000000003
9,calm,1,1,-0.0493,-0.03059999999999996,-0.044899999999999995
9,calm,1,1,-0.0316,-0.01599999999999996,-0.026600000000000013
9,calm,1,2,-0.07440000000000001,-0.06569999999999998,-0.0744
9,calm,1,2,-0.056700000000000014,-0.05109999999999998,-0.05610000000000001
9,calm,2,1,0.006399999999999989,0.039600000000000024,0.04059999999999997
9,calm,2,1,0.03,0.016100000000000003,0.034399999999999986
9,calm,2,2,0.03509999999999999,0.07179999999999997,0.05130000000000001
9,calm,2,2,0.0587,0.048299999999999954,0.04510000000000003
9,disgust,1,1,0.04099999999999998,-0.06840000000000002,0.05559999999999998
9,disgust,1,1,0.08250000000000002,-0.02240000000000003,0.07940000000000003
9,disgust,1,2,-0.043200000000000016,-0.07400000000000001,-0.06800000000000003
9,disgust,1,2,-0.0016999999999999793,-0.028000000000000025,-0.04419999999999999
9,disgust,2,1,0.026100000000000012,-0.1164,-0.02260000000000001
9,disgust,2,1,0.015600000000000003,-0.0625,-0.024300000000000044
9,disgust,2,2,0.08510000000000001,-0.018199999999999994,0.05099999999999999
9,disgust,2,2,0.0746,0.03570000000000001,0.049299999999999955
9,fearful,1,1,0.3953,0.3000999999999999,0.19779999999999998
9,fearful,1,1,0.36679999999999996,0.36249999999999993,0.1825
9,fearful,1,2,0.1425,-0.06270000000000003,0.06990000000000002
9,fearful,1,2,0.11399999999999999,-0.00030000000000002247,0.05460000000000004
9,fearful,2,1,0.4141,0.015900000000000025,0.23220000000000002
9,fearful,2,1,0.37600000000000006,-0.018799999999999983,0.20740000000000003
9,fearful,2,2,0.5147999999999999,0.3811,0.3182
9,fearful,2,2,0.47669999999999996,0.3464,0.2934
9,happy,1,1,0.37670000000000003,-0.06269999999999998,0.2993
9,happy,1,1,0.3442,0.17769999999999997,0.2577
9,happy,1,2,0.41100000000000003,0.17680000000000007,0.2965
9,happy,1,2,0.3785,0.4172,0.25489999999999996
9,happy,2,1,0.41709999999999997,0.0358,0.3049
9,happy,2,1,0.39549999999999996,0.010000000000000009,0.3211
9,happy,2,2,0.3703,0.3403,0.2494
9,happy,2,2,0.3487,0.3145,0.2656
9,sad,1,1,0.2351,0.2719,0.11130000000000001
9,sad,1,1,0.2845,0.3188,0.1627
9,sad,1,2,0.21309999999999998,0.18229999999999996,0.044399999999999995
9,sad,1,2,0.26249999999999996,0.22919999999999996,0.0958
9,sad,2,1,0.16820000000000002,0.13680000000000003,0.042899999999999994
9,sad,2,1,0.19450000000000003,0.1609,0.0499
9,sad,2,2,0.2878,0.3276,0.1335
9,sad,2,2,0.31410000000000005,0.35169999999999996,0.1405
9,surprised,1,1,0.1649,0.013200000000000045,0.12869999999999998
9,surprised,1,1,0.14649999999999996,0.006000000000000005,0.12059999999999998
9,surprised,1,2,0.08979999999999999,0.028100000000000014,0.06690000000000002
9,surprised,1,2,0.07139999999999996,0.020899999999999974,0.05880000000000002
9,surprised,2,1,0.054200000000000026,0.004799999999999971,0.027200000000000002
9,surprised,2,1,0.028900000000000037,-0.02939999999999998,0.011699999999999988
9,surprised,2,2,0.07269999999999999,0.021599999999999953,0.055999999999999994
9,surprised,2,2,0.0474,-0.0126,0.04049999999999998
