Filename,EmoAct,EmoVal,EmoDom,EmoClass,Intensity,SpkrID,Take,Sentence
03-01-05-01-01-01-01.wav,0.6239,0.3909,0.6808,angry,normal,01,01,01
03-01-05-01-01-02-01.wav,0.5908,0.3788,0.6489,angry,normal,01,02,01
03-01-05-02-01-01-01.wav,0.8446,0.3037,0.8192,angry,strong,01,01,01
03-01-05-02-01-02-01.wav,0.7765,0.3134,0.7697,angry,strong,01,02,01
03-01-05-01-02-01-01.wav,0.4656,0.4528,0.5137,angry,normal,01,01,02
03-01-05-01-02-02-01.wav,0.4748,0.4235,0.5565,angry,normal,01,02,02
03-01-05-02-02-01-01.wav,0.8209,0.3332,0.8089,angry,strong,01,01,02
03-01-05-02-02-02-01.wav,0.8687,0.3094,0.8471,angry,strong,01,02,02
03-01-02-01-01-01-01.wav,0.2601,0.3169,0.3777,calm,normal,01,01,01
03-01-02-01-01-02-01.wav,0.2438,0.3389,0.3558,calm,normal,01,02,01
03-01-02-02-01-01-01.wav,0.178,0.2937,0.3072,calm,strong,01,01,01
03-01-02-02-01-02-01.wav,0.1929,0.312,0.3084,calm,strong,01,02,01
03-01-02-01-02-01-01.wav,0.2275,0.3581,0.3494,calm,normal,01,01,02
03-01-02-01-02-02-01.wav,0.236,0.3522,0.3538,calm,normal,01,02,02
03-01-02-02-02-01-01.wav,0.2012,0.3084,0.3089,calm,strong,01,01,02
03-01-02-02-02-02-01.wav,0.1776,0.3133,0.2915,calm,strong,01,02,02
03-01-07-01-01-01-01.wav,0.2628,0.2399,0.3403,disgust,normal,01,01,01
03-01-07-01-01-02-01.wav,0.3278,0.2612,0.3999,disgust,normal,01,02,01
03-01-07-02-01-01-01.wav,0.5801,0.2882,0.61,disgust,strong,01,01,01
03-01-07-02-01-02-01.wav,0.5169,0.333,0.5213,disgust,strong,01,02,01
03-01-07-01-02-01-01.wav,0.2526,0.2544,0.3146,disgust,normal,01,01,02
03-01-07-01-02-02-01.wav,0.2539,0.2922,0.3335,disgust,normal,01,02,02
03-01-07-02-02-01-01.wav,0.4024,0.2485,0.4381,disgust,strong,01,01,02
03-01-07-02-02-02-01.wav,0.5397,0.3138,0.5479,disgust,strong,01,02,02
03-01-06-01-01-01-01.wav,0.3441,0.3538,0.3724,fearful,normal,01,01,01
03-01-06-01-01-02-01.wav,0.3417,0.3707,0.3971,fearful,normal,01,02,01
03-01-06-02-01-01-01.wav,0.5325,0.2403,0.4217,fearful,strong,01,01,01
03-01-06-02-01-02-01.wav,0.565,0.3332,0.4818,fearful,strong,01,02,01
03-01-06-01-02-01-01.wav,0.3047,0.3547,0.3857,fearful,normal,01,01,02
03-01-06-01-02-02-01.wav,0.2174,0.2938,0.2988,fearful,normal,01,02,02
03-01-06-02-02-01-01.wav,0.6618,0.3547,0.6188,fearful,strong,01,01,02
03-01-06-02-02-02-01.wav,0.6717,0.3441,0.5615,fearful,strong,01,02,02
03-01-03-01-01-01-01.wav,0.3672,0.3691,0.4375,happy,normal,01,01,01
03-01-03-01-01-02-01.wav,0.3772,0.3788,0.4381,happy,normal,01,02,01
03-01-03-02-01-01-01.wav,0.4143,0.3526,0.4786,happy,strong,01,01,01
03-01-03-02-01-02-01.wav,0.4013,0.3818,0.4373,happy,strong,01,02,01
03-01-03-01-02-01-01.wav,0.3869,0.4418,0.4515,happy,normal,01,01,02
03-01-03-01-02-02-01.wav,0.3485,0.3829,0.4372,happy,normal,01,02,02
03-01-03-02-02-01-01.wav,0.4748,0.3858,0.5311,happy,strong,01,01,02
03-01-03-02-02-02-01.wav,0.5342,0.4151,0.5724,happy,strong,01,02,02
03-01-04-01-01-01-01.wav,0.2532,0.361,0.3394,sad,normal,01,01,01
03-01-04-01-01-02-01.wav,0.2204,0.2854,0.3411,sad,normal,01,02,01
03-01-04-02-01-01-01.wav,0.2515,0.3561,0.3302,sad,strong,01,01,01
03-01-04-02-01-02-01.wav,0.324,0.3566,0.3774,sad,strong,01,02,01
03-01-04-01-02-01-01.wav,0.2719,0.373,0.3633,sad,normal,01,01,02
03-01-04-01-02-02-01.wav,0.2626,0.3887,0.3624,sad,normal,01,02,02
03-01-04-02-02-01-01.wav,0.3514,0.4167,0.4087,sad,strong,01,01,02
03-01-04-02-02-02-01.wav,0.3756,0.4189,0.4233,sad,strong,01,02,02
03-01-08-01-01-01-01.wav,0.39,0.4046,0.4526,surprised,normal,01,01,01
03-01-08-01-01-02-01.wav,0.3299,0.392,0.3882,surprised,normal,01,02,01
03-01-08-02-01-01-01.wav,0.5319,0.4171,0.5636,surprised,strong,01,01,01
03-01-08-02-01-02-01.wav,0.5456,0.4091,0.5851,surprised,strong,01,02,01
03-01-08-01-02-01-01.wav,0.2828,0.3572,0.3731,surprised,normal,01,01,02
03-01-08-01-02-02-01.wav,0.4466,0.4011,0.512,surprised,normal,01,02,02
03-01-08-02-02-01-01.wav,0.4507,0.3958,0.4922,surprised,strong,01,01,02
03-01-08-02-02-02-01.wav,0.6147,0.4724,0.6315,surprised,strong,01,02,02
03-01-05-01-01-01-02.wav,0.5201,0.3733,0.6097,angry,normal,02,01,01
03-01-05-01-01-02-02.wav,0.5102,0.3452,0.5709,angry,normal,02,02,01
03-01-05-02-01-01-02.wav,0.7636,0.3167,0.8061,angry,strong,02,01,01
03-01-05-02-01-02-02.wav,0.7155,0.3185,0.7686,angry,strong,02,02,01
03-01-05-01-02-01-02.wav,0.487,0.3966,0.5785,angry,normal,02,01,02
03-01-05-01-02-02-02.wav,0.476,0.366,0.5572,angry,normal,02,02,02
03-01-05-02-02-01-02.wav,0.8136,0.3319,0.8538,angry,strong,02,01,02
03-01-05-02-02-02-02.wav,0.7829,0.3588,0.8269,angry,strong,02,02,02
03-01-02-01-01-01-02.wav,0.3313,0.4618,0.4057,calm,normal,02,01,01
03-01-02-01-01-02-02.wav,0.3144,0.4288,0.3929,calm,normal,02,02,01
03-01-02-02-01-01-02.wav,0.2931,0.4276,0.383,calm,strong,02,01,01
03-01-02-02-01-02-02.wav,0.296,0.3946,0.3873,calm,strong,02,02,01
03-01-02-01-02-01-02.wav,0.3135,0.4018,0.3941,calm,normal,02,01,02
03-01-02-01-02-02-02.wav,0.3254,0.4224,0.4068,calm,normal,02,02,02
03-01-02-02-02-01-02.wav,0.271,0.3761,0.3638,calm,strong,02,01,02
03-01-02-02-02-02-02.wav,0.2853,0.3779,0.3832,calm,strong,02,02,02
03-01-07-01-01-01-02.wav,0.3782,0.3148,0.456,disgust,normal,02,01,01
03-01-07-01-01-02-02.wav,0.3224,0.2831,0.4182,disgust,normal,02,02,01
03-01-07-02-01-01-02.wav,0.4953,0.3623,0.5584,disgust,strong,02,01,01
03-01-07-02-01-02-02.wav,0.4774,0.3256,0.5673,disgust,strong,02,02,01
03-01-07-01-02-01-02.wav,0.3809,0.3153,0.4808,disgust,normal,02,01,02
03-01-07-01-02-02-02.wav,0.3683,0.3228,0.4518,disgust,normal,02,02,02
03-01-07-02-02-01-02.wav,0.4621,0.3482,0.5377,disgust,strong,02,01,02
03-01-07-02-02-02-02.wav,0.4423,0.3542,0.5071,disgust,strong,02,02,02
03-01-06-01-01-01-02.wav,0.3929,0.3461,0.4213,fearful,normal,02,01,01
03-01-06-01-01-02-02.wav,0.4348,0.3685,0.4631,fearful,normal,02,02,01
03-01-06-02-01-01-02.wav,0.4721,0.3453,0.4427,fearful,strong,02,01,01
03-01-06-02-01-02-02.wav,0.6257,0.3799,0.5874,fearful,strong,02,02,01
03-01-06-01-02-01-02.wav,0.433,0.3746,0.4557,fearful,normal,02,01,02
03-01-06-01-02-02-02.wav,0.4445,0.32,0.4414,fearful,normal,02,02,02
03-01-06-02-02-01-02.wav,0.6442,0.4156,0.5972,fearful,strong,02,01,02
03-01-06-02-02-02-02.wav,0.5194,0.392,0.4855,fearful,strong,02,02,02
03-01-03-01-01-01-02.wav,0.4162,0.4513,0.4907,happy,normal,02,01,01
03-01-03-01-01-02-02.wav,0.4209,0.4688,0.4864,happy,normal,02,02,01
03-01-03-02-01-01-02.wav,0.624,0.5396,0.6276,happy,strong,02,01,01
03-01-03-02-01-02-02.wav,0.6639,0.6255,0.6635,happy,strong,02,02,01
03-01-03-01-02-01-02.wav,0.4105,0.4897,0.4698,happy,normal,02,01,02
03-01-03-01-02-02-02.wav,0.4011,0.4903,0.4649,happy,normal,02,02,02
03-01-03-02-02-01-02.wav,0.4956,0.4996,0.5399,happy,strong,02,01,02
03-01-03-02-02-02-02.wav,0.6161,0.5695,0.6255,happy,strong,02,02,02
03-01-04-01-01-01-02.wav,0.2898,0.2969,0.3642,sad,normal,02,01,01
03-01-04-01-01-02-02.wav,0.2857,0.2853,0.356,sad,normal,02,02,01
03-01-04-02-01-01-02.wav,0.3252,0.324,0.3594,sad,strong,02,01,01
03-01-04-02-01-02-02.wav,0.2729,0.248,0.3326,sad,strong,02,02,01
03-01-04-01-02-01-02.wav,0.2784,0.3475,0.3598,sad,normal,02,01,02
03-01-04-01-02-02-02.wav,0.2296,0.2909,0.315,sad,normal,02,02,02
03-01-04-02-02-01-02.wav,0.2827,0.304,0.3483,sad,strong,02,01,02
03-01-04-02-02-02-02.wav,0.2806,0.2794,0.3353,sad,strong,02,02,02
03-01-08-01-01-01-02.wav,0.5403,0.4823,0.5611,surprised,normal,02,01,01
03-01-08-01-01-02-02.wav,0.5418,0.5036,0.5607,surprised,normal,02,02,01
03-01-08-02-01-01-02.wav,0.6633,0.3999,0.6783,surprised,strong,02,01,01
03-01-08-02-01-02-02.wav,0.5975,0.4727,0.6206,surprised,strong,02,02,01
03-01-08-01-02-01-02.wav,0.5426,0.5031,0.578,surprised,normal,02,01,02
03-01-08-01-02-02-02.wav,0.5704,0.4934,0.6024,surprised,normal,02,02,02
03-01-08-02-02-01-02.wav,0.6485,0.4644,0.6667,surprised,strong,02,01,02
03-01-08-02-02-02-02.wav,0.6521,0.4607,0.6843,surprised,strong,02,02,02
03-01-05-01-01-01-03.wav,0.3219,0.2842,0.4649,angry,normal,03,01,01
03-01-05-01-01-02-03.wav,0.4893,0.2546,0.5958,angry,normal,03,02,01
03-01-05-02-01-01-03.wav,0.8444,0.2177,0.8416,angry,strong,03,01,01
03-01-05-02-01-02-03.wav,0.8331,0.2233,0.832,angry,strong,03,02,01
03-01-05-01-02-01-03.wav,0.4246,0.3267,0.5172,angry,normal,03,01,02
03-01-05-01-02-02-03.wav,0.4932,0.29,0.5695,angry,normal,03,02,02
03-01-05-02-02-01-03.wav,0.8633,0.1801,0.8504,angry,strong,03,01,02
03-01-05-02-02-02-03.wav,0.8854,0.2316,0.8726,angry,strong,03,02,02
03-01-02-01-01-01-03.wav,0.2748,0.3368,0.3851,calm,normal,03,01,01
03-01-02-01-01-02-03.wav,0.2623,0.3145,0.3791,calm,normal,03,02,01
03-01-02-02-01-01-03.wav,0.212,0.2186,0.3368,calm,strong,03,01,01
03-01-02-02-01-02-03.wav,0.2555,0.2826,0.3496,calm,strong,03,02,01
03-01-02-01-02-01-03.wav,0.231,0.2801,0.3383,calm,normal,03,01,02
03-01-02-01-02-02-03.wav,0.3129,0.3208,0.3831,calm,normal,03,02,02
03-01-02-02-02-01-03.wav,0.2769,0.2471,0.3692,calm,strong,03,01,02
03-01-02-02-02-02-03.wav,0.2549,0.2568,0.3572,calm,strong,03,02,02
03-01-07-01-01-01-03.wav,0.423,0.2604,0.4225,disgust,normal,03,01,01
03-01-07-01-01-02-03.wav,0.4234,0.219,0.516,disgust,normal,03,02,01
03-01-07-02-01-01-03.wav,0.3088,0.207,0.3391,disgust,strong,03,01,01
03-01-07-02-01-02-03.wav,0.3161,0.1979,0.3623,disgust,strong,03,02,01
03-01-07-01-02-01-03.wav,0.3853,0.2479,0.4288,disgust,normal,03,01,02
03-01-07-01-02-02-03.wav,0.4121,0.2419,0.4334,disgust,normal,03,02,02
03-01-07-02-02-01-03.wav,0.5078,0.2527,0.5433,disgust,strong,03,01,02
03-01-07-02-02-02-03.wav,0.5833,0.2558,0.5393,disgust,strong,03,02,02
03-01-06-01-01-01-03.wav,0.4477,0.327,0.428,fearful,normal,03,01,01
03-01-06-01-01-02-03.wav,0.4725,0.3875,0.4583,fearful,normal,03,02,01
03-01-06-02-01-01-03.wav,0.7868,0.6404,0.6847,fearful,strong,03,01,01
03-01-06-02-01-02-03.wav,0.7934,0.4449,0.6895,fearful,strong,03,02,01
03-01-06-01-02-01-03.wav,0.4543,0.3336,0.4123,fearful,normal,03,01,02
03-01-06-01-02-02-03.wav,0.4676,0.3309,0.4313,fearful,normal,03,02,02
03-01-06-02-02-01-03.wav,0.8164,0.5655,0.695,fearful,strong,03,01,02
03-01-06-02-02-02-03.wav,0.7963,0.5089,0.687,fearful,strong,03,02,02
03-01-03-01-01-01-03.wav,0.587,0.5345,0.5719,happy,normal,03,01,01
03-01-03-01-01-02-03.wav,0.5093,0.3131,0.5057,happy,normal,03,02,01
03-01-03-02-01-01-03.wav,0.6249,0.2912,0.6267,happy,strong,03,01,01
03-01-03-02-01-02-03.wav,0.6294,0.2861,0.6119,happy,strong,03,02,01
03-01-03-01-02-01-03.wav,0.5046,0.4412,0.5491,happy,normal,03,01,02
03-01-03-01-02-02-03.wav,0.4599,0.3663,0.5061,happy,normal,03,02,02
03-01-03-02-02-01-03.wav,0.8152,0.6964,0.7475,happy,strong,03,01,02
03-01-03-02-02-02-03.wav,0.6444,0.3058,0.6395,happy,strong,03,02,02
03-01-04-01-01-01-03.wav,0.2341,0.2949,0.321,sad,normal,03,01,01
03-01-04-01-01-02-03.wav,0.2597,0.2875,0.3334,sad,normal,03,02,01
03-01-04-02-01-01-03.wav,0.5969,0.6014,0.5341,sad,strong,03,01,01
03-01-04-02-01-02-03.wav,0.6168,0.3971,0.5406,sad,strong,03,02,01
03-01-04-01-02-01-03.wav,0.2005,0.2385,0.2802,sad,normal,03,01,02
03-01-04-01-02-02-03.wav,0.206,0.226,0.2817,sad,normal,03,02,02
03-01-04-02-02-01-03.wav,0.5711,0.4023,0.5123,sad,strong,03,01,02
03-01-04-02-02-02-03.wav,0.649,0.6249,0.6013,sad,strong,03,02,02
03-01-08-01-01-01-03.wav,0.5539,0.405,0.567,surprised,normal,03,01,01
03-01-08-01-01-02-03.wav,0.6419,0.4753,0.6037,surprised,normal,03,02,01
03-01-08-02-01-01-03.wav,0.6203,0.4203,0.6076,surprised,strong,03,01,01
03-01-08-02-01-02-03.wav,0.7418,0.518,0.7126,surprised,strong,03,02,01
03-01-08-01-02-01-03.wav,0.4622,0.3967,0.4831,surprised,normal,03,01,02
03-01-08-01-02-02-03.wav,0.6263,0.5305,0.6259,surprised,normal,03,02,02
03-01-08-02-02-01-03.wav,0.7123,0.474,0.668,surprised,strong,03,01,02
03-01-08-02-02-02-03.wav,0.5909,0.3953,0.6044,surprised,strong,03,02,02
03-01-05-01-01-01-04.wav,0.5711,0.3817,0.6434,angry,normal,04,01,01
03-01-05-01-01-02-04.wav,0.6177,0.445,0.6631,angry,normal,04,02,01
03-01-05-02-01-01-04.wav,0.8062,0.3239,0.8216,angry,strong,04,01,01
03-01-05-02-01-02-04.wav,0.7496,0.3839,0.7676,angry,strong,04,02,01
03-01-05-01-02-01-04.wav,0.6446,0.4315,0.6836,angry,normal,04,01,02
03-01-05-01-02-02-04.wav,0.5705,0.4326,0.6324,angry,normal,04,02,02
03-01-05-02-02-01-04.wav,0.8314,0.3495,0.8467,angry,strong,04,01,02
03-01-05-02-02-02-04.wav,0.8042,0.3333,0.8176,angry,strong,04,02,02
03-01-02-01-01-01-04.wav,0.2919,0.3391,0.3623,calm,normal,04,01,01
03-01-02-01-01-02-04.wav,0.3197,0.363,0.374,calm,normal,04,02,01
03-01-02-02-01-01-04.wav,0.2352,0.263,0.3013,calm,strong,04,01,01
03-01-02-02-01-02-04.wav,0.1959,0.2473,0.285,calm,strong,04,02,01
03-01-02-01-02-01-04.wav,0.3132,0.2952,0.3762,calm,normal,04,01,02
03-01-02-01-02-02-04.wav,0.2828,0.302,0.3408,calm,normal,04,02,02
03-01-02-02-02-01-04.wav,0.2744,0.2846,0.3405,calm,strong,04,01,02
03-01-02-02-02-02-04.wav,0.2769,0.2259,0.3529,calm,strong,04,02,02
03-01-07-01-01-01-04.wav,0.484,0.2836,0.5661,disgust,normal,04,01,01
03-01-07-01-01-02-04.wav,0.5141,0.3547,0.5608,disgust,normal,04,02,01
03-01-07-02-01-01-04.wav,0.5771,0.3316,0.6197,disgust,strong,04,01,01
03-01-07-02-01-02-04.wav,0.5185,0.3467,0.5692,disgust,strong,04,02,01
03-01-07-01-02-01-04.wav,0.6196,0.2729,0.653,disgust,normal,04,01,02
03-01-07-01-02-02-04.wav,0.6596,0.3155,0.6643,disgust,normal,04,02,02
03-01-07-02-02-01-04.wav,0.5608,0.3044,0.584,disgust,strong,04,01,02
03-01-07-02-02-02-04.wav,0.7279,0.3228,0.7415,disgust,strong,04,02,02
03-01-06-01-01-01-04.wav,0.4822,0.3885,0.4729,fearful,normal,04,01,01
03-01-06-01-01-02-04.wav,0.6223,0.4147,0.6188,fearful,normal,04,02,01
03-01-06-02-01-01-04.wav,0.7484,0.2744,0.6783,fearful,strong,04,01,01
03-01-06-02-01-02-04.wav,0.7838,0.3121,0.7434,fearful,strong,04,02,01
03-01-06-01-02-01-04.wav,0.6209,0.3649,0.6148,fearful,normal,04,01,02
03-01-06-01-02-02-04.wav,0.5902,0.3492,0.5912,fearful,normal,04,02,02
03-01-06-02-02-01-04.wav,0.8332,0.3542,0.8152,fearful,strong,04,01,02
03-01-06-02-02-02-04.wav,0.8116,0.3333,0.7837,fearful,strong,04,02,02
03-01-03-01-01-01-04.wav,0.4244,0.4349,0.4742,happy,normal,04,01,01
03-01-03-01-01-02-04.wav,0.5009,0.4168,0.5167,happy,normal,04,02,01
03-01-03-02-01-01-04.wav,0.6205,0.4231,0.5956,happy,strong,04,01,01
03-01-03-02-01-02-04.wav,0.6195,0.4206,0.6047,happy,strong,04,02,01
03-01-03-01-02-01-04.wav,0.4894,0.4057,0.525,happy,normal,04,01,02
03-01-03-01-02-02-04.wav,0.5254,0.4493,0.5658,happy,normal,04,02,02
03-01-03-02-02-01-04.wav,0.717,0.3769,0.7176,happy,strong,04,01,02
03-01-03-02-02-02-04.wav,0.7637,0.3959,0.7401,happy,strong,04,02,02
03-01-04-01-01-01-04.wav,0.3098,0.3225,0.3739,sad,normal,04,01,01
03-01-04-01-01-02-04.wav,0.4192,0.428,0.4641,sad,normal,04,02,01
03-01-04-02-01-01-04.wav,0.6506,0.4072,0.5996,sad,strong,04,01,01
03-01-04-02-01-02-04.wav,0.6582,0.3593,0.5825,sad,strong,04,02,01
03-01-04-01-02-01-04.wav,0.5081,0.4076,0.5549,sad,normal,04,01,02
03-01-04-01-02-02-04.wav,0.5592,0.4057,0.5841,sad,normal,04,02,02
03-01-04-02-02-01-04.wav,0.7861,0.3715,0.7698,sad,strong,04,01,02
03-01-04-02-02-02-04.wav,0.7695,0.3802,0.7424,sad,strong,04,02,02
03-01-08-01-01-01-04.wav,0.5518,0.4633,0.568,surprised,normal,04,01,01
03-01-08-01-01-02-04.wav,0.6294,0.464,0.6325,surprised,normal,04,02,01
03-01-08-02-01-01-04.wav,0.7043,0.4505,0.6913,surprised,strong,04,01,01
03-01-08-02-01-02-04.wav,0.7177,0.4451,0.7208,surprised,strong,04,02,01
03-01-08-01-02-01-04.wav,0.7083,0.4384,0.7431,surprised,normal,04,01,02
03-01-08-01-02-02-04.wav,0.6461,0.4591,0.673,surprised,normal,04,02,02
03-01-08-02-02-01-04.wav,0.7683,0.4744,0.765,surprised,strong,04,01,02
03-01-08-02-02-02-04.wav,0.8004,0.4012,0.7962,surprised,strong,04,02,02
03-01-05-01-01-01-05.wav,0.6503,0.4343,0.6908,angry,normal,05,01,01
03-01-05-01-01-02-05.wav,0.6616,0.3206,0.7225,angry,normal,05,02,01
03-01-05-02-01-01-05.wav,0.8204,0.2796,0.8187,angry,strong,05,01,01
03-01-05-02-01-02-05.wav,0.8289,0.2249,0.8251,angry,strong,05,02,01
03-01-05-01-02-01-05.wav,0.3217,0.308,0.4839,angry,normal,05,01,02
03-01-05-01-02-02-05.wav,0.4956,0.3367,0.6497,angry,normal,05,02,02
03-01-05-02-02-01-05.wav,0.8516,0.2803,0.8567,angry,strong,05,01,02
03-01-05-02-02-02-05.wav,0.8535,0.219,0.8642,angry,strong,05,02,02
03-01-02-01-01-01-05.wav,0.2119,0.3193,0.3615,calm,normal,05,01,01
03-01-02-01-01-02-05.wav,0.1699,0.3114,0.3276,calm,normal,05,02,01
03-01-02-02-01-01-05.wav,0.2223,0.2933,0.3628,calm,strong,05,01,01
03-01-02-02-01-02-05.wav,0.1515,0.3159,0.303,calm,strong,05,02,01
03-01-02-01-02-01-05.wav,0.1966,0.3247,0.3421,calm,normal,05,01,02
03-01-02-01-02-02-05.wav,0.2424,0.3111,0.3952,calm,normal,05,02,02
03-01-02-02-02-01-05.wav,0.1447,0.27,0.293,calm,strong,05,01,02
03-01-02-02-02-02-05.wav,0.1283,0.2781,0.283,calm,strong,05,02,02
03-01-07-01-01-01-05.wav,0.285,0.2991,0.4238,disgust,normal,05,01,01
03-01-07-01-01-02-05.wav,0.3514,0.2779,0.4742,disgust,normal,05,02,01
03-01-07-02-01-01-05.wav,0.4596,0.2387,0.5853,disgust,strong,05,01,01
03-01-07-02-01-02-05.wav,0.4768,0.2625,0.579,disgust,strong,05,02,01
03-01-07-01-02-01-05.wav,0.3161,0.2552,0.4596,disgust,normal,05,01,02
03-01-07-01-02-02-05.wav,0.3686,0.2637,0.4876,disgust,normal,05,02,02
03-01-07-02-02-01-05.wav,0.4531,0.2296,0.5448,disgust,strong,05,01,02
03-01-07-02-02-02-05.wav,0.4868,0.2124,0.6208,disgust,strong,05,02,02
03-01-06-01-01-01-05.wav,0.46,0.3758,0.4512,fearful,normal,05,01,01
03-01-06-01-01-02-05.wav,0.5318,0.347,0.5266,fearful,normal,05,02,01
03-01-06-02-01-01-05.wav,0.7456,0.3225,0.665,fearful,strong,05,01,01
03-01-06-02-01-02-05.wav,0.7779,0.4106,0.7239,fearful,strong,05,02,01
03-01-06-01-02-01-05.wav,0.4341,0.4279,0.5071,fearful,normal,05,01,02
03-01-06-01-02-02-05.wav,0.5818,0.3705,0.6071,fearful,normal,05,02,02
03-01-06-02-02-01-05.wav,0.7089,0.3257,0.6558,fearful,strong,05,01,02
03-01-06-02-02-02-05.wav,0.711,0.3682,0.6384,fearful,strong,05,02,02
03-01-03-01-01-01-05.wav,0.3479,0.3077,0.4542,happy,normal,05,01,01
03-01-03-01-01-02-05.wav,0.3493,0.4041,0.4346,happy,normal,05,02,01
03-01-03-02-01-01-05.wav,0.419,0.2838,0.4651,happy,strong,05,01,01
03-01-03-02-01-02-05.wav,0.6887,0.3679,0.6908,happy,strong,05,02,01
03-01-03-01-02-01-05.wav,0.339,0.3194,0.4475,happy,normal,05,01,02
03-01-03-01-02-02-05.wav,0.4215,0.3614,0.5381,happy,normal,05,02,02
03-01-03-02-02-01-05.wav,0.5748,0.3431,0.6138,happy,strong,05,01,02
03-01-03-02-02-02-05.wav,0.5742,0.2889,0.5828,happy,strong,05,02,02
03-01-04-01-01-01-05.wav,0.1673,0.301,0.3163,sad,normal,05,01,01
03-01-04-01-01-02-05.wav,0.184,0.3167,0.295,sad,normal,05,02,01
03-01-04-02-01-01-05.wav,0.2442,0.3645,0.3189,sad,strong,05,01,01
03-01-04-02-01-02-05.wav,0.1984,0.3484,0.3025,sad,strong,05,02,01
03-01-04-01-02-01-05.wav,0.2855,0.3601,0.4,sad,normal,05,01,02
03-01-04-01-02-02-05.wav,0.2112,0.2943,0.3367,sad,normal,05,02,02
03-01-04-02-02-01-05.wav,0.2159,0.3534,0.3099,sad,strong,05,01,02
03-01-04-02-02-02-05.wav,0.2948,0.4041,0.3667,sad,strong,05,02,02
03-01-08-01-01-01-05.wav,0.5987,0.3278,0.6402,surprised,normal,05,01,01
03-01-08-01-01-02-05.wav,0.6162,0.354,0.6574,surprised,normal,05,02,01
03-01-08-02-01-01-05.wav,0.5986,0.2985,0.638,surprised,strong,05,01,01
03-01-08-02-01-02-05.wav,0.6756,0.296,0.7081,surprised,strong,05,02,01
03-01-08-01-02-01-05.wav,0.6204,0.4213,0.652,surprised,normal,05,01,02
03-01-08-01-02-02-05.wav,0.4826,0.3087,0.4932,surprised,normal,05,02,02
03-01-08-02-02-01-05.wav,0.5944,0.2785,0.6454,surprised,strong,05,01,02
03-01-08-02-02-02-05.wav,0.536,0.2959,0.5776,surprised,strong,05,02,02
03-01-05-01-01-01-06.wav,0.5207,0.3039,0.6112,angry,normal,06,01,01
03-01-05-01-01-02-06.wav,0.6135,0.3145,0.6971,angry,normal,06,02,01
03-01-05-02-01-01-06.wav,0.8271,0.2701,0.8306,angry,strong,06,01,01
03-01-05-02-01-02-06.wav,0.8768,0.2424,0.8761,angry,strong,06,02,01
03-01-05-01-02-01-06.wav,0.5437,0.3102,0.6285,angry,normal,06,01,02
03-01-05-01-02-02-06.wav,0.5908,0.3452,0.6559,angry,normal,06,02,02
03-01-05-02-02-01-06.wav,0.887,0.2826,0.8883,angry,strong,06,01,02
03-01-05-02-02-02-06.wav,0.8823,0.1958,0.8923,angry,strong,06,02,02
03-01-02-01-01-01-06.wav,0.198,0.2431,0.302,calm,normal,06,01,01
03-01-02-01-01-02-06.wav,0.204,0.2662,0.305,calm,normal,06,02,01
03-01-02-02-01-01-06.wav,0.1939,0.2759,0.3096,calm,strong,06,01,01
03-01-02-02-01-02-06.wav,0.1943,0.2684,0.3182,calm,strong,06,02,01
03-01-02-01-02-01-06.wav,0.215,0.274,0.3187,calm,normal,06,01,02
03-01-02-01-02-02-06.wav,0.2333,0.3091,0.3497,calm,normal,06,02,02
03-01-02-02-02-01-06.wav,0.2222,0.317,0.3415,calm,strong,06,01,02
03-01-02-02-02-02-06.wav,0.1895,0.3016,0.3156,calm,strong,06,02,02
03-01-07-01-01-01-06.wav,0.3359,0.1903,0.4036,disgust,normal,06,01,01
03-01-07-01-01-02-06.wav,0.3069,0.1735,0.375,disgust,normal,06,02,01
03-01-07-02-01-01-06.wav,0.6022,0.2462,0.5357,disgust,strong,06,01,01
03-01-07-02-01-02-06.wav,0.5147,0.2794,0.5133,disgust,strong,06,02,01
03-01-07-01-02-01-06.wav,0.3839,0.2639,0.397,disgust,normal,06,01,02
03-01-07-01-02-02-06.wav,0.3286,0.2237,0.373,disgust,normal,06,02,02
03-01-07-02-02-01-06.wav,0.6372,0.2492,0.6918,disgust,strong,06,01,02
03-01-07-02-02-02-06.wav,0.6084,0.2258,0.6016,disgust,strong,06,02,02
03-01-06-01-01-01-06.wav,0.4041,0.3117,0.4265,fearful,normal,06,01,01
03-01-06-01-01-02-06.wav,0.4709,0.3275,0.4571,fearful,normal,06,02,01
03-01-06-02-01-01-06.wav,0.6768,0.3273,0.6327,fearful,strong,06,01,01
03-01-06-02-01-02-06.wav,0.7212,0.3006,0.673,fearful,strong,06,02,01
03-01-06-01-02-01-06.wav,0.4657,0.3037,0.4629,fearful,normal,06,01,02
03-01-06-01-02-02-06.wav,0.5244,0.3188,0.53,fearful,normal,06,02,02
03-01-06-02-02-01-06.wav,0.785,0.2796,0.7423,fearful,strong,06,01,02
03-01-06-02-02-02-06.wav,0.71,0.3767,0.6709,fearful,strong,06,02,02
03-01-03-01-01-01-06.wav,0.4142,0.3569,0.4547,happy,normal,06,01,01
03-01-03-01-01-02-06.wav,0.5311,0.4139,0.5477,happy,normal,06,02,01
03-01-03-02-01-01-06.wav,0.8173,0.4821,0.7927,happy,strong,06,01,01
03-01-03-02-01-02-06.wav,0.8081,0.3246,0.7721,happy,strong,06,02,01
03-01-03-01-02-01-06.wav,0.4557,0.3991,0.4918,happy,normal,06,01,02
03-01-03-01-02-02-06.wav,0.4591,0.4246,0.5033,happy,normal,06,02,02
03-01-03-02-02-01-06.wav,0.8198,0.3908,0.8047,happy,strong,06,01,02
03-01-03-02-02-02-06.wav,0.7768,0.3402,0.7536,happy,strong,06,02,02
03-01-04-01-01-01-06.wav,0.2228,0.2757,0.3171,sad,normal,06,01,01
03-01-04-01-01-02-06.wav,0.2383,0.2913,0.3272,sad,normal,06,02,01
03-01-04-02-01-01-06.wav,0.7287,0.5356,0.6675,sad,strong,06,01,01
03-01-04-02-01-02-06.wav,0.4561,0.3332,0.3853,sad,strong,06,02,01
03-01-04-01-02-01-06.wav,0.301,0.3109,0.3724,sad,normal,06,01,02
03-01-04-01-02-02-06.wav,0.314,0.3116,0.3856,sad,normal,06,02,02
03-01-04-02-02-01-06.wav,0.6381,0.6166,0.5458,sad,strong,06,01,02
03-01-04-02-02-02-06.wav,0.4977,0.3876,0.5035,sad,strong,06,02,02
03-01-08-01-01-01-06.wav,0.5097,0.3823,0.5392,surprised,normal,06,01,01
03-01-08-01-01-02-06.wav,0.5195,0.451,0.5552,surprised,normal,06,02,01
03-01-08-02-01-01-06.wav,0.5524,0.4523,0.5644,surprised,strong,06,01,01
03-01-08-02-01-02-06.wav,0.7735,0.4213,0.7799,surprised,strong,06,02,01
03-01-08-01-02-01-06.wav,0.5709,0.4522,0.5865,surprised,normal,06,01,02
03-01-08-01-02-02-06.wav,0.5613,0.4821,0.5793,surprised,normal,06,02,02
03-01-08-02-02-01-06.wav,0.7572,0.426,0.7566,surprised,strong,06,01,02
03-01-08-02-02-02-06.wav,0.7305,0.4517,0.7166,surprised,strong,06,02,02
03-01-05-01-01-01-07.wav,0.5902,0.3268,0.6631,angry,normal,07,01,01
03-01-05-01-01-02-07.wav,0.7427,0.2532,0.7708,angry,normal,07,02,01
03-01-05-02-01-01-07.wav,0.782,0.2797,0.794,angry,strong,07,01,01
03-01-05-02-01-02-07.wav,0.8042,0.2668,0.8245,angry,strong,07,02,01
03-01-05-01-02-01-07.wav,0.4724,0.369,0.5963,angry,normal,07,01,02
03-01-05-01-02-02-07.wav,0.6082,0.3849,0.6898,angry,normal,07,02,02
03-01-05-02-02-01-07.wav,0.8447,0.322,0.8481,angry,strong,07,01,02
03-01-05-02-02-02-07.wav,0.825,0.2563,0.8427,angry,strong,07,02,02
03-01-02-01-01-01-07.wav,0.2858,0.3835,0.382,calm,normal,07,01,01
03-01-02-01-01-02-07.wav,0.2685,0.3216,0.3955,calm,normal,07,02,01
03-01-02-02-01-01-07.wav,0.2155,0.2711,0.3379,calm,strong,07,01,01
03-01-02-02-01-02-07.wav,0.2429,0.3127,0.3661,calm,strong,07,02,01
03-01-02-01-02-01-07.wav,0.2912,0.4019,0.3848,calm,normal,07,01,02
03-01-02-01-02-02-07.wav,0.3143,0.3809,0.3996,calm,normal,07,02,02
03-01-02-02-02-01-07.wav,0.2386,0.3145,0.3787,calm,strong,07,01,02
03-01-02-02-02-02-07.wav,0.2061,0.3099,0.3366,calm,strong,07,02,02
03-01-07-01-01-01-07.wav,0.4034,0.3166,0.4918,disgust,normal,07,01,01
03-01-07-01-01-02-07.wav,0.3252,0.3024,0.43,disgust,normal,07,02,01
03-01-07-02-01-01-07.wav,0.6587,0.2898,0.7121,disgust,strong,07,01,01
03-01-07-02-01-02-07.wav,0.618,0.3296,0.6893,disgust,strong,07,02,01
03-01-07-01-02-01-07.wav,0.3826,0.3781,0.4745,disgust,normal,07,01,02
03-01-07-01-02-02-07.wav,0.4427,0.373,0.5275,disgust,normal,07,02,02
03-01-07-02-02-01-07.wav,0.5163,0.3361,0.6272,disgust,strong,07,01,02
03-01-07-02-02-02-07.wav,0.5131,0.2751,0.6391,disgust,strong,07,02,02
03-01-06-01-01-01-07.wav,0.4112,0.3055,0.4279,fearful,normal,07,01,01
03-01-06-01-01-02-07.wav,0.4495,0.3512,0.4489,fearful,normal,07,02,01
03-01-06-02-01-01-07.wav,0.7186,0.2902,0.6919,fearful,strong,07,01,01
03-01-06-02-01-02-07.wav,0.6051,0.3158,0.5535,fearful,strong,07,02,01
03-01-06-01-02-01-07.wav,0.3857,0.3465,0.4136,fearful,normal,07,01,02
03-01-06-01-02-02-07.wav,0.429,0.3964,0.4603,fearful,normal,07,02,02
03-01-06-02-02-01-07.wav,0.8388,0.3322,0.8082,fearful,strong,07,01,02
03-01-06-02-02-02-07.wav,0.8063,0.3771,0.7764,fearful,strong,07,02,02
03-01-03-01-01-01-07.wav,0.3577,0.3274,0.4546,happy,normal,07,01,01
03-01-03-01-01-02-07.wav,0.4213,0.3274,0.4787,happy,normal,07,02,01
03-01-03-02-01-01-07.wav,0.5637,0.3387,0.6018,happy,strong,07,01,01
03-01-03-02-01-02-07.wav,0.6445,0.3264,0.6674,happy,strong,07,02,01
03-01-03-01-02-01-07.wav,0.4493,0.408,0.5117,happy,normal,07,01,02
03-01-03-01-02-02-07.wav,0.4493,0.408,0.5117,happy,normal,07,02,02
03-01-03-02-02-01-07.wav,0.5775,0.334,0.6114,happy,strong,07,01,02
03-01-03-02-02-02-07.wav,0.6493,0.3158,0.6634,happy,strong,07,02,02
03-01-04-01-01-01-07.wav,0.2781,0.3741,0.3656,sad,normal,07,01,01
03-01-04-01-01-02-07.wav,0.2299,0.3187,0.331,sad,normal,07,02,01
03-01-04-02-01-01-07.wav,0.2892,0.3664,0.3377,sad,strong,07,01,01
03-01-04-02-01-02-07.wav,0.3175,0.3229,0.3739,sad,strong,07,02,01
03-01-04-01-02-01-07.wav,0.2891,0.3769,0.3684,sad,normal,07,01,02
03-01-04-01-02-02-07.wav,0.3924,0.3995,0.4527,sad,normal,07,02,02
03-01-04-02-02-01-07.wav,0.5121,0.5582,0.5045,sad,strong,07,01,02
03-01-04-02-02-02-07.wav,0.4096,0.4451,0.4423,sad,strong,07,02,02
03-01-08-01-01-01-07.wav,0.5308,0.3533,0.5948,surprised,normal,07,01,01
03-01-08-01-01-02-07.wav,0.5607,0.351,0.6234,surprised,normal,07,02,01
03-01-08-02-01-01-07.wav,0.6032,0.2966,0.6349,surprised,strong,07,01,01
03-01-08-02-01-02-07.wav,0.5262,0.3724,0.5606,surprised,strong,07,02,01
03-01-08-01-02-01-07.wav,0.5148,0.4149,0.5914,surprised,normal,07,01,02
03-01-08-01-02-02-07.wav,0.5005,0.3562,0.5697,surprised,normal,07,02,02
03-01-08-02-02-01-07.wav,0.7159,0.3827,0.7031,surprised,strong,07,01,02
03-01-08-02-02-02-07.wav,0.5892,0.372,0.6351,surprised,strong,07,02,02
03-01-05-01-01-01-08.wav,0.535,0.4139,0.6285,angry,normal,08,01,01
03-01-05-01-01-02-08.wav,0.5393,0.4067,0.6367,angry,normal,08,02,01
03-01-05-02-01-01-08.wav,0.7057,0.2668,0.7553,angry,strong,08,01,01
03-01-05-02-01-02-08.wav,0.7498,0.334,0.7679,angry,strong,08,02,01
03-01-05-01-02-01-08.wav,0.4592,0.3999,0.5682,angry,normal,08,01,02
03-01-05-01-02-02-08.wav,0.5242,0.3826,0.6221,angry,normal,08,02,02
03-01-05-02-02-01-08.wav,0.6731,0.4006,0.719,angry,strong,08,01,02
03-01-05-02-02-02-08.wav,0.7273,0.4133,0.768,angry,strong,08,02,02
03-01-02-01-01-01-08.wav,0.2392,0.3624,0.3613,calm,normal,08,01,01
03-01-02-01-01-02-08.wav,0.2559,0.3709,0.3638,calm,normal,08,02,01
03-01-02-02-01-01-08.wav,0.2064,0.3163,0.3338,calm,strong,08,01,01
03-01-02-02-01-02-08.wav,0.2412,0.3202,0.3648,calm,strong,08,02,01
03-01-02-01-02-01-08.wav,0.2599,0.3821,0.3715,calm,normal,08,01,02
03-01-02-01-02-02-08.wav,0.2425,0.3813,0.3565,calm,normal,08,02,02
03-01-02-02-02-01-08.wav,0.2193,0.3342,0.3391,calm,strong,08,01,02
03-01-02-02-02-02-08.wav,0.206,0.3515,0.3235,calm,strong,08,02,02
03-01-07-01-01-01-08.wav,0.2941,0.3274,0.4163,disgust,normal,08,01,01
03-01-07-01-01-02-08.wav,0.3132,0.3172,0.4209,disgust,normal,08,02,01
03-01-07-02-01-01-08.wav,0.345,0.2384,0.4354,disgust,strong,08,01,01
03-01-07-02-01-02-08.wav,0.3336,0.2893,0.4355,disgust,strong,08,02,01
03-01-07-01-02-01-08.wav,0.3192,0.3434,0.4227,disgust,normal,08,01,02
03-01-07-01-02-02-08.wav,0.3722,0.3563,0.4871,disgust,normal,08,02,02
03-01-07-02-02-01-08.wav,0.3791,0.3287,0.5063,disgust,strong,08,01,02
03-01-07-02-02-02-08.wav,0.4441,0.3565,0.5473,disgust,strong,08,02,02
03-01-06-01-01-01-08.wav,0.4452,0.4277,0.4784,fearful,normal,08,01,01
03-01-06-01-01-02-08.wav,0.4258,0.3872,0.4868,fearful,normal,08,02,01
03-01-06-02-01-01-08.wav,0.6462,0.303,0.6117,fearful,strong,08,01,01
03-01-06-02-01-02-08.wav,0.6728,0.3802,0.624,fearful,strong,08,02,01
03-01-06-01-02-01-08.wav,0.4563,0.4091,0.5003,fearful,normal,08,01,02
03-01-06-01-02-02-08.wav,0.5038,0.3438,0.5387,fearful,normal,08,02,02
03-01-06-02-02-01-08.wav,0.6814,0.3738,0.6422,fearful,strong,08,01,02
03-01-06-02-02-02-08.wav,0.6964,0.3153,0.6661,fearful,strong,08,02,02
03-01-03-01-01-01-08.wav,0.3983,0.4392,0.4782,happy,normal,08,01,01
03-01-03-01-01-02-08.wav,0.3458,0.4332,0.4293,happy,normal,08,02,01
03-01-03-02-01-01-08.wav,0.5279,0.5026,0.5503,happy,strong,08,01,01
03-01-03-02-01-02-08.wav,0.488,0.4933,0.5297,happy,strong,08,02,01
03-01-03-01-02-01-08.wav,0.3544,0.4446,0.4433,happy,normal,08,01,02
03-01-03-01-02-02-08.wav,0.3863,0.4752,0.4697,happy,normal,08,02,02
03-01-03-02-02-01-08.wav,0.5746,0.5183,0.5904,happy,strong,08,01,02
03-01-03-02-02-02-08.wav,0.5175,0.4999,0.5418,happy,strong,08,02,02
03-01-04-01-01-01-08.wav,0.1998,0.308,0.2914,sad,normal,08,01,01
03-01-04-01-01-02-08.wav,0.2225,0.3387,0.3373,sad,normal,08,02,01
03-01-04-02-01-01-08.wav,0.2482,0.3466,0.3185,sad,strong,08,01,01
03-01-04-02-01-02-08.wav,0.2277,0.2533,0.2798,sad,strong,08,02,01
03-01-04-01-02-01-08.wav,0.2145,0.3305,0.3135,sad,normal,08,01,02
03-01-04-01-02-02-08.wav,0.1833,0.3152,0.2997,sad,normal,08,02,02
03-01-04-02-02-01-08.wav,0.2669,0.3417,0.3389,sad,strong,08,01,02
03-01-04-02-02-02-08.wav,0.2356,0.3156,0.2909,sad,strong,08,02,02
03-01-08-01-01-01-08.wav,0.4049,0.3187,0.4391,surprised,normal,08,01,01
03-01-08-01-01-02-08.wav,0.4318,0.3679,0.4889,surprised,normal,08,02,01
03-01-08-02-01-01-08.wav,0.6168,0.3776,0.6198,surprised,strong,08,01,01
03-01-08-02-01-02-08.wav,0.517,0.3745,0.5415,surprised,strong,08,02,01
03-01-08-01-02-01-08.wav,0.4892,0.4214,0.5208,surprised,normal,08,01,02
03-01-08-01-02-02-08.wav,0.5087,0.4518,0.5559,surprised,normal,08,02,02
03-01-08-02-02-01-08.wav,0.6294,0.3702,0.6683,surprised,strong,08,01,02
03-01-08-02-02-02-08.wav,0.5348,0.3973,0.5467,surprised,strong,08,02,02
03-01-05-01-01-01-09.wav,0.2413,0.2794,0.3546,angry,normal,09,01,01
03-01-05-01-01-02-09.wav,0.3831,0.2769,0.4802,angry,normal,09,02,01
03-01-05-02-01-01-09.wav,0.8712,0.2347,0.8687,angry,strong,09,01,01
03-01-05-02-01-02-09.wav,0.8595,0.2355,0.8597,angry,strong,09,02,01
03-01-05-01-02-01-09.wav,0.4002,0.3672,0.4568,angry,normal,09,01,02
03-01-05-01-02-02-09.wav,0.4332,0.3839,0.5103,angry,normal,09,02,02
03-01-05-02-02-01-09.wav,0.8913,0.2579,0.886,angry,strong,09,01,02
03-01-05-02-02-02-09.wav,0.8975,0.1875,0.8971,angry,strong,09,02,02
03-01-02-01-01-01-09.wav,0.1721,0.3288,0.2985,calm,normal,09,01,01
03-01-02-01-01-02-09.wav,0.1544,0.3142,0.2802,calm,normal,09,02,01
03-01-02-02-01-01-09.wav,0.1228,0.2982,0.2536,calm,strong,09,01,01
03-01-02-02-01-02-09.wav,0.0977,0.2631,0.2241,calm,strong,09,02,01
03-01-02-01-02-01-09.wav,0.1484,0.2636,0.2645,calm,normal,09,01,02
03-01-02-01-02-02-09.wav,0.1248,0.2871,0.2707,calm,normal,09,02,02
03-01-02-02-02-01-09.wav,0.1548,0.3032,0.3051,calm,strong,09,01,02
03-01-02-02-02-02-09.wav,0.1835,0.3354,0.3158,calm,strong,09,02,02
03-01-07-01-01-01-09.wav,0.2553,0.3246,0.3098,disgust,normal,09,01,01
03-01-07-01-01-02-09.wav,0.2138,0.2786,0.286,disgust,normal,09,02,01
03-01-07-02-01-01-09.wav,0.2963,0.2562,0.3654,disgust,strong,09,01,01
03-01-07-02-01-02-09.wav,0.2121,0.2506,0.2418,disgust,strong,09,02,01
03-01-07-01-02-01-09.wav,0.2249,0.3584,0.3166,disgust,normal,09,01,02
03-01-07-01-02-02-09.wav,0.2354,0.3045,0.3183,disgust,normal,09,02,02
03-01-07-02-02-01-09.wav,0.251,0.242,0.294,disgust,strong,09,01,02
03-01-07-02-02-02-09.wav,0.31,0.3402,0.3676,disgust,strong,09,02,02
03-01-06-01-01-01-09.wav,0.233,0.3919,0.3306,fearful,normal,09,01,01
03-01-06-01-01-02-09.wav,0.2615,0.3295,0.3459,fearful,normal,09,02,01
03-01-06-02-01-01-09.wav,0.6283,0.692,0.5284,fearful,strong,09,01,01
03-01-06-02-01-02-09.wav,0.3755,0.3292,0.4005,fearful,strong,09,02,01
03-01-06-01-02-01-09.wav,0.1903,0.3409,0.3139,fearful,normal,09,01,02
03-01-06-01-02-02-09.wav,0.2284,0.3756,0.3387,fearful,normal,09,02,02
03-01-06-02-02-01-09.wav,0.6044,0.3568,0.5461,fearful,strong,09,01,02
03-01-06-02-02-02-09.wav,0.7051,0.722,0.6321,fearful,strong,09,02,02
03-01-03-01-01-01-09.wav,0.3258,0.5861,0.3842,happy,normal,09,01,01
03-01-03-01-01-02-09.wav,0.3583,0.3457,0.4258,happy,normal,09,02,01
03-01-03-02-01-01-09.wav,0.7025,0.5234,0.6835,happy,strong,09,01,01
03-01-03-02-01-02-09.wav,0.7368,0.7629,0.6807,happy,strong,09,02,01
03-01-03-01-02-01-09.wav,0.2898,0.3403,0.3844,happy,normal,09,01,02
03-01-03-01-02-02-09.wav,0.3114,0.3661,0.3682,happy,normal,09,02,02
03-01-03-02-02-01-09.wav,0.7069,0.3761,0.6893,happy,strong,09,01,02
03-01-03-02-02-02-09.wav,0.6601,0.6806,0.6338,happy,strong,09,02,02
03-01-04-01-01-01-09.wav,0.1721,0.333,0.2897,sad,normal,09,01,01
03-01-04-01-01-02-09.wav,0.1227,0.2861,0.2383,sad,normal,09,02,01
03-01-04-02-01-01-09.wav,0.4072,0.6049,0.401,sad,strong,09,01,01
03-01-04-02-01-02-09.wav,0.3852,0.5153,0.3341,sad,strong,09,02,01
03-01-04-01-02-01-09.wav,0.1577,0.2996,0.2798,sad,normal,09,01,02
03-01-04-01-02-02-09.wav,0.1314,0.2755,0.2728,sad,normal,09,02,02
03-01-04-02-02-01-09.wav,0.3259,0.4364,0.3227,sad,strong,09,01,02
03-01-04-02-02-02-09.wav,0.4455,0.6272,0.4133,sad,strong,09,02,02
03-01-08-01-01-01-09.wav,0.2511,0.3424,0.3628,surprised,normal,09,01,01
03-01-08-01-01-02-09.wav,0.2695,0.3496,0.3709,surprised,normal,09,02,01
03-01-08-02-01-01-09.wav,0.416,0.3556,0.4915,surprised,strong,09,01,01
03-01-08-02-01-02-09.wav,0.3409,0.3705,0.4297,surprised,strong,09,02,01
03-01-08-01-02-01-09.wav,0.2768,0.3672,0.3836,surprised,normal,09,01,02
03-01-08-01-02-02-09.wav,0.3021,0.4014,0.3991,surprised,normal,09,02,02
03-01-08-02-02-01-09.wav,0.331,0.372,0.4108,surprised,strong,09,01,02
03-01-08-02-02-02-09.wav,0.3495,0.3888,0.4396,surprised,strong,09,02,02
03-01-05-01-01-01-10.wav,0.3375,0.3008,0.4681,angry,normal,10,01,01
03-01-05-01-01-02-10.wav,0.4802,0.3409,0.5714,angry,normal,10,02,01
03-01-05-02-01-01-10.wav,0.7019,0.2728,0.7526,angry,strong,10,01,01
03-01-05-02-01-02-10.wav,0.812,0.2662,0.8342,angry,strong,10,02,01
03-01-05-01-02-01-10.wav,0.4072,0.3909,0.4976,angry,normal,10,01,02
03-01-05-01-02-02-10.wav,0.3933,0.374,0.5092,angry,normal,10,02,02
03-01-05-02-02-01-10.wav,0.8101,0.3245,0.8413,angry,strong,10,01,02
03-01-05-02-02-02-10.wav,0.741,0.2965,0.7894,angry,strong,10,02,02
03-01-02-01-01-01-10.wav,0.2868,0.3049,0.3972,calm,normal,10,01,01
03-01-02-01-01-02-10.wav,0.3118,0.3374,0.4318,calm,normal,10,02,01
03-01-02-02-01-01-10.wav,0.2618,0.2857,0.3575,calm,strong,10,01,01
03-01-02-02-01-02-10.wav,0.2276,0.2901,0.3188,calm,strong,10,02,01
03-01-02-01-02-01-10.wav,0.2431,0.2923,0.3508,calm,normal,10,01,02
03-01-02-01-02-02-10.wav,0.2601,0.299,0.3548,calm,normal,10,02,02
03-01-02-02-02-01-10.wav,0.224,0.2976,0.3451,calm,strong,10,01,02
03-01-02-02-02-02-10.wav,0.2331,0.3199,0.3458,calm,strong,10,02,02
03-01-07-01-01-01-10.wav,0.2235,0.2543,0.3275,disgust,normal,10,01,01
03-01-07-01-01-02-10.wav,0.2649,0.2893,0.3739,disgust,normal,10,02,01
03-01-07-02-01-01-10.wav,0.5178,0.2791,0.5701,disgust,strong,10,01,01
03-01-07-02-01-02-10.wav,0.5101,0.276,0.5748,disgust,strong,10,02,01
03-01-07-01-02-01-10.wav,0.2627,0.2329,0.4034,disgust,normal,10,01,02
03-01-07-01-02-02-10.wav,0.3099,0.2428,0.4143,disgust,normal,10,02,02
03-01-07-02-02-01-10.wav,0.3626,0.2692,0.4196,disgust,strong,10,01,02
03-01-07-02-02-02-10.wav,0.4955,0.2722,0.5416,disgust,strong,10,02,02
03-01-06-01-01-01-10.wav,0.3762,0.2942,0.3885,fearful,normal,10,01,01
03-01-06-01-01-02-10.wav,0.2525,0.2673,0.3187,fearful,normal,10,02,01
03-01-06-02-01-01-10.wav,0.6136,0.3569,0.5576,fearful,strong,10,01,01
03-01-06-02-01-02-10.wav,0.5923,0.3311,0.5688,fearful,strong,10,02,01
03-01-06-01-02-01-10.wav,0.2942,0.3005,0.353,fearful,normal,10,01,02
03-01-06-01-02-02-10.wav,0.2538,0.2743,0.3334,fearful,normal,10,02,02
03-01-06-02-02-01-10.wav,0.5805,0.3241,0.5491,fearful,strong,10,01,02
03-01-06-02-02-02-10.wav,0.3745,0.3264,0.3936,fearful,strong,10,02,02
03-01-03-01-01-01-10.wav,0.5175,0.5349,0.542,happy,normal,10,01,01
03-01-03-01-01-02-10.wav,0.4425,0.4336,0.4894,happy,normal,10,02,01
03-01-03-02-01-01-10.wav,0.6447,0.4965,0.6191,happy,strong,10,01,01
03-01-03-02-01-02-10.wav,0.6554,0.4365,0.5976,happy,strong,10,02,01
03-01-03-01-02-01-10.wav,0.4133,0.4213,0.432,happy,normal,10,01,02
03-01-03-01-02-02-10.wav,0.4744,0.4332,0.5168,happy,normal,10,02,02
03-01-03-02-02-01-10.wav,0.7383,0.4491,0.7054,happy,strong,10,01,02
03-01-03-02-02-02-10.wav,0.7139,0.5162,0.6564,happy,strong,10,02,02
03-01-04-01-01-01-10.wav,0.2183,0.2972,0.3066,sad,normal,10,01,01
03-01-04-01-01-02-10.wav,0.1734,0.232,0.2776,sad,normal,10,02,01
03-01-04-02-01-01-10.wav,0.3522,0.3941,0.4104,sad,strong,10,01,01
03-01-04-02-01-02-10.wav,0.262,0.3003,0.3151,sad,strong,10,02,01
03-01-04-01-02-01-10.wav,0.1866,0.2988,0.2837,sad,normal,10,01,02
03-01-04-01-02-02-10.wav,0.1847,0.2617,0.284,sad,normal,10,02,02
03-01-04-02-02-01-10.wav,0.2001,0.2835,0.2924,sad,strong,10,01,02
03-01-04-02-02-02-10.wav,0.2451,0.3411,0.3212,sad,strong,10,02,02
03-01-08-01-01-01-10.wav,0.4786,0.463,0.514,surprised,normal,10,01,01
03-01-08-01-01-02-10.wav,0.3674,0.3181,0.4682,surprised,normal,10,02,01
03-01-08-02-01-01-10.wav,0.5532,0.3465,0.6027,surprised,strong,10,01,01
03-01-08-02-01-02-10.wav,0.6269,0.4127,0.6516,surprised,strong,10,02,01
03-01-08-01-02-01-10.wav,0.5075,0.3597,0.5603,surprised,normal,10,01,02
03-01-08-01-02-02-10.wav,0.3591,0.3557,0.4366,surprised,normal,10,02,02
03-01-08-02-02-01-10.wav,0.688,0.342,0.708,surprised,strong,10,01,02
03-01-08-02-02-02-10.wav,0.6119,0.3047,0.643,surprised,strong,10,02,02
03-01-05-01-01-01-11.wav,0.5478,0.3187,0.6262,angry,normal,11,01,01
03-01-05-01-01-02-11.wav,0.4527,0.32,0.5392,angry,normal,11,02,01
03-01-05-02-01-01-11.wav,0.7154,0.2923,0.7403,angry,strong,11,01,01
03-01-05-02-01-02-11.wav,0.81,0.2293,0.823,angry,strong,11,02,01
03-01-05-01-02-01-11.wav,0.5524,0.343,0.6261,angry,normal,11,01,02
03-01-05-01-02-02-11.wav,0.5356,0.3196,0.6411,angry,normal,11,02,02
03-01-05-02-02-01-11.wav,0.8296,0.2287,0.8465,angry,strong,11,01,02
03-01-05-02-02-02-11.wav,0.8198,0.2864,0.8223,angry,strong,11,02,02
03-01-02-01-01-01-11.wav,0.194,0.3304,0.3395,calm,normal,11,01,01
03-01-02-01-01-02-11.wav,0.1891,0.3302,0.352,calm,normal,11,02,01
03-01-02-02-01-01-11.wav,0.1475,0.2698,0.2861,calm,strong,11,01,01
03-01-02-02-01-02-11.wav,0.1436,0.2658,0.278,calm,strong,11,02,01
03-01-02-01-02-01-11.wav,0.2221,0.3749,0.3703,calm,normal,11,01,02
03-01-02-01-02-02-11.wav,0.1543,0.2962,0.3041,calm,normal,11,02,02
03-01-02-02-02-01-11.wav,0.1779,0.3076,0.3261,calm,strong,11,01,02
03-01-02-02-02-02-11.wav,0.1486,0.2792,0.2786,calm,strong,11,02,02
03-01-07-01-01-01-11.wav,0.376,0.2637,0.4946,disgust,normal,11,01,01
03-01-07-01-01-02-11.wav,0.4551,0.2768,0.5621,disgust,normal,11,02,01
03-01-07-02-01-01-11.wav,0.4526,0.2824,0.5478,disgust,strong,11,01,01
03-01-07-02-01-02-11.wav,0.3142,0.2469,0.4086,disgust,strong,11,02,01
03-01-07-01-02-01-11.wav,0.3578,0.3101,0.463,disgust,normal,11,01,02
03-01-07-01-02-02-11.wav,0.3811,0.2905,0.5375,disgust,normal,11,02,02
03-01-07-02-02-01-11.wav,0.3577,0.2511,0.4709,disgust,strong,11,01,02
03-01-07-02-02-02-11.wav,0.4462,0.3212,0.5746,disgust,strong,11,02,02
03-01-06-01-01-01-11.wav,0.4385,0.3337,0.5242,fearful,normal,11,01,01
03-01-06-01-01-02-11.wav,0.3907,0.315,0.4875,fearful,normal,11,02,01
03-01-06-02-01-01-11.wav,0.6536,0.3141,0.6284,fearful,strong,11,01,01
03-01-06-02-01-02-11.wav,0.629,0.3302,0.5957,fearful,strong,11,02,01
03-01-06-01-02-01-11.wav,0.3987,0.3773,0.4792,fearful,normal,11,01,02
03-01-06-01-02-02-11.wav,0.3563,0.3275,0.4434,fearful,normal,11,02,02
03-01-06-02-02-01-11.wav,0.7455,0.3634,0.6911,fearful,strong,11,01,02
03-01-06-02-02-02-11.wav,0.682,0.3421,0.6453,fearful,strong,11,02,02
03-01-03-01-01-01-11.wav,0.3849,0.4019,0.4639,happy,normal,11,01,01
03-01-03-01-01-02-11.wav,0.3224,0.3932,0.4313,happy,normal,11,02,01
03-01-03-02-01-01-11.wav,0.5343,0.2887,0.6018,happy,strong,11,01,01
03-01-03-02-01-02-11.wav,0.5593,0.3884,0.6179,happy,strong,11,02,01
03-01-03-01-02-01-11.wav,0.3245,0.4344,0.4266,happy,normal,11,01,02
03-01-03-01-02-02-11.wav,0.3727,0.4668,0.4589,happy,normal,11,02,02
03-01-03-02-02-01-11.wav,0.4548,0.3289,0.5556,happy,strong,11,01,02
03-01-03-02-02-02-11.wav,0.4403,0.3852,0.5268,happy,strong,11,02,02
03-01-04-01-01-01-11.wav,0.2491,0.3098,0.3793,sad,normal,11,01,01
03-01-04-01-01-02-11.wav,0.2249,0.3286,0.3551,sad,normal,11,02,01
03-01-04-02-01-01-11.wav,0.3779,0.3187,0.4278,sad,strong,11,01,01
03-01-04-02-01-02-11.wav,0.4842,0.3091,0.5087,sad,strong,11,02,01
03-01-04-01-02-01-11.wav,0.2196,0.2718,0.3594,sad,normal,11,01,02
03-01-04-01-02-02-11.wav,0.2101,0.3192,0.3461,sad,normal,11,02,02
03-01-04-02-02-01-11.wav,0.414,0.3061,0.4399,sad,strong,11,01,02
03-01-04-02-02-02-11.wav,0.4582,0.3454,0.4845,sad,strong,11,02,02
03-01-08-01-01-01-11.wav,0.4931,0.3986,0.5153,surprised,normal,11,01,01
03-01-08-01-01-02-11.wav,0.5611,0.3995,0.5749,surprised,normal,11,02,01
03-01-08-02-01-01-11.wav,0.6034,0.3802,0.6247,surprised,strong,11,01,01
03-01-08-02-01-02-11.wav,0.6885,0.3604,0.6936,surprised,strong,11,02,01
03-01-08-01-02-01-11.wav,0.5606,0.3502,0.6204,surprised,normal,11,01,02
03-01-08-01-02-02-11.wav,0.541,0.4004,0.551,surprised,normal,11,02,02
03-01-08-02-02-01-11.wav,0.6808,0.4271,0.6932,surprised,strong,11,01,02
03-01-08-02-02-02-11.wav,0.68,0.419,0.6761,surprised,strong,11,02,02
03-01-05-01-01-01-12.wav,0.4614,0.3138,0.5874,angry,normal,12,01,01
03-01-05-01-01-02-12.wav,0.4025,0.3361,0.5261,angry,normal,12,02,01
03-01-05-02-01-01-12.wav,0.7961,0.2853,0.8108,angry,strong,12,01,01
03-01-05-02-01-02-12.wav,0.8505,0.3219,0.8476,angry,strong,12,02,01
03-01-05-01-02-01-12.wav,0.4048,0.395,0.4842,angry,normal,12,01,02
03-01-05-01-02-02-12.wav,0.4444,0.3567,0.5292,angry,normal,12,02,02
03-01-05-02-02-01-12.wav,0.7297,0.3157,0.7739,angry,strong,12,01,02
03-01-05-02-02-02-12.wav,0.8382,0.2675,0.8607,angry,strong,12,02,02
03-01-02-01-01-01-12.wav,0.2974,0.3683,0.3892,calm,normal,12,01,01
03-01-02-01-01-02-12.wav,0.2349,0.3576,0.3427,calm,normal,12,02,01
03-01-02-02-01-01-12.wav,0.288,0.3467,0.3816,calm,strong,12,01,01
03-01-02-02-01-02-12.wav,0.2463,0.3573,0.3561,calm,strong,12,02,01
03-01-02-01-02-01-12.wav,0.3057,0.3899,0.4061,calm,normal,12,01,02
03-01-02-01-02-02-12.wav,0.2878,0.3851,0.3794,calm,normal,12,02,02
03-01-02-02-02-01-12.wav,0.2907,0.378,0.3742,calm,strong,12,01,02
03-01-02-02-02-02-12.wav,0.2987,0.3704,0.381,calm,strong,12,02,02
03-01-07-01-01-01-12.wav,0.3154,0.3009,0.4132,disgust,normal,12,01,01
03-01-07-01-01-02-12.wav,0.3323,0.3693,0.4362,disgust,normal,12,02,01
03-01-07-02-01-01-12.wav,0.5116,0.3137,0.5793,disgust,strong,12,01,01
03-01-07-02-01-02-12.wav,0.5366,0.3441,0.5928,disgust,strong,12,02,01
03-01-07-01-02-01-12.wav,0.343,0.3965,0.4388,disgust,normal,12,01,02
03-01-07-01-02-02-12.wav,0.4184,0.4258,0.4932,disgust,normal,12,02,02
03-01-07-02-02-01-12.wav,0.6377,0.3578,0.7085,disgust,strong,12,01,02
03-01-07-02-02-02-12.wav,0.4866,0.3214,0.5475,disgust,strong,12,02,02
03-01-06-01-01-01-12.wav,0.6172,0.3958,0.6317,fearful,normal,12,01,01
03-01-06-01-01-02-12.wav,0.5062,0.3567,0.5329,fearful,normal,12,02,01
03-01-06-02-01-01-12.wav,0.7286,0.3141,0.6902,fearful,strong,12,01,01
03-01-06-02-01-02-12.wav,0.7982,0.3001,0.7519,fearful,strong,12,02,01
03-01-06-01-02-01-12.wav,0.4635,0.3999,0.4947,fearful,normal,12,01,02
03-01-06-01-02-02-12.wav,0.6446,0.4168,0.6644,fearful,normal,12,02,02
03-01-06-02-02-01-12.wav,0.8175,0.3396,0.7843,fearful,strong,12,01,02
03-01-06-02-02-02-12.wav,0.7686,0.34,0.7366,fearful,strong,12,02,02
03-01-03-01-01-01-12.wav,0.4081,0.4514,0.4755,happy,normal,12,01,01
03-01-03-01-01-02-12.wav,0.4391,0.4291,0.5086,happy,normal,12,02,01
03-01-03-02-01-01-12.wav,0.7231,0.5,0.7331,happy,strong,12,01,01
03-01-03-02-01-02-12.wav,0.7195,0.4144,0.7314,happy,strong,12,02,01
03-01-03-01-02-01-12.wav,0.4051,0.4676,0.4789,happy,normal,12,01,02
03-01-03-01-02-02-12.wav,0.4181,0.4435,0.4889,happy,normal,12,02,02
03-01-03-02-02-01-12.wav,0.57,0.5089,0.602,happy,strong,12,01,02
03-01-03-02-02-02-12.wav,0.737,0.5686,0.7316,happy,strong,12,02,02
03-01-04-01-01-01-12.wav,0.3166,0.3266,0.3873,sad,normal,12,01,01
03-01-04-01-01-02-12.wav,0.3125,0.3637,0.3833,sad,normal,12,02,01
03-01-04-02-01-01-12.wav,0.557,0.4308,0.559,sad,strong,12,01,01
03-01-04-02-01-02-12.wav,0.6304,0.3761,0.592,sad,strong,12,02,01
03-01-04-01-02-01-12.wav,0.2864,0.3094,0.3477,sad,normal,12,01,02
03-01-04-01-02-02-12.wav,0.2631,0.2793,0.3312,sad,normal,12,02,02
03-01-04-02-02-01-12.wav,0.4752,0.4044,0.4746,sad,strong,12,01,02
03-01-04-02-02-02-12.wav,0.6801,0.3674,0.6703,sad,strong,12,02,02
03-01-08-01-01-01-12.wav,0.4805,0.4518,0.527,surprised,normal,12,01,01
03-01-08-01-01-02-12.wav,0.5042,0.4689,0.5447,surprised,normal,12,02,01
03-01-08-02-01-01-12.wav,0.6224,0.4726,0.6468,surprised,strong,12,01,01
03-01-08-02-01-02-12.wav,0.6332,0.456,0.6481,surprised,strong,12,02,01
03-01-08-01-02-01-12.wav,0.4942,0.4824,0.5427,surprised,normal,12,01,02
03-01-08-01-02-02-12.wav,0.5034,0.426,0.5665,surprised,normal,12,02,02
03-01-08-02-02-01-12.wav,0.6164,0.4844,0.6605,surprised,strong,12,01,02
03-01-08-02-02-02-12.wav,0.6057,0.4615,0.6405,surprised,strong,12,02,02
03-01-05-01-01-01-13.wav,0.5641,0.3376,0.6329,angry,normal,13,01,01
03-01-05-01-01-02-13.wav,0.5874,0.3361,0.6402,angry,normal,13,02,01
03-01-05-02-01-01-13.wav,0.8481,0.2392,0.8389,angry,strong,13,01,01
03-01-05-02-01-02-13.wav,0.8187,0.2267,0.8268,angry,strong,13,02,01
03-01-05-01-02-01-13.wav,0.5431,0.3519,0.6148,angry,normal,13,01,02
03-01-05-01-02-02-13.wav,0.6394,0.344,0.6886,angry,normal,13,02,02
03-01-05-02-02-01-13.wav,0.838,0.2253,0.8344,angry,strong,13,01,02
03-01-05-02-02-02-13.wav,0.8914,0.2114,0.894,angry,strong,13,02,02
03-01-02-01-01-01-13.wav,0.2521,0.3584,0.3516,calm,normal,13,01,01
03-01-02-01-01-02-13.wav,0.2931,0.389,0.3798,calm,normal,13,02,01
03-01-02-02-01-01-13.wav,0.2574,0.3833,0.3544,calm,strong,13,01,01
03-01-02-02-01-02-13.wav,0.3139,0.4308,0.397,calm,strong,13,02,01
03-01-02-01-02-01-13.wav,0.2928,0.4064,0.3757,calm,normal,13,01,02
03-01-02-01-02-02-13.wav,0.2972,0.4201,0.3789,calm,normal,13,02,02
03-01-02-02-02-01-13.wav,0.3208,0.4328,0.3977,calm,strong,13,01,02
03-01-02-02-02-02-13.wav,0.3401,0.4217,0.4221,calm,strong,13,02,02
03-01-07-01-01-01-13.wav,0.3816,0.444,0.4533,disgust,normal,13,01,01
03-01-07-01-01-02-13.wav,0.4411,0.4622,0.4977,disgust,normal,13,02,01
03-01-07-02-01-01-13.wav,0.5309,0.3456,0.6028,disgust,strong,13,01,01
03-01-07-02-01-02-13.wav,0.5514,0.3529,0.6081,disgust,strong,13,02,01
03-01-07-01-02-01-13.wav,0.3667,0.3678,0.4729,disgust,normal,13,01,02
03-01-07-01-02-02-13.wav,0.4729,0.3494,0.5712,disgust,normal,13,02,02
03-01-07-02-02-01-13.wav,0.407,0.3622,0.508,disgust,strong,13,01,02
03-01-07-02-02-02-13.wav,0.4415,0.3185,0.5541,disgust,strong,13,02,02
03-01-06-01-01-01-13.wav,0.4787,0.3716,0.5376,fearful,normal,13,01,01
03-01-06-01-01-02-13.wav,0.5444,0.3346,0.6071,fearful,normal,13,02,01
03-01-06-02-01-01-13.wav,0.5822,0.3223,0.6246,fearful,strong,13,01,01
03-01-06-02-01-02-13.wav,0.8062,0.3039,0.774,fearful,strong,13,02,01
03-01-06-01-02-01-13.wav,0.5936,0.3572,0.6349,fearful,normal,13,01,02
03-01-06-01-02-02-13.wav,0.6211,0.364,0.6603,fearful,normal,13,02,02
03-01-06-02-02-01-13.wav,0.7884,0.2562,0.786,fearful,strong,13,01,02
03-01-06-02-02-02-13.wav,0.5414,0.4066,0.6027,fearful,strong,13,02,02
03-01-03-01-01-01-13.wav,0.4393,0.4574,0.4919,happy,normal,13,01,01
03-01-03-01-01-02-13.wav,0.5074,0.4645,0.5524,happy,normal,13,02,01
03-01-03-02-01-01-13.wav,0.5659,0.5653,0.5768,happy,strong,13,01,01
03-01-03-02-01-02-13.wav,0.6634,0.5955,0.657,happy,strong,13,02,01
03-01-03-01-02-01-13.wav,0.4776,0.4974,0.5316,happy,normal,13,01,02
03-01-03-01-02-02-13.wav,0.5052,0.4453,0.5424,happy,normal,13,02,02
03-01-03-02-02-01-13.wav,0.696,0.4104,0.6959,happy,strong,13,01,02
03-01-03-02-02-02-13.wav,0.6592,0.4014,0.676,happy,strong,13,02,02
03-01-04-01-01-01-13.wav,0.3197,0.3688,0.4141,sad,normal,13,01,01
03-01-04-01-01-02-13.wav,0.2941,0.3635,0.398,sad,normal,13,02,01
03-01-04-02-01-01-13.wav,0.4168,0.3935,0.4687,sad,strong,13,01,01
03-01-04-02-01-02-13.wav,0.359,0.3977,0.4419,sad,strong,13,02,01
03-01-04-01-02-01-13.wav,0.304,0.3748,0.4087,sad,normal,13,01,02
03-01-04-01-02-02-13.wav,0.297,0.3984,0.4002,sad,normal,13,02,02
03-01-04-02-02-01-13.wav,0.3934,0.4259,0.4726,sad,strong,13,01,02
03-01-04-02-02-02-13.wav,0.2838,0.3538,0.4037,sad,strong,13,02,02
03-01-08-01-01-01-13.wav,0.6402,0.4131,0.6688,surprised,normal,13,01,01
03-01-08-01-01-02-13.wav,0.5623,0.521,0.5822,surprised,normal,13,02,01
03-01-08-02-01-01-13.wav,0.6109,0.4089,0.6378,surprised,strong,13,01,01
03-01-08-02-01-02-13.wav,0.5841,0.4138,0.6354,surprised,strong,13,02,01
03-01-08-01-02-01-13.wav,0.5426,0.4966,0.5884,surprised,normal,13,01,02
03-01-08-01-02-02-13.wav,0.5319,0.4985,0.5587,surprised,normal,13,02,02
03-01-08-02-02-01-13.wav,0.6376,0.4494,0.6915,surprised,strong,13,01,02
03-01-08-02-02-02-13.wav,0.6772,0.4307,0.7163,surprised,strong,13,02,02
03-01-05-01-01-01-14.wav,0.6665,0.3889,0.7224,angry,normal,14,01,01
03-01-05-01-01-02-14.wav,0.6786,0.3743,0.7249,angry,normal,14,02,01
03-01-05-02-01-01-14.wav,0.843,0.2379,0.8439,angry,strong,14,01,01
03-01-05-02-01-02-14.wav,0.8651,0.2791,0.8673,angry,strong,14,02,01
03-01-05-01-02-01-14.wav,0.6717,0.3728,0.7205,angry,normal,14,01,02
03-01-05-01-02-02-14.wav,0.7637,0.3585,0.7968,angry,normal,14,02,02
03-01-05-02-02-01-14.wav,0.8923,0.251,0.889,angry,strong,14,01,02
03-01-05-02-02-02-14.wav,0.8973,0.2713,0.8984,angry,strong,14,02,02
03-01-02-01-01-01-14.wav,0.3499,0.4647,0.4238,calm,normal,14,01,01
03-01-02-01-01-02-14.wav,0.3194,0.3939,0.3942,calm,normal,14,02,01
03-01-02-02-01-01-14.wav,0.2699,0.3436,0.3731,calm,strong,14,01,01
03-01-02-02-01-02-14.wav,0.2598,0.3471,0.334,calm,strong,14,02,01
03-01-02-01-02-01-14.wav,0.3208,0.3921,0.3993,calm,normal,14,01,02
03-01-02-01-02-02-14.wav,0.318,0.376,0.3968,calm,normal,14,02,02
03-01-02-02-02-01-14.wav,0.2862,0.3897,0.3877,calm,strong,14,01,02
03-01-02-02-02-02-14.wav,0.3014,0.3434,0.3963,calm,strong,14,02,02
03-01-07-01-01-01-14.wav,0.5302,0.3203,0.5159,disgust,normal,14,01,01
03-01-07-01-01-02-14.wav,0.448,0.272,0.4747,disgust,normal,14,02,01
03-01-07-02-01-01-14.wav,0.472,0.3284,0.4792,disgust,strong,14,01,01
03-01-07-02-01-02-14.wav,0.4331,0.3248,0.4209,disgust,strong,14,02,01
03-01-07-01-02-01-14.wav,0.4955,0.2772,0.5331,disgust,normal,14,01,02
03-01-07-01-02-02-14.wav,0.5637,0.294,0.5832,disgust,normal,14,02,02
03-01-07-02-02-01-14.wav,0.5065,0.3495,0.5605,disgust,strong,14,01,02
03-01-07-02-02-02-14.wav,0.5577,0.3414,0.5515,disgust,strong,14,02,02
03-01-06-01-01-01-14.wav,0.4622,0.2789,0.4714,fearful,normal,14,01,01
03-01-06-01-01-02-14.wav,0.404,0.3053,0.4571,fearful,normal,14,02,01
03-01-06-02-01-01-14.wav,0.7613,0.3795,0.7209,fearful,strong,14,01,01
03-01-06-02-01-02-14.wav,0.801,0.3633,0.7573,fearful,strong,14,02,01
03-01-06-01-02-01-14.wav,0.3904,0.3043,0.4206,fearful,normal,14,01,02
03-01-06-01-02-02-14.wav,0.4113,0.2968,0.4138,fearful,normal,14,02,02
03-01-06-02-02-01-14.wav,0.732,0.4226,0.6796,fearful,strong,14,01,02
03-01-06-02-02-02-14.wav,0.7221,0.3574,0.6684,fearful,strong,14,02,02
03-01-03-01-01-01-14.wav,0.7187,0.53,0.7069,happy,normal,14,01,01
03-01-03-01-01-02-14.wav,0.7696,0.4024,0.7668,happy,normal,14,02,01
03-01-03-02-01-01-14.wav,0.7824,0.4517,0.7593,happy,strong,14,01,01
03-01-03-02-01-02-14.wav,0.7752,0.4751,0.7521,happy,strong,14,02,01
03-01-03-01-02-01-14.wav,0.6633,0.3653,0.6464,happy,normal,14,01,02
03-01-03-01-02-02-14.wav,0.7399,0.3305,0.7298,happy,normal,14,02,02
03-01-03-02-02-01-14.wav,0.8405,0.493,0.8156,happy,strong,14,01,02
03-01-03-02-02-02-14.wav,0.8386,0.3318,0.8175,happy,strong,14,02,02
03-01-04-01-01-01-14.wav,0.3678,0.351,0.4414,sad,normal,14,01,01
03-01-04-01-01-02-14.wav,0.4339,0.3646,0.4966,sad,normal,14,02,01
03-01-04-02-01-01-14.wav,0.4718,0.344,0.4895,sad,strong,14,01,01
03-01-04-02-01-02-14.wav,0.4715,0.355,0.4908,sad,strong,14,02,01
03-01-04-01-02-01-14.wav,0.3333,0.3167,0.4131,sad,normal,14,01,02
03-01-04-01-02-02-14.wav,0.3862,0.3586,0.4625,sad,normal,14,02,02
03-01-04-02-02-01-14.wav,0.4739,0.359,0.5111,sad,strong,14,01,02
03-01-04-02-02-02-14.wav,0.5553,0.3818,0.5663,sad,strong,14,02,02
03-01-08-01-01-01-14.wav,0.4736,0.3983,0.5167,surprised,normal,14,01,01
03-01-08-01-01-02-14.wav,0.5075,0.4085,0.5451,surprised,normal,14,02,01
03-01-08-02-01-01-14.wav,0.5776,0.346,0.6275,surprised,strong,14,01,01
03-01-08-02-01-02-14.wav,0.6525,0.3803,0.6594,surprised,strong,14,02,01
03-01-08-01-02-01-14.wav,0.5016,0.4667,0.5273,surprised,normal,14,01,02
03-01-08-01-02-02-14.wav,0.5432,0.4092,0.5598,surprised,normal,14,02,02
03-01-08-02-02-01-14.wav,0.6157,0.3946,0.6343,surprised,strong,14,01,02
03-01-08-02-02-02-14.wav,0.5748,0.407,0.6059,surprised,strong,14,02,02
03-01-05-01-01-01-15.wav,0.4495,0.384,0.5309,angry,normal,15,01,01
03-01-05-01-01-02-15.wav,0.5866,0.3791,0.6367,angry,normal,15,02,01
03-01-05-02-01-01-15.wav,0.7111,0.3562,0.7265,angry,strong,15,01,01
03-01-05-02-01-02-15.wav,0.738,0.2875,0.7313,angry,strong,15,02,01
03-01-05-01-02-01-15.wav,0.5236,0.3981,0.5866,angry,normal,15,01,02
03-01-05-01-02-02-15.wav,0.6357,0.3603,0.6798,angry,normal,15,02,02
03-01-05-02-02-01-15.wav,0.5996,0.345,0.664,angry,strong,15,01,02
03-01-05-02-02-02-15.wav,0.8117,0.2197,0.8008,angry,strong,15,02,02
03-01-02-01-01-01-15.wav,0.2016,0.3271,0.3245,calm,normal,15,01,01
03-01-02-01-01-02-15.wav,0.2104,0.338,0.3252,calm,normal,15,02,01
03-01-02-02-01-01-15.wav,0.2122,0.3225,0.3292,calm,strong,15,01,01
03-01-02-02-01-02-15.wav,0.2189,0.3449,0.3498,calm,strong,15,02,01
03-01-02-01-02-01-15.wav,0.1885,0.2981,0.3115,calm,normal,15,01,02
03-01-02-01-02-02-15.wav,0.2478,0.3404,0.376,calm,normal,15,02,02
03-01-02-02-02-01-15.wav,0.2265,0.3135,0.3359,calm,strong,15,01,02
03-01-02-02-02-02-15.wav,0.2252,0.2948,0.3525,calm,strong,15,02,02
03-01-07-01-01-01-15.wav,0.3062,0.3376,0.3444,disgust,normal,15,01,01
03-01-07-01-01-02-15.wav,0.243,0.3362,0.3423,disgust,normal,15,02,01
03-01-07-02-01-01-15.wav,0.4086,0.4036,0.4787,disgust,strong,15,01,01
03-01-07-02-01-02-15.wav,0.2815,0.3326,0.3377,disgust,strong,15,02,01
03-01-07-01-02-01-15.wav,0.305,0.3654,0.3681,disgust,normal,15,01,02
03-01-07-01-02-02-15.wav,0.3873,0.3634,0.4617,disgust,normal,15,02,02
03-01-07-02-02-01-15.wav,0.3344,0.3613,0.3651,disgust,strong,15,01,02
03-01-07-02-02-02-15.wav,0.4755,0.3375,0.5314,disgust,strong,15,02,02
03-01-06-01-01-01-15.wav,0.2746,0.3228,0.3416,fearful,normal,15,01,01
03-01-06-01-01-02-15.wav,0.3942,0.316,0.3788,fearful,normal,15,02,01
03-01-06-02-01-01-15.wav,0.5448,0.3072,0.5431,fearful,strong,15,01,01
03-01-06-02-01-02-15.wav,0.5691,0.384,0.5419,fearful,strong,15,02,01
03-01-06-01-02-01-15.wav,0.3646,0.2775,0.3895,fearful,normal,15,01,02
03-01-06-01-02-02-15.wav,0.4398,0.3235,0.4481,fearful,normal,15,02,02
03-01-06-02-02-01-15.wav,0.464,0.3557,0.4726,fearful,strong,15,01,02
03-01-06-02-02-02-15.wav,0.5445,0.3838,0.5347,fearful,strong,15,02,02
03-01-03-01-01-01-15.wav,0.3364,0.4192,0.4099,happy,normal,15,01,01
03-01-03-01-01-02-15.wav,0.3458,0.4056,0.4188,happy,normal,15,02,01
03-01-03-02-01-01-15.wav,0.4875,0.396,0.5135,happy,strong,15,01,01
03-01-03-02-01-02-15.wav,0.4486,0.4907,0.4843,happy,strong,15,02,01
03-01-03-01-02-01-15.wav,0.2999,0.3926,0.376,happy,normal,15,01,02
03-01-03-01-02-02-15.wav,0.2595,0.3508,0.3498,happy,normal,15,02,02
03-01-03-02-02-01-15.wav,0.4483,0.4875,0.4734,happy,strong,15,01,02
03-01-03-02-02-02-15.wav,0.4719,0.533,0.4948,happy,strong,15,02,02
03-01-04-01-01-01-15.wav,0.3307,0.3911,0.3868,sad,normal,15,01,01
03-01-04-01-01-02-15.wav,0.2487,0.3583,0.3425,sad,normal,15,02,01
03-01-04-02-01-01-15.wav,0.336,0.4185,0.3982,sad,strong,15,01,01
03-01-04-02-01-02-15.wav,0.3373,0.3792,0.3773,sad,strong,15,02,01
03-01-04-01-02-01-15.wav,0.2742,0.3679,0.3556,sad,normal,15,01,02
03-01-04-01-02-02-15.wav,0.2561,0.3397,0.3349,sad,normal,15,02,02
03-01-04-02-02-01-15.wav,0.326,0.3664,0.381,sad,strong,15,01,02
03-01-04-02-02-02-15.wav,0.3053,0.3447,0.3591,sad,strong,15,02,02
03-01-08-01-01-01-15.wav,0.3211,0.3517,0.389,surprised,normal,15,01,01
03-01-08-01-01-02-15.wav,0.4215,0.393,0.4651,surprised,normal,15,02,01
03-01-08-02-01-01-15.wav,0.5108,0.3856,0.5192,surprised,strong,15,01,01
03-01-08-02-01-02-15.wav,0.4425,0.431,0.4599,surprised,strong,15,02,01
03-01-08-01-02-01-15.wav,0.2863,0.3597,0.3644,surprised,normal,15,01,02
03-01-08-01-02-02-15.wav,0.3663,0.4365,0.408,surprised,normal,15,02,02
03-01-08-02-02-01-15.wav,0.4039,0.3857,0.4498,surprised,strong,15,01,02
03-01-08-02-02-02-15.wav,0.378,0.3732,0.4092,surprised,strong,15,02,02
03-01-05-01-01-01-16.wav,0.6981,0.2811,0.7684,angry,normal,16,01,01
03-01-05-01-01-02-16.wav,0.66,0.2578,0.7232,angry,normal,16,02,01
03-01-05-02-01-01-16.wav,0.8271,0.2143,0.8511,angry,strong,16,01,01
03-01-05-02-01-02-16.wav,0.802,0.3521,0.8239,angry,strong,16,02,01
03-01-05-01-02-01-16.wav,0.6792,0.3501,0.7406,angry,normal,16,01,02
03-01-05-01-02-02-16.wav,0.6701,0.3733,0.7404,angry,normal,16,02,02
03-01-05-02-02-01-16.wav,0.8149,0.3135,0.8441,angry,strong,16,01,02
03-01-05-02-02-02-16.wav,0.78,0.3194,0.8143,angry,strong,16,02,02
03-01-02-01-01-01-16.wav,0.3629,0.3865,0.4516,calm,normal,16,01,01
03-01-02-01-01-02-16.wav,0.3303,0.3424,0.4252,calm,normal,16,02,01
03-01-02-02-01-01-16.wav,0.3877,0.4069,0.4693,calm,strong,16,01,01
03-01-02-02-01-02-16.wav,0.3718,0.3038,0.4574,calm,strong,16,02,01
03-01-02-01-02-01-16.wav,0.3405,0.3733,0.4314,calm,normal,16,01,02
03-01-02-01-02-02-16.wav,0.3593,0.3844,0.4469,calm,normal,16,02,02
03-01-02-02-02-01-16.wav,0.3114,0.3577,0.4075,calm,strong,16,01,02
03-01-02-02-02-02-16.wav,0.3387,0.3784,0.4276,calm,strong,16,02,02
03-01-07-01-01-01-16.wav,0.5016,0.3146,0.5603,disgust,normal,16,01,01
03-01-07-01-01-02-16.wav,0.5912,0.2657,0.6625,disgust,normal,16,02,01
03-01-07-02-01-01-16.wav,0.4576,0.2143,0.5749,disgust,strong,16,01,01
03-01-07-02-01-02-16.wav,0.5721,0.2596,0.6529,disgust,strong,16,02,01
03-01-07-01-02-01-16.wav,0.4761,0.3979,0.5584,disgust,normal,16,01,02
03-01-07-01-02-02-16.wav,0.5013,0.299,0.5862,disgust,normal,16,02,02
03-01-07-02-02-01-16.wav,0.5299,0.332,0.6209,disgust,strong,16,01,02
03-01-07-02-02-02-16.wav,0.5497,0.298,0.6488,disgust,strong,16,02,02
03-01-06-01-01-01-16.wav,0.5092,0.3593,0.4905,fearful,normal,16,01,01
03-01-06-01-01-02-16.wav,0.4863,0.3265,0.5036,fearful,normal,16,02,01
03-01-06-02-01-01-16.wav,0.7375,0.4274,0.699,fearful,strong,16,01,01
03-01-06-02-01-02-16.wav,0.7793,0.354,0.7215,fearful,strong,16,02,01
03-01-06-01-02-01-16.wav,0.4781,0.374,0.506,fearful,normal,16,01,02
03-01-06-01-02-02-16.wav,0.5919,0.3413,0.596,fearful,normal,16,02,02
03-01-06-02-02-01-16.wav,0.7926,0.3771,0.7419,fearful,strong,16,01,02
03-01-06-02-02-02-16.wav,0.7882,0.328,0.7406,fearful,strong,16,02,02
03-01-03-01-01-01-16.wav,0.5096,0.3994,0.5677,happy,normal,16,01,01
03-01-03-01-01-02-16.wav,0.54,0.4427,0.5848,happy,normal,16,02,01
03-01-03-02-01-01-16.wav,0.6429,0.4041,0.6731,happy,strong,16,01,01
03-01-03-02-01-02-16.wav,0.635,0.4548,0.6537,happy,strong,16,02,01
03-01-03-01-02-01-16.wav,0.4913,0.4298,0.5504,happy,normal,16,01,02
03-01-03-01-02-02-16.wav,0.4929,0.4145,0.5531,happy,normal,16,02,02
03-01-03-02-02-01-16.wav,0.6723,0.3703,0.6936,happy,strong,16,01,02
03-01-03-02-02-02-16.wav,0.5937,0.4468,0.6347,happy,strong,16,02,02
03-01-04-01-01-01-16.wav,0.4083,0.3362,0.4539,sad,normal,16,01,01
03-01-04-01-01-02-16.wav,0.4266,0.3825,0.4814,sad,normal,16,02,01
03-01-04-02-01-01-16.wav,0.4865,0.4706,0.5045,sad,strong,16,01,01
03-01-04-02-01-02-16.wav,0.3892,0.3358,0.3968,sad,strong,16,02,01
03-01-04-01-02-01-16.wav,0.4019,0.3972,0.4664,sad,normal,16,01,02
03-01-04-01-02-02-16.wav,0.3886,0.3781,0.4527,sad,normal,16,02,02
03-01-04-02-02-01-16.wav,0.4068,0.4276,0.4339,sad,strong,16,01,02
03-01-04-02-02-02-16.wav,0.4673,0.325,0.4665,sad,strong,16,02,02
03-01-08-01-01-01-16.wav,0.5411,0.442,0.5796,surprised,normal,16,01,01
03-01-08-01-01-02-16.wav,0.6374,0.4049,0.6726,surprised,normal,16,02,01
03-01-08-02-01-01-16.wav,0.6497,0.4543,0.6649,surprised,strong,16,01,01
03-01-08-02-01-02-16.wav,0.6904,0.4273,0.7138,surprised,strong,16,02,01
03-01-08-01-02-01-16.wav,0.6595,0.4302,0.6908,surprised,normal,16,01,02
03-01-08-01-02-02-16.wav,0.7032,0.4709,0.7352,surprised,normal,16,02,02
03-01-08-02-02-01-16.wav,0.6938,0.4202,0.715,surprised,strong,16,01,02
03-01-08-02-02-02-16.wav,0.6799,0.4664,0.7056,surprised,strong,16,02,02
03-01-05-01-01-01-17.wav,0.226,0.3421,0.3497,angry,normal,17,01,01
03-01-05-01-01-02-17.wav,0.2024,0.3185,0.3253,angry,normal,17,02,01
03-01-05-02-01-01-17.wav,0.5975,0.4907,0.6303,angry,strong,17,01,01
03-01-05-02-01-02-17.wav,0.7048,0.3637,0.7243,angry,strong,17,02,01
03-01-05-01-02-01-17.wav,0.3068,0.327,0.4201,angry,normal,17,01,02
03-01-05-01-02-02-17.wav,0.2763,0.3365,0.3862,angry,normal,17,02,02
03-01-05-02-02-01-17.wav,0.6027,0.408,0.6484,angry,strong,17,01,02
03-01-05-02-02-02-17.wav,0.6067,0.3868,0.6695,angry,strong,17,02,02
03-01-02-01-01-01-17.wav,0.2227,0.3692,0.339,calm,normal,17,01,01
03-01-02-01-01-02-17.wav,0.2459,0.3735,0.3699,calm,normal,17,02,01
03-01-02-02-01-01-17.wav,0.1655,0.309,0.3169,calm,strong,17,01,01
03-01-02-02-01-02-17.wav,0.1752,0.3218,0.313,calm,strong,17,02,01
03-01-02-01-02-01-17.wav,0.2077,0.3632,0.3549,calm,normal,17,01,02
03-01-02-01-02-02-17.wav,0.215,0.3708,0.3549,calm,normal,17,02,02
03-01-02-02-02-01-17.wav,0.1795,0.3299,0.3286,calm,strong,17,01,02
03-01-02-02-02-02-17.wav,0.1596,0.3158,0.3022,calm,strong,17,02,02
03-01-07-01-01-01-17.wav,0.3372,0.3294,0.4403,disgust,normal,17,01,01
03-01-07-01-01-02-17.wav,0.3781,0.3739,0.459,disgust,normal,17,02,01
03-01-07-02-01-01-17.wav,0.5531,0.2895,0.6165,disgust,strong,17,01,01
03-01-07-02-01-02-17.wav,0.5513,0.3292,0.601,disgust,strong,17,02,01
03-01-07-01-02-01-17.wav,0.29,0.3403,0.4077,disgust,normal,17,01,02
03-01-07-01-02-02-17.wav,0.2947,0.3468,0.4266,disgust,normal,17,02,02
03-01-07-02-02-01-17.wav,0.5206,0.2944,0.6033,disgust,strong,17,01,02
03-01-07-02-02-02-17.wav,0.4451,0.2619,0.5429,disgust,strong,17,02,02
03-01-06-01-01-01-17.wav,0.3644,0.393,0.4286,fearful,normal,17,01,01
03-01-06-01-01-02-17.wav,0.469,0.3569,0.4735,fearful,normal,17,02,01
03-01-06-02-01-01-17.wav,0.7157,0.3501,0.6825,fearful,strong,17,01,01
03-01-06-02-01-02-17.wav,0.7653,0.3513,0.7209,fearful,strong,17,02,01
03-01-06-01-02-01-17.wav,0.4041,0.3525,0.4494,fearful,normal,17,01,02
03-01-06-01-02-02-17.wav,0.7311,0.3865,0.705,fearful,normal,17,02,02
03-01-06-02-02-01-17.wav,0.7619,0.4006,0.7476,fearful,strong,17,01,02
03-01-06-02-02-02-17.wav,0.7311,0.4508,0.6928,fearful,strong,17,02,02
03-01-03-01-01-01-17.wav,0.2568,0.3684,0.3642,happy,normal,17,01,01
03-01-03-01-01-02-17.wav,0.3818,0.4292,0.4492,happy,normal,17,02,01
03-01-03-02-01-01-17.wav,0.5978,0.3407,0.581,happy,strong,17,01,01
03-01-03-02-01-02-17.wav,0.6172,0.3658,0.63,happy,strong,17,02,01
03-01-03-01-02-01-17.wav,0.3565,0.4004,0.4538,happy,normal,17,01,02
03-01-03-01-02-02-17.wav,0.334,0.4263,0.4386,happy,normal,17,02,02
03-01-03-02-02-01-17.wav,0.6013,0.3964,0.6161,happy,strong,17,01,02
03-01-03-02-02-02-17.wav,0.5946,0.4243,0.6174,happy,strong,17,02,02
03-01-04-01-01-01-17.wav,0.2661,0.3486,0.363,sad,normal,17,01,01
03-01-04-01-01-02-17.wav,0.3104,0.3329,0.3945,sad,normal,17,02,01
03-01-04-02-01-01-17.wav,0.3703,0.3194,0.397,sad,strong,17,01,01
03-01-04-02-01-02-17.wav,0.3212,0.3146,0.3677,sad,strong,17,02,01
03-01-04-01-02-01-17.wav,0.2417,0.3448,0.3761,sad,normal,17,01,02
03-01-04-01-02-02-17.wav,0.3168,0.4011,0.4121,sad,normal,17,02,02
03-01-04-02-02-01-17.wav,0.3404,0.308,0.4055,sad,strong,17,01,02
03-01-04-02-02-02-17.wav,0.3648,0.3086,0.3994,sad,strong,17,02,02
03-01-08-01-01-01-17.wav,0.5119,0.5241,0.5359,surprised,normal,17,01,01
03-01-08-01-01-02-17.wav,0.4853,0.4114,0.5417,surprised,normal,17,02,01
03-01-08-02-01-01-17.wav,0.6086,0.4021,0.6474,surprised,strong,17,01,01
03-01-08-02-01-02-17.wav,0.5074,0.421,0.5532,surprised,strong,17,02,01
03-01-08-01-02-01-17.wav,0.5371,0.4583,0.5709,surprised,normal,17,01,02
03-01-08-01-02-02-17.wav,0.4997,0.4381,0.5613,surprised,normal,17,02,02
03-01-08-02-02-01-17.wav,0.7232,0.4581,0.7063,surprised,strong,17,01,02
03-01-08-02-02-02-17.wav,0.6824,0.3779,0.6887,surprised,strong,17,02,02
03-01-05-01-01-01-18.wav,0.5408,0.3685,0.6274,angry,normal,18,01,01
03-01-05-01-01-02-18.wav,0.4828,0.3202,0.5746,angry,normal,18,02,01
03-01-05-02-01-01-18.wav,0.8275,0.2704,0.8234,angry,strong,18,01,01
03-01-05-02-01-02-18.wav,0.807,0.3298,0.8032,angry,strong,18,02,01
03-01-05-01-02-01-18.wav,0.6676,0.3978,0.7172,angry,normal,18,01,02
03-01-05-01-02-02-18.wav,0.5935,0.4,0.6599,angry,normal,18,02,02
03-01-05-02-02-01-18.wav,0.8264,0.3519,0.8224,angry,strong,18,01,02
03-01-05-02-02-02-18.wav,0.8552,0.3767,0.8499,angry,strong,18,02,02
03-01-02-01-01-01-18.wav,0.3104,0.3869,0.3878,calm,normal,18,01,01
03-01-02-01-01-02-18.wav,0.2757,0.3954,0.3555,calm,normal,18,02,01
03-01-02-02-01-01-18.wav,0.2633,0.3965,0.3477,calm,strong,18,01,01
03-01-02-02-01-02-18.wav,0.2527,0.4003,0.3445,calm,strong,18,02,01
03-01-02-01-02-01-18.wav,0.3337,0.3899,0.4207,calm,normal,18,01,02
03-01-02-01-02-02-18.wav,0.3736,0.4221,0.4551,calm,normal,18,02,02
03-01-02-02-02-01-18.wav,0.3507,0.4249,0.4323,calm,strong,18,01,02
03-01-02-02-02-02-18.wav,0.3514,0.4418,0.433,calm,strong,18,02,02
03-01-07-01-01-01-18.wav,0.4111,0.2937,0.4271,disgust,normal,18,01,01
03-01-07-01-01-02-18.wav,0.4549,0.333,0.4957,disgust,normal,18,02,01
03-01-07-02-01-01-18.wav,0.6357,0.2708,0.5781,disgust,strong,18,01,01
03-01-07-02-01-02-18.wav,0.5949,0.2774,0.5232,disgust,strong,18,02,01
03-01-07-01-02-01-18.wav,0.5483,0.3465,0.5698,disgust,normal,18,01,02
03-01-07-01-02-02-18.wav,0.4353,0.3162,0.4612,disgust,normal,18,02,02
03-01-07-02-02-01-18.wav,0.6464,0.3051,0.6625,disgust,strong,18,01,02
03-01-07-02-02-02-18.wav,0.7637,0.2906,0.7715,disgust,strong,18,02,02
03-01-06-01-01-01-18.wav,0.5215,0.3431,0.4846,fearful,normal,18,01,01
03-01-06-01-01-02-18.wav,0.4747,0.3567,0.4537,fearful,normal,18,02,01
03-01-06-02-01-01-18.wav,0.7312,0.3915,0.6675,fearful,strong,18,01,01
03-01-06-02-01-02-18.wav,0.6756,0.4666,0.6189,fearful,strong,18,02,01
03-01-06-01-02-01-18.wav,0.4603,0.3413,0.4723,fearful,normal,18,01,02
03-01-06-01-02-02-18.wav,0.5105,0.3706,0.5069,fearful,normal,18,02,02
03-01-06-02-02-01-18.wav,0.7207,0.5496,0.6681,fearful,strong,18,01,02
03-01-06-02-02-02-18.wav,0.7177,0.4862,0.6639,fearful,strong,18,02,02
03-01-03-01-01-01-18.wav,0.4942,0.4813,0.5217,happy,normal,18,01,01
03-01-03-01-01-02-18.wav,0.455,0.4613,0.4753,happy,normal,18,02,01
03-01-03-02-01-01-18.wav,0.7332,0.4028,0.6992,happy,strong,18,01,01
03-01-03-02-01-02-18.wav,0.7552,0.5041,0.6831,happy,strong,18,02,01
03-01-03-01-02-01-18.wav,0.4422,0.4719,0.4855,happy,normal,18,01,02
03-01-03-01-02-02-18.wav,0.492,0.5123,0.5139,happy,normal,18,02,02
03-01-03-02-02-01-18.wav,0.7205,0.4769,0.6738,happy,strong,18,01,02
03-01-03-02-02-02-18.wav,0.7544,0.5214,0.7284,happy,strong,18,02,02
03-01-04-01-01-01-18.wav,0.3806,0.3992,0.4379,sad,normal,18,01,01
03-01-04-01-01-02-18.wav,0.3836,0.3678,0.4307,sad,normal,18,02,01
03-01-04-02-01-01-18.wav,0.6888,0.4079,0.5986,sad,strong,18,01,01
03-01-04-02-01-02-18.wav,0.624,0.4905,0.5482,sad,strong,18,02,01
03-01-04-01-02-01-18.wav,0.2974,0.3368,0.3745,sad,normal,18,01,02
03-01-04-01-02-02-18.wav,0.3492,0.3743,0.4238,sad,normal,18,02,02
03-01-04-02-02-01-18.wav,0.5923,0.4752,0.5512,sad,strong,18,01,02
03-01-04-02-02-02-18.wav,0.6779,0.4858,0.638,sad,strong,18,02,02
03-01-08-01-01-01-18.wav,0.4134,0.4211,0.4287,surprised,normal,18,01,01
03-01-08-01-01-02-18.wav,0.4175,0.418,0.4599,surprised,normal,18,02,01
03-01-08-02-01-01-18.wav,0.5438,0.3748,0.5435,surprised,strong,18,01,01
03-01-08-02-01-02-18.wav,0.538,0.4221,0.5697,surprised,strong,18,02,01
03-01-08-01-02-01-18.wav,0.4664,0.4373,0.5128,surprised,normal,18,01,02
03-01-08-01-02-02-18.wav,0.4527,0.4489,0.484,surprised,normal,18,02,02
03-01-08-02-02-01-18.wav,0.5774,0.4127,0.6208,surprised,strong,18,01,02
03-01-08-02-02-02-18.wav,0.5891,0.3435,0.6139,surprised,strong,18,02,02
03-01-05-01-01-01-19.wav,0.6488,0.3886,0.6969,angry,normal,19,01,01
03-01-05-01-01-02-19.wav,0.5326,0.3229,0.608,angry,normal,19,02,01
03-01-05-02-01-01-19.wav,0.8472,0.2747,0.8536,angry,strong,19,01,01
03-01-05-02-01-02-19.wav,0.8941,0.2507,0.8941,angry,strong,19,02,01
03-01-05-01-02-01-19.wav,0.5131,0.4605,0.5699,angry,normal,19,01,02
03-01-05-01-02-02-19.wav,0.5886,0.2964,0.646,angry,normal,19,02,02
03-01-05-02-02-01-19.wav,0.8905,0.2414,0.8892,angry,strong,19,01,02
03-01-05-02-02-02-19.wav,0.871,0.2692,0.8839,angry,strong,19,02,02
03-01-02-01-01-01-19.wav,0.1811,0.3476,0.2955,calm,normal,19,01,01
03-01-02-01-01-02-19.wav,0.1768,0.3184,0.2933,calm,normal,19,02,01
03-01-02-02-01-01-19.wav,0.1816,0.2857,0.2717,calm,strong,19,01,01
03-01-02-02-01-02-19.wav,0.1592,0.2659,0.28,calm,strong,19,02,01
03-01-02-01-02-01-19.wav,0.1749,0.3428,0.2888,calm,normal,19,01,02
03-01-02-01-02-02-19.wav,0.1653,0.3096,0.2775,calm,normal,19,02,02
03-01-02-02-02-01-19.wav,0.1329,0.2647,0.2427,calm,strong,19,01,02
03-01-02-02-02-02-19.wav,0.1385,0.2885,0.2349,calm,strong,19,02,02
03-01-07-01-01-01-19.wav,0.413,0.2306,0.4397,disgust,normal,19,01,01
03-01-07-01-01-02-19.wav,0.3457,0.2427,0.416,disgust,normal,19,02,01
03-01-07-02-01-01-19.wav,0.6189,0.2363,0.6026,disgust,strong,19,01,01
03-01-07-02-01-02-19.wav,0.7494,0.2498,0.6895,disgust,strong,19,02,01
03-01-07-01-02-01-19.wav,0.4679,0.3528,0.4674,disgust,normal,19,01,02
03-01-07-01-02-02-19.wav,0.5275,0.2869,0.5196,disgust,normal,19,02,02
03-01-07-02-02-01-19.wav,0.8231,0.1992,0.8385,disgust,strong,19,01,02
03-01-07-02-02-02-19.wav,0.7809,0.2574,0.763,disgust,strong,19,02,02
03-01-06-01-01-01-19.wav,0.3447,0.2675,0.35,fearful,normal,19,01,01
03-01-06-01-01-02-19.wav,0.3854,0.3247,0.3597,fearful,normal,19,02,01
03-01-06-02-01-01-19.wav,0.7674,0.4502,0.6972,fearful,strong,19,01,01
03-01-06-02-01-02-19.wav,0.819,0.2594,0.7821,fearful,strong,19,02,01
03-01-06-01-02-01-19.wav,0.3844,0.3032,0.3565,fearful,normal,19,01,02
03-01-06-01-02-02-19.wav,0.3481,0.376,0.3817,fearful,normal,19,02,02
03-01-06-02-02-01-19.wav,0.8319,0.3445,0.7719,fearful,strong,19,01,02
03-01-06-02-02-02-19.wav,0.8154,0.3276,0.7641,fearful,strong,19,02,02
03-01-03-01-01-01-19.wav,0.3605,0.3691,0.3975,happy,normal,19,01,01
03-01-03-01-01-02-19.wav,0.4596,0.4808,0.4677,happy,normal,19,02,01
03-01-03-02-01-01-19.wav,0.4805,0.3591,0.5478,happy,strong,19,01,01
03-01-03-02-01-02-19.wav,0.6554,0.5387,0.6176,happy,strong,19,02,01
03-01-03-01-02-01-19.wav,0.3452,0.4229,0.3629,happy,normal,19,01,02
03-01-03-01-02-02-19.wav,0.3713,0.4026,0.415,happy,normal,19,02,02
03-01-03-02-02-01-19.wav,0.6131,0.3294,0.6169,happy,strong,19,01,02
03-01-03-02-02-02-19.wav,0.4547,0.3359,0.5329,happy,strong,19,02,02
03-01-04-01-01-01-19.wav,0.2209,0.3201,0.3383,sad,normal,19,01,01
03-01-04-01-01-02-19.wav,0.1859,0.2526,0.2756,sad,normal,19,02,01
03-01-04-02-01-01-19.wav,0.4507,0.4038,0.375,sad,strong,19,01,01
03-01-04-02-01-02-19.wav,0.365,0.3275,0.3647,sad,strong,19,02,01
03-01-04-01-02-01-19.wav,0.1764,0.2741,0.2729,sad,normal,19,01,02
03-01-04-01-02-02-19.wav,0.1726,0.3257,0.2911,sad,normal,19,02,02
03-01-04-02-02-01-19.wav,0.3002,0.3744,0.3529,sad,strong,19,01,02
03-01-04-02-02-02-19.wav,0.3618,0.3534,0.3987,sad,strong,19,02,02
03-01-08-01-01-01-19.wav,0.2835,0.2966,0.361,surprised,normal,19,01,01
03-01-08-01-01-02-19.wav,0.4215,0.4777,0.452,surprised,normal,19,02,01
03-01-08-02-01-01-19.wav,0.4979,0.3508,0.5316,surprised,strong,19,01,01
03-01-08-02-01-02-19.wav,0.4776,0.3457,0.4902,surprised,strong,19,02,01
03-01-08-01-02-01-19.wav,0.3452,0.3486,0.3931,surprised,normal,19,01,02
03-01-08-01-02-02-19.wav,0.4659,0.4992,0.5023,surprised,normal,19,02,02
03-01-08-02-02-01-19.wav,0.5745,0.505,0.5534,surprised,strong,19,01,02
03-01-08-02-02-02-19.wav,0.5968,0.3689,0.6353,surprised,strong,19,02,02
03-01-05-01-01-01-20.wav,0.4395,0.4014,0.4873,angry,normal,20,01,01
03-01-05-01-01-02-20.wav,0.7121,0.356,0.7117,angry,normal,20,02,01
03-01-05-02-01-01-20.wav,0.7482,0.324,0.7853,angry,strong,20,01,01
03-01-05-02-01-02-20.wav,0.8375,0.3834,0.8395,angry,strong,20,02,01
03-01-05-01-02-01-20.wav,0.4694,0.3706,0.5345,angry,normal,20,01,02
03-01-05-01-02-02-20.wav,0.6216,0.3771,0.6511,angry,normal,20,02,02
03-01-05-02-02-01-20.wav,0.9004,0.3735,0.8946,angry,strong,20,01,02
03-01-05-02-02-02-20.wav,0.8022,0.4282,0.8039,angry,strong,20,02,02
03-01-02-01-01-01-20.wav,0.2995,0.3399,0.3648,calm,normal,20,01,01
03-01-02-01-01-02-20.wav,0.2894,0.3859,0.3419,calm,normal,20,02,01
03-01-02-02-01-01-20.wav,0.2933,0.3687,0.3578,calm,strong,20,01,01
03-01-02-02-01-02-20.wav,0.2008,0.2979,0.2977,calm,strong,20,02,01
03-01-02-01-02-01-20.wav,0.2864,0.3755,0.3473,calm,normal,20,01,02
03-01-02-01-02-02-20.wav,0.2846,0.3425,0.36,calm,normal,20,02,02
03-01-02-02-02-01-20.wav,0.2207,0.2771,0.2993,calm,strong,20,01,02
03-01-02-02-02-02-20.wav,0.2407,0.345,0.3108,calm,strong,20,02,02
03-01-07-01-01-01-20.wav,0.5362,0.3573,0.5691,disgust,normal,20,01,01
03-01-07-01-01-02-20.wav,0.453,0.2761,0.4779,disgust,normal,20,02,01
03-01-07-02-01-01-20.wav,0.6341,0.3423,0.6378,disgust,strong,20,01,01
03-01-07-02-01-02-20.wav,0.5648,0.3907,0.4793,disgust,strong,20,02,01
03-01-07-01-02-01-20.wav,0.4161,0.3378,0.4668,disgust,normal,20,01,02
03-01-07-01-02-02-20.wav,0.3526,0.2698,0.3815,disgust,normal,20,02,02
03-01-07-02-02-01-20.wav,0.6817,0.2808,0.6693,disgust,strong,20,01,02
03-01-07-02-02-02-20.wav,0.7482,0.3039,0.7468,disgust,strong,20,02,02
03-01-06-01-01-01-20.wav,0.3502,0.257,0.332,fearful,normal,20,01,01
03-01-06-01-01-02-20.wav,0.3858,0.2553,0.3662,fearful,normal,20,02,01
03-01-06-02-01-01-20.wav,0.742,0.5221,0.6787,fearful,strong,20,01,01
03-01-06-02-01-02-20.wav,0.7913,0.547,0.7388,fearful,strong,20,02,01
03-01-06-01-02-01-20.wav,0.3275,0.282,0.3197,fearful,normal,20,01,02
03-01-06-01-02-02-20.wav,0.2608,0.3137,0.3084,fearful,normal,20,02,02
03-01-06-02-02-01-20.wav,0.7765,0.4821,0.742,fearful,strong,20,01,02
03-01-06-02-02-02-20.wav,0.7654,0.3836,0.7094,fearful,strong,20,02,02
03-01-03-01-01-01-20.wav,0.5894,0.4731,0.6052,happy,normal,20,01,01
03-01-03-01-01-02-20.wav,0.5185,0.3929,0.5478,happy,normal,20,02,01
03-01-03-02-01-01-20.wav,0.6863,0.5201,0.6751,happy,strong,20,01,01
03-01-03-02-01-02-20.wav,0.7783,0.7608,0.7429,happy,strong,20,02,01
03-01-03-01-02-01-20.wav,0.4627,0.4233,0.5393,happy,normal,20,01,02
03-01-03-01-02-02-20.wav,0.5492,0.5048,0.5692,happy,normal,20,02,02
03-01-03-02-02-01-20.wav,0.784,0.5439,0.7827,happy,strong,20,01,02
03-01-03-02-02-02-20.wav,0.8331,0.4986,0.8174,happy,strong,20,02,02
03-01-04-01-01-01-20.wav,0.1642,0.2176,0.2323,sad,normal,20,01,01
03-01-04-01-01-02-20.wav,0.2182,0.2867,0.2895,sad,normal,20,02,01
03-01-04-02-01-01-20.wav,0.3316,0.3475,0.3467,sad,strong,20,01,01
03-01-04-02-01-02-20.wav,0.6737,0.5724,0.6091,sad,strong,20,02,01
03-01-04-01-02-01-20.wav,0.2523,0.3041,0.3158,sad,normal,20,01,02
03-01-04-01-02-02-20.wav,0.1803,0.2789,0.2674,sad,normal,20,02,02
03-01-04-02-02-01-20.wav,0.2983,0.3715,0.3165,sad,strong,20,01,02
03-01-04-02-02-02-20.wav,0.6133,0.4669,0.5325,sad,strong,20,02,02
03-01-08-01-01-01-20.wav,0.592,0.3616,0.5851,surprised,normal,20,01,01
03-01-08-01-01-02-20.wav,0.6528,0.4496,0.6176,surprised,normal,20,02,01
03-01-08-02-01-01-20.wav,0.6979,0.5462,0.6603,surprised,strong,20,01,01
03-01-08-02-01-02-20.wav,0.5961,0.4029,0.577,surprised,strong,20,02,01
03-01-08-01-02-01-20.wav,0.5551,0.4718,0.5549,surprised,normal,20,01,02
03-01-08-01-02-02-20.wav,0.563,0.5093,0.5765,surprised,normal,20,02,02
03-01-08-02-02-01-20.wav,0.7714,0.6106,0.7458,surprised,strong,20,01,02
03-01-08-02-02-02-20.wav,0.5914,0.3735,0.5602,surprised,strong,20,02,02
03-01-05-01-01-01-21.wav,0.5757,0.4139,0.6466,angry,normal,21,01,01
03-01-05-01-01-02-21.wav,0.565,0.3785,0.6436,angry,normal,21,02,01
03-01-05-02-01-01-21.wav,0.6639,0.3457,0.7147,angry,strong,21,01,01
03-01-05-02-01-02-21.wav,0.7025,0.3842,0.7301,angry,strong,21,02,01
03-01-05-01-02-01-21.wav,0.5761,0.3763,0.6528,angry,normal,21,01,02
03-01-05-01-02-02-21.wav,0.584,0.4222,0.6537,angry,normal,21,02,02
03-01-05-02-02-01-21.wav,0.634,0.3706,0.693,angry,strong,21,01,02
03-01-05-02-02-02-21.wav,0.7012,0.3815,0.7401,angry,strong,21,02,02
03-01-02-01-01-01-21.wav,0.1756,0.3662,0.3336,calm,normal,21,01,01
03-01-02-01-01-02-21.wav,0.2071,0.3901,0.35,calm,normal,21,02,01
03-01-02-02-01-01-21.wav,0.1747,0.3796,0.3299,calm,strong,21,01,01
03-01-02-02-01-02-21.wav,0.1603,0.328,0.3083,calm,strong,21,02,01
03-01-02-01-02-01-21.wav,0.2077,0.4017,0.3658,calm,normal,21,01,02
03-01-02-01-02-02-21.wav,0.1958,0.4009,0.346,calm,normal,21,02,02
03-01-02-02-02-01-21.wav,0.1834,0.3759,0.3421,calm,strong,21,01,02
03-01-02-02-02-02-21.wav,0.1865,0.3606,0.3339,calm,strong,21,02,02
03-01-07-01-01-01-21.wav,0.4263,0.3634,0.5293,disgust,normal,21,01,01
03-01-07-01-01-02-21.wav,0.4024,0.3696,0.5134,disgust,normal,21,02,01
03-01-07-02-01-01-21.wav,0.3197,0.319,0.4608,disgust,strong,21,01,01
03-01-07-02-01-02-21.wav,0.324,0.3158,0.4673,disgust,strong,21,02,01
03-01-07-01-02-01-21.wav,0.4643,0.4176,0.5572,disgust,normal,21,01,02
03-01-07-01-02-02-21.wav,0.441,0.4095,0.5165,disgust,normal,21,02,02
03-01-07-02-02-01-21.wav,0.4031,0.3407,0.5414,disgust,strong,21,01,02
03-01-07-02-02-02-21.wav,0.3605,0.3483,0.5053,disgust,strong,21,02,02
03-01-06-01-01-01-21.wav,0.3977,0.3865,0.4179,fearful,normal,21,01,01
03-01-06-01-01-02-21.wav,0.413,0.4184,0.4369,fearful,normal,21,02,01
03-01-06-02-01-01-21.wav,0.529,0.4605,0.5328,fearful,strong,21,01,01
03-01-06-02-01-02-21.wav,0.5868,0.5076,0.5647,fearful,strong,21,02,01
03-01-06-01-02-01-21.wav,0.3611,0.4278,0.4169,fearful,normal,21,01,02
03-01-06-01-02-02-21.wav,0.3545,0.3753,0.4257,fearful,normal,21,02,02
03-01-06-02-02-01-21.wav,0.5929,0.5042,0.5746,fearful,strong,21,01,02
03-01-06-02-02-02-21.wav,0.5445,0.4141,0.5283,fearful,strong,21,02,02
03-01-03-01-01-01-21.wav,0.3101,0.4628,0.4265,happy,normal,21,01,01
03-01-03-01-01-02-21.wav,0.3466,0.4921,0.457,happy,normal,21,02,01
03-01-03-02-01-01-21.wav,0.5764,0.5542,0.6096,happy,strong,21,01,01
03-01-03-02-01-02-21.wav,0.6163,0.5929,0.631,happy,strong,21,02,01
03-01-03-01-02-01-21.wav,0.3242,0.4686,0.4353,happy,normal,21,01,02
03-01-03-01-02-02-21.wav,0.3387,0.4588,0.4533,happy,normal,21,02,02
03-01-03-02-02-01-21.wav,0.4735,0.461,0.539,happy,strong,21,01,02
03-01-03-02-02-02-21.wav,0.5531,0.5502,0.5862,happy,strong,21,02,02
03-01-04-01-01-01-21.wav,0.1995,0.3032,0.3179,sad,normal,21,01,01
03-01-04-01-01-02-21.wav,0.1588,0.2787,0.2763,sad,normal,21,02,01
03-01-04-02-01-01-21.wav,0.4268,0.4389,0.4444,sad,strong,21,01,01
03-01-04-02-01-02-21.wav,0.4238,0.4113,0.4247,sad,strong,21,02,01
03-01-04-01-02-01-21.wav,0.2062,0.35,0.3428,sad,normal,21,01,02
03-01-04-01-02-02-21.wav,0.2309,0.3704,0.3497,sad,normal,21,02,02
03-01-04-02-02-01-21.wav,0.3423,0.4272,0.3916,sad,strong,21,01,02
03-01-04-02-02-02-21.wav,0.3836,0.4653,0.4321,sad,strong,21,02,02
03-01-08-01-01-01-21.wav,0.5505,0.5301,0.5805,surprised,normal,21,01,01
03-01-08-01-01-02-21.wav,0.5536,0.4979,0.5725,surprised,normal,21,02,01
03-01-08-02-01-01-21.wav,0.6412,0.4097,0.6558,surprised,strong,21,01,01
03-01-08-02-01-02-21.wav,0.6082,0.4922,0.619,surprised,strong,21,02,01
03-01-08-01-02-01-21.wav,0.5254,0.4535,0.5481,surprised,normal,21,01,02
03-01-08-01-02-02-21.wav,0.5137,0.4738,0.5648,surprised,normal,21,02,02
03-01-08-02-02-01-21.wav,0.6258,0.419,0.6436,surprised,strong,21,01,02
03-01-08-02-02-02-21.wav,0.6243,0.4531,0.6464,surprised,strong,21,02,02
03-01-05-01-01-01-22.wav,0.4493,0.36,0.5521,angry,normal,22,01,01
03-01-05-01-01-02-22.wav,0.4344,0.3412,0.542,angry,normal,22,02,01
03-01-05-02-01-01-22.wav,0.678,0.3332,0.732,angry,strong,22,01,01
03-01-05-02-01-02-22.wav,0.69,0.2757,0.7369,angry,strong,22,02,01
03-01-05-01-02-01-22.wav,0.4247,0.3696,0.5375,angry,normal,22,01,02
03-01-05-01-02-02-22.wav,0.446,0.3585,0.5837,angry,normal,22,02,02
03-01-05-02-02-01-22.wav,0.7323,0.323,0.7736,angry,strong,22,01,02
03-01-05-02-02-02-22.wav,0.7408,0.3147,0.7806,angry,strong,22,02,02
03-01-02-01-01-01-22.wav,0.264,0.3847,0.3729,calm,normal,22,01,01
03-01-02-01-01-02-22.wav,0.2947,0.4317,0.3935,calm,normal,22,02,01
03-01-02-02-01-01-22.wav,0.2911,0.3239,0.3966,calm,strong,22,01,01
03-01-02-02-01-02-22.wav,0.2868,0.3393,0.3929,calm,strong,22,02,01
03-01-02-01-02-01-22.wav,0.291,0.4025,0.386,calm,normal,22,01,02
03-01-02-01-02-02-22.wav,0.246,0.3686,0.3569,calm,normal,22,02,02
03-01-02-02-02-01-22.wav,0.2365,0.3335,0.3479,calm,strong,22,01,02
03-01-02-02-02-02-22.wav,0.2378,0.3077,0.3654,calm,strong,22,02,02
03-01-07-01-01-01-22.wav,0.4185,0.3993,0.4908,disgust,normal,22,01,01
03-01-07-01-01-02-22.wav,0.4092,0.3303,0.5054,disgust,normal,22,02,01
03-01-07-02-01-01-22.wav,0.4588,0.3028,0.5334,disgust,strong,22,01,01
03-01-07-02-01-02-22.wav,0.4684,0.3216,0.5557,disgust,strong,22,02,01
03-01-07-01-02-01-22.wav,0.3944,0.4069,0.4726,disgust,normal,22,01,02
03-01-07-01-02-02-22.wav,0.3855,0.3611,0.462,disgust,normal,22,02,02
03-01-07-02-02-01-22.wav,0.46,0.3179,0.5212,disgust,strong,22,01,02
03-01-07-02-02-02-22.wav,0.5236,0.3427,0.6106,disgust,strong,22,02,02
03-01-06-01-01-01-22.wav,0.3995,0.3527,0.4504,fearful,normal,22,01,01
03-01-06-01-01-02-22.wav,0.4175,0.326,0.4598,fearful,normal,22,02,01
03-01-06-02-01-01-22.wav,0.6448,0.2989,0.6148,fearful,strong,22,01,01
03-01-06-02-01-02-22.wav,0.6701,0.3495,0.6524,fearful,strong,22,02,01
03-01-06-01-02-01-22.wav,0.4126,0.3911,0.4673,fearful,normal,22,01,02
03-01-06-01-02-02-22.wav,0.4703,0.4043,0.5185,fearful,normal,22,02,02
03-01-06-02-02-01-22.wav,0.6467,0.3695,0.646,fearful,strong,22,01,02
03-01-06-02-02-02-22.wav,0.6914,0.3562,0.6655,fearful,strong,22,02,02
03-01-03-01-01-01-22.wav,0.4,0.4433,0.4649,happy,normal,22,01,01
03-01-03-01-01-02-22.wav,0.4647,0.4902,0.5158,happy,normal,22,02,01
03-01-03-02-01-01-22.wav,0.6974,0.4383,0.7155,happy,strong,22,01,01
03-01-03-02-01-02-22.wav,0.6837,0.368,0.6979,happy,strong,22,02,01
03-01-03-01-02-01-22.wav,0.4326,0.4596,0.5006,happy,normal,22,01,02
03-01-03-01-02-02-22.wav,0.4148,0.4779,0.4848,happy,normal,22,02,02
03-01-03-02-02-01-22.wav,0.748,0.3491,0.765,happy,strong,22,01,02
03-01-03-02-02-02-22.wav,0.6727,0.4115,0.7122,happy,strong,22,02,02
03-01-04-01-01-01-22.wav,0.2527,0.308,0.3578,sad,normal,22,01,01
03-01-04-01-01-02-22.wav,0.2894,0.345,0.3721,sad,normal,22,02,01
03-01-04-02-01-01-22.wav,0.3407,0.3082,0.4084,sad,strong,22,01,01
03-01-04-02-01-02-22.wav,0.3264,0.3057,0.3822,sad,strong,22,02,01
03-01-04-01-02-01-22.wav,0.269,0.3411,0.3698,sad,normal,22,01,02
03-01-04-01-02-02-22.wav,0.2592,0.3202,0.3521,sad,normal,22,02,02
03-01-04-02-02-01-22.wav,0.2712,0.2524,0.3469,sad,strong,22,01,02
03-01-04-02-02-02-22.wav,0.352,0.3077,0.4221,sad,strong,22,02,02
03-01-08-01-01-01-22.wav,0.6203,0.4428,0.6476,surprised,normal,22,01,01
03-01-08-01-01-02-22.wav,0.6297,0.398,0.6579,surprised,normal,22,02,01
03-01-08-02-01-01-22.wav,0.6378,0.434,0.6693,surprised,strong,22,01,01
03-01-08-02-01-02-22.wav,0.6751,0.4093,0.7079,surprised,strong,22,02,01
03-01-08-01-02-01-22.wav,0.6048,0.4922,0.6338,surprised,normal,22,01,02
03-01-08-01-02-02-22.wav,0.6575,0.4988,0.6776,surprised,normal,22,02,02
03-01-08-02-02-01-22.wav,0.7504,0.4395,0.7664,surprised,strong,22,01,02
03-01-08-02-02-02-22.wav,0.6991,0.4214,0.7249,surprised,strong,22,02,02
03-01-05-01-01-01-23.wav,0.6171,0.4441,0.6179,angry,normal,23,01,01
03-01-05-01-01-02-23.wav,0.5863,0.4443,0.5937,angry,normal,23,02,01
03-01-05-02-01-01-23.wav,0.7938,0.348,0.784,angry,strong,23,01,01
03-01-05-02-01-02-23.wav,0.7854,0.3958,0.7551,angry,strong,23,02,01
03-01-05-01-02-01-23.wav,0.6175,0.4437,0.6299,angry,normal,23,01,02
03-01-05-01-02-02-23.wav,0.6297,0.4601,0.6364,angry,normal,23,02,02
03-01-05-02-02-01-23.wav,0.8094,0.4089,0.7858,angry,strong,23,01,02
03-01-05-02-02-02-23.wav,0.796,0.3903,0.7743,angry,strong,23,02,02
03-01-02-01-01-01-23.wav,0.2885,0.4651,0.4039,calm,normal,23,01,01
03-01-02-01-01-02-23.wav,0.2715,0.459,0.3896,calm,normal,23,02,01
03-01-02-02-01-01-23.wav,0.227,0.3697,0.3654,calm,strong,23,01,01
03-01-02-02-01-02-23.wav,0.2064,0.3646,0.3374,calm,strong,23,02,01
03-01-02-01-02-01-23.wav,0.3192,0.4863,0.4097,calm,normal,23,01,02
03-01-02-01-02-02-23.wav,0.3064,0.4867,0.4074,calm,normal,23,02,02
03-01-02-02-02-01-23.wav,0.2462,0.4222,0.3562,calm,strong,23,01,02
03-01-02-02-02-02-23.wav,0.2195,0.3931,0.3504,calm,strong,23,02,02
03-01-07-01-01-01-23.wav,0.3376,0.2754,0.4205,disgust,normal,23,01,01
03-01-07-01-01-02-23.wav,0.3241,0.3023,0.3743,disgust,normal,23,02,01
03-01-07-02-01-01-23.wav,0.4243,0.2711,0.5071,disgust,strong,23,01,01
03-01-07-02-01-02-23.wav,0.4451,0.2779,0.529,disgust,strong,23,02,01
03-01-07-01-02-01-23.wav,0.3323,0.2998,0.3873,disgust,normal,23,01,02
03-01-07-01-02-02-23.wav,0.3343,0.3027,0.3932,disgust,normal,23,02,02
03-01-07-02-02-01-23.wav,0.5166,0.2813,0.5578,disgust,strong,23,01,02
03-01-07-02-02-02-23.wav,0.4263,0.3446,0.4925,disgust,strong,23,02,02
03-01-06-01-01-01-23.wav,0.3659,0.3382,0.4169,fearful,normal,23,01,01
03-01-06-01-01-02-23.wav,0.3262,0.3959,0.3765,fearful,normal,23,02,01
03-01-06-02-01-01-23.wav,0.4465,0.3687,0.4605,fearful,strong,23,01,01
03-01-06-02-01-02-23.wav,0.4757,0.3942,0.492,fearful,strong,23,02,01
03-01-06-01-02-01-23.wav,0.3364,0.424,0.3795,fearful,normal,23,01,02
03-01-06-01-02-02-23.wav,0.3966,0.4473,0.4357,fearful,normal,23,02,02
03-01-06-02-02-01-23.wav,0.5311,0.3913,0.542,fearful,strong,23,01,02
03-01-06-02-02-02-23.wav,0.4501,0.3718,0.4525,fearful,strong,23,02,02
03-01-03-01-01-01-23.wav,0.5055,0.4408,0.5285,happy,normal,23,01,01
03-01-03-01-01-02-23.wav,0.5768,0.5406,0.5922,happy,normal,23,02,01
03-01-03-02-01-01-23.wav,0.7012,0.512,0.6814,happy,strong,23,01,01
03-01-03-02-01-02-23.wav,0.6916,0.4939,0.6827,happy,strong,23,02,01
03-01-03-01-02-01-23.wav,0.5288,0.4025,0.5473,happy,normal,23,01,02
03-01-03-01-02-02-23.wav,0.5133,0.4291,0.5533,happy,normal,23,02,02
03-01-03-02-02-01-23.wav,0.6529,0.5292,0.6531,happy,strong,23,01,02
03-01-03-02-02-02-23.wav,0.6416,0.4956,0.6498,happy,strong,23,02,02
03-01-04-01-01-01-23.wav,0.2595,0.39,0.3483,sad,normal,23,01,01
03-01-04-01-01-02-23.wav,0.2284,0.3569,0.3132,sad,normal,23,02,01
03-01-04-02-01-01-23.wav,0.2885,0.3388,0.3009,sad,strong,23,01,01
03-01-04-02-01-02-23.wav,0.252,0.2758,0.2653,sad,strong,23,02,01
03-01-04-01-02-01-23.wav,0.2627,0.3742,0.3403,sad,normal,23,01,02
03-01-04-01-02-02-23.wav,0.3063,0.3868,0.3628,sad,normal,23,02,02
03-01-04-02-02-01-23.wav,0.2975,0.3449,0.3122,sad,strong,23,01,02
03-01-04-02-02-02-23.wav,0.2324,0.2655,0.2766,sad,strong,23,02,02
03-01-08-01-01-01-23.wav,0.6713,0.5091,0.6728,surprised,normal,23,01,01
03-01-08-01-01-02-23.wav,0.6153,0.5431,0.6261,surprised,normal,23,02,01
03-01-08-02-01-01-23.wav,0.6743,0.5146,0.6562,surprised,strong,23,01,01
03-01-08-02-01-02-23.wav,0.7067,0.4615,0.6909,surprised,strong,23,02,01
03-01-08-01-02-01-23.wav,0.6339,0.5286,0.6314,surprised,normal,23,01,02
03-01-08-01-02-02-23.wav,0.6634,0.5278,0.6578,surprised,normal,23,02,02
03-01-08-02-02-01-23.wav,0.726,0.5136,0.7056,surprised,strong,23,01,02
03-01-08-02-02-02-23.wav,0.6913,0.5261,0.6682,surprised,strong,23,02,02
03-01-05-01-01-01-24.wav,0.574,0.2987,0.6562,angry,normal,24,01,01
03-01-05-01-01-02-24.wav,0.5322,0.3081,0.6041,angry,normal,24,02,01
03-01-05-02-01-01-24.wav,0.6656,0.2577,0.7356,angry,strong,24,01,01
03-01-05-02-01-02-24.wav,0.7202,0.2756,0.7777,angry,strong,24,02,01
03-01-05-01-02-01-24.wav,0.4459,0.3305,0.5289,angry,normal,24,01,02
03-01-05-01-02-02-24.wav,0.4134,0.2993,0.4917,angry,normal,24,02,02
03-01-05-02-02-01-24.wav,0.6056,0.2803,0.6815,angry,strong,24,01,02
03-01-05-02-02-02-24.wav,0.5562,0.2738,0.6529,angry,strong,24,02,02
03-01-02-01-01-01-24.wav,0.2543,0.374,0.329,calm,normal,24,01,01
03-01-02-01-01-02-24.wav,0.2844,0.3823,0.3526,calm,normal,24,02,01
03-01-02-02-01-01-24.wav,0.2787,0.3047,0.3792,calm,strong,24,01,01
03-01-02-02-01-02-24.wav,0.2696,0.3729,0.3514,calm,strong,24,02,01
03-01-02-01-02-01-24.wav,0.18,0.2703,0.2689,calm,normal,24,01,02
03-01-02-01-02-02-24.wav,0.2308,0.3043,0.309,calm,normal,24,02,02
03-01-02-02-02-01-24.wav,0.2257,0.3392,0.3212,calm,strong,24,01,02
03-01-02-02-02-02-24.wav,0.217,0.3285,0.3079,calm,strong,24,02,02
03-01-07-01-01-01-24.wav,0.3491,0.2909,0.4546,disgust,normal,24,01,01
03-01-07-01-01-02-24.wav,0.3821,0.2662,0.4713,disgust,normal,24,02,01
03-01-07-02-01-01-24.wav,0.2866,0.2212,0.3955,disgust,strong,24,01,01
03-01-07-02-01-02-24.wav,0.486,0.2675,0.4963,disgust,strong,24,02,01
03-01-07-01-02-01-24.wav,0.3471,0.2674,0.4105,disgust,normal,24,01,02
03-01-07-01-02-02-24.wav,0.3245,0.2489,0.3888,disgust,normal,24,02,02
03-01-07-02-02-01-24.wav,0.4863,0.3108,0.5182,disgust,strong,24,01,02
03-01-07-02-02-02-24.wav,0.4089,0.2746,0.4092,disgust,strong,24,02,02
03-01-06-01-01-01-24.wav,0.474,0.286,0.4801,fearful,normal,24,01,01
03-01-06-01-01-02-24.wav,0.5875,0.2631,0.5323,fearful,normal,24,02,01
03-01-06-02-01-01-24.wav,0.8049,0.4005,0.7747,fearful,strong,24,01,01
03-01-06-02-01-02-24.wav,0.7019,0.2773,0.6481,fearful,strong,24,02,01
03-01-06-01-02-01-24.wav,0.4639,0.3144,0.4594,fearful,normal,24,01,02
03-01-06-01-02-02-24.wav,0.5722,0.2755,0.5826,fearful,normal,24,02,02
03-01-06-02-02-01-24.wav,0.7343,0.3377,0.6668,fearful,strong,24,01,02
03-01-06-02-02-02-24.wav,0.8028,0.3295,0.7856,fearful,strong,24,02,02
03-01-03-01-01-01-24.wav,0.3537,0.3628,0.433,happy,normal,24,01,01
03-01-03-01-01-02-24.wav,0.333,0.3319,0.4088,happy,normal,24,02,01
03-01-03-02-01-01-24.wav,0.5334,0.4437,0.5585,happy,strong,24,01,01
03-01-03-02-01-02-24.wav,0.5181,0.4225,0.554,happy,strong,24,02,01
03-01-03-01-02-01-24.wav,0.3796,0.3772,0.4253,happy,normal,24,01,02
03-01-03-01-02-02-24.wav,0.3485,0.3779,0.4176,happy,normal,24,02,02
03-01-03-02-02-01-24.wav,0.4964,0.3587,0.5225,happy,strong,24,01,02
03-01-03-02-02-02-24.wav,0.6507,0.395,0.6561,happy,strong,24,02,02
03-01-04-01-01-01-24.wav,0.2046,0.2946,0.3025,sad,normal,24,01,01
03-01-04-01-01-02-24.wav,0.1985,0.2416,0.2901,sad,normal,24,02,01
03-01-04-02-01-01-24.wav,0.4514,0.2893,0.4677,sad,strong,24,01,01
03-01-04-02-01-02-24.wav,0.4097,0.2841,0.4779,sad,strong,24,02,01
03-01-04-01-02-01-24.wav,0.2461,0.3227,0.3255,sad,normal,24,01,02
03-01-04-01-02-02-24.wav,0.2045,0.2423,0.2956,sad,normal,24,02,02
03-01-04-02-02-01-24.wav,0.3616,0.2441,0.3657,sad,strong,24,01,02
03-01-04-02-02-02-24.wav,0.2573,0.2761,0.3242,sad,strong,24,02,02
03-01-08-01-01-01-24.wav,0.4849,0.3999,0.4902,surprised,normal,24,01,01
03-01-08-01-01-02-24.wav,0.6657,0.4351,0.6438,surprised,normal,24,02,01
03-01-08-02-01-01-24.wav,0.6034,0.4025,0.6131,surprised,strong,24,01,01
03-01-08-02-01-02-24.wav,0.6372,0.4459,0.6446,surprised,strong,24,02,01
03-01-08-01-02-01-24.wav,0.497,0.397,0.5288,surprised,normal,24,01,02
03-01-08-01-02-02-24.wav,0.5634,0.4892,0.5741,surprised,normal,24,02,02
03-01-08-02-02-01-24.wav,0.639,0.2851,0.6179,surprised,strong,24,01,02
03-01-08-02-02-02-24.wav,0.6879,0.3601,0.6907,surprised,strong,24,02,02
